payment_id,customer_id,payment_date,amount,payment_method,failure_reason,customer_lifetime_value,previous_payment_count,previous_success_count,previous_failure_count,previous_average_amount,customer_success_rate,amount_vs_customer_average,recent_failure_count,recovered
PAY001253,CUST00001,2026-03-10,1431.39,card,expired_card,321516.27,0,0,0,1431.39,0.0,1.0,0,True
PAY005312,CUST00001,2026-04-08,1712.6,netbanking,insufficient_funds,321516.27,4,3,1,1450.77,0.75,1.1804765745087091,1,False
PAY006036,CUST00001,2026-04-14,1460.9,upi,card_declined,321516.27,5,3,2,1503.136,0.6,0.9719014114491304,1,True
PAY009198,CUST00002,2026-05-24,11783.16,wallet,card_declined,141139.51,9,9,0,14675.710000000001,1.0,0.802902210523375,0,True
PAY009842,CUST00002,2026-06-23,12385.33,wallet,insufficient_funds,141139.51,12,11,1,14322.173333333332,0.9166666666666666,0.8647661016065532,1,True
PAY003251,CUST00003,2026-03-24,18088.53,upi,authentication_failed,369553.25,3,3,0,16528.416666666668,1.0,1.094389763084788,0,True
PAY004885,CUST00003,2026-04-05,16950.35,wallet,expired_card,369553.25,5,4,1,16607.922,0.8,1.0206183530967932,1,True
PAY007552,CUST00003,2026-04-29,8815.05,wallet,authentication_failed,369553.25,8,6,2,17576.62,0.75,0.5015213391425655,1,True
PAY001442,CUST00004,2026-03-11,7056.25,card,expired_card,446628.89,1,1,0,5026.25,1.0,1.4038796319323552,0,False
PAY003110,CUST00004,2026-03-23,7079.48,wallet,card_declined,446628.89,3,2,1,6018.06,0.6666666666666666,1.1763724522520544,1,False
PAY005313,CUST00004,2026-04-08,7118.67,upi,timeout,446628.89,5,3,2,6661.402,0.6,1.068644408489384,2,False
PAY007808,CUST00004,2026-05-02,7013.91,netbanking,timeout,446628.89,8,5,3,7065.205,0.625,0.9927397718820614,1,False
PAY004886,CUST00005,2026-04-05,18956.3,upi,authentication_failed,213851.3,5,5,0,16617.906,1.0,1.1407153223757553,0,True
PAY007103,CUST00005,2026-04-24,14409.88,upi,insufficient_funds,213851.3,8,7,1,16404.372499999998,0.875,0.878417019608644,1,False
PAY006154,CUST00006,2026-04-15,4459.26,netbanking,expired_card,113225.8,4,4,0,4870.639999999999,1.0,0.9155388203603635,0,False
PAY000632,CUST00007,2026-03-06,927.37,card,network_error,18135.3,1,1,0,2010.84,1.0,0.46118537526605796,0,True
PAY002218,CUST00007,2026-03-17,899.17,netbanking,expired_card,18135.3,2,1,1,1469.105,0.5,0.6120529165716542,1,False
PAY002517,CUST00008,2026-03-19,5639.28,netbanking,insufficient_funds,326692.8,2,2,0,6886.785,1.0,0.8188552423227965,0,True
PAY005033,CUST00008,2026-04-06,6227.68,upi,network_error,326692.8,6,5,1,7182.578333333334,0.8333333333333334,0.8670535441428067,1,True
PAY008509,CUST00009,2026-05-11,11309.33,wallet,insufficient_funds,114118.11,9,9,0,13999.485555555557,1.0,0.8078389705907446,0,True
PAY006039,CUST00010,2026-04-14,17374.82,upi,expired_card,405668.08,5,5,0,18414.541999999998,1.0,0.9435379929623013,0,True
PAY006388,CUST00010,2026-04-17,23891.52,card,network_error,405668.08,6,5,1,18241.255,0.8333333333333334,1.309751988007404,1,True
PAY007914,CUST00010,2026-05-03,10538.53,netbanking,expired_card,405668.08,8,6,2,18115.19375,0.75,0.5817508852203142,2,True
PAY008311,CUST00010,2026-05-08,21059.48,netbanking,timeout,405668.08,9,6,3,17273.34222222222,0.6666666666666666,1.2191896466282535,3,True
PAY000633,CUST00012,2026-03-06,10152.03,wallet,insufficient_funds,173424.01,0,0,0,10152.03,0.0,1.0,0,False
PAY002813,CUST00012,2026-03-21,8751.58,netbanking,expired_card,173424.01,3,2,1,10504.646666666667,0.6666666666666666,0.8331151230217484,1,True
PAY003829,CUST00012,2026-03-28,5129.16,wallet,insufficient_funds,173424.01,4,2,2,10066.380000000001,0.5,0.5095337151985122,2,True
PAY007293,CUST00012,2026-04-26,8879.95,upi,authentication_failed,173424.01,8,5,3,9227.95625,0.625,0.9622878305258546,1,False
PAY008063,CUST00012,2026-05-05,10599.38,netbanking,network_error,173424.01,9,5,4,9189.28888888889,0.5555555555555556,1.1534494266271358,1,False
PAY008779,CUST00012,2026-05-15,5269.23,wallet,authentication_failed,173424.01,10,5,5,9330.297999999999,0.5,0.5647440199659218,2,False
PAY009652,CUST00012,2026-06-08,8792.69,card,authentication_failed,173424.01,12,6,6,8910.044166666667,0.5,0.9868290028117145,1,False
PAY009779,CUST00012,2026-06-15,11702.74,wallet,insufficient_funds,173424.01,13,6,7,8901.016923076922,0.46153846153846156,1.3147643804225655,1,False
PAY002519,CUST00013,2026-03-19,14900.33,upi,timeout,478820.47,1,1,0,19301.44,1.0,0.7719802253096143,0,True
PAY006389,CUST00013,2026-04-17,18584.49,wallet,authentication_failed,478820.47,5,4,1,21586.972,0.8,0.860912313222994,1,False
PAY004888,CUST00014,2026-04-05,5122.74,netbanking,insufficient_funds,50909.19,4,4,0,3495.62,1.0,1.4654739359541369,0,True
PAY007294,CUST00014,2026-04-26,4419.79,wallet,authentication_failed,50909.19,9,8,1,3834.9266666666663,0.8888888888888888,1.1525096525096525,1,True
PAY007991,CUST00014,2026-05-04,4163.25,card,authentication_failed,50909.19,10,8,2,3893.4129999999996,0.8,1.069306030467356,2,False
PAY002220,CUST00015,2026-03-17,23746.54,wallet,insufficient_funds,424509.71,4,4,0,21107.4075,1.0,1.125033474622594,0,True
PAY003681,CUST00015,2026-03-27,17765.85,wallet,insufficient_funds,424509.71,5,4,1,21635.234,0.8,0.8211535867834847,1,True
PAY007197,CUST00015,2026-04-25,21780.64,netbanking,expired_card,424509.71,9,7,2,20377.07222222222,0.7777777777777778,1.0688797567418502,1,False
PAY008228,CUST00015,2026-05-07,18480.71,card,expired_card,424509.71,10,7,3,20517.428999999996,0.7,0.9007322506148311,1,True
PAY002965,CUST00016,2026-03-22,15867.09,upi,card_declined,404528.5,3,3,0,11078.1,1.0,1.432293443821594,0,False
PAY004117,CUST00016,2026-03-30,6931.11,netbanking,timeout,404528.5,4,3,1,12275.3475,0.75,0.5646365612052937,1,False
PAY001256,CUST00017,2026-03-10,13434.63,wallet,card_declined,270432.91,0,0,0,13434.63,0.0,1.0,0,True
PAY009248,CUST00017,2026-05-25,15330.61,card,expired_card,270432.91,12,11,1,14339.14,0.9166666666666666,1.0691443140941508,0,True
PAY003254,CUST00018,2026-03-24,27990.7,wallet,card_declined,192374.52,3,3,0,25500.833333333332,1.0,1.097638639260155,0,False
PAY004495,CUST00018,2026-04-02,25883.83,upi,card_declined,192374.52,4,3,1,26123.3,0.75,0.9908330877033148,1,False
PAY006486,CUST00018,2026-04-18,26460.17,wallet,authentication_failed,192374.52,6,4,2,26341.58666666667,0.6666666666666666,1.004501753627597,2,True
PAY007554,CUST00018,2026-04-29,26278.15,card,insufficient_funds,192374.52,8,5,3,26965.3075,0.625,0.9745169788996474,2,False
PAY003405,CUST00019,2026-03-25,3254.18,netbanking,insufficient_funds,415555.31,2,2,0,2370.095,1.0,1.3730166934236814,0,True
PAY003682,CUST00019,2026-03-27,2749.83,upi,network_error,415555.31,3,2,1,2664.7899999999995,0.6666666666666666,1.031912458392594,1,True
PAY004118,CUST00019,2026-03-30,2912.38,wallet,timeout,415555.31,4,2,2,2686.0499999999997,0.5,1.084261275851157,2,True
PAY006155,CUST00019,2026-04-15,1728.84,netbanking,authentication_failed,415555.31,6,3,3,2652.308333333333,0.5,0.6518246684491811,3,True
PAY007916,CUST00019,2026-05-03,1312.76,card,insufficient_funds,415555.31,8,4,4,2565.59625,0.5,0.5116783281858944,1,False
PAY002370,CUST00020,2026-03-18,2947.87,wallet,network_error,431544.92,1,1,0,2602.05,1.0,1.1329029034799485,0,False
PAY004890,CUST00020,2026-04-05,1742.83,upi,network_error,431544.92,3,2,1,2794.693333333333,0.6666666666666666,0.6236211963626301,1,True
PAY005315,CUST00020,2026-04-08,2001.16,netbanking,expired_card,431544.92,4,2,2,2531.7275,0.5,0.7904326196243474,2,False
PAY007198,CUST00020,2026-04-25,2816.22,card,card_declined,431544.92,7,4,3,2521.7000000000003,0.5714285714285714,1.1167942261173016,2,False
PAY001671,CUST00021,2026-03-13,10618.82,card,expired_card,353763.06,1,1,0,7741.51,1.0,1.3716729681935436,0,True
PAY002520,CUST00021,2026-03-19,5699.61,card,authentication_failed,353763.06,2,1,1,9180.165,0.5,0.6208613897462626,1,False
PAY005450,CUST00021,2026-04-09,8715.77,netbanking,authentication_failed,353763.06,4,2,2,8141.599999999999,0.5,1.0705229930234845,2,True
PAY000002,CUST00022,2026-02-28,15370.85,netbanking,insufficient_funds,117809.65,0,0,0,15370.85,0.0,1.0,0,False
PAY000402,CUST00022,2026-03-04,14041.49,netbanking,network_error,117809.65,1,0,1,15370.85,0.0,0.9135142168455225,1,False
PAY001443,CUST00022,2026-03-11,13253.06,netbanking,insufficient_funds,117809.65,2,0,2,14706.17,0.0,0.9011904527147448,2,True
PAY002371,CUST00022,2026-03-18,15588.15,card,card_declined,117809.65,4,1,3,12939.1425,0.25,1.20472821131694,3,False
PAY005565,CUST00022,2026-04-10,11809.62,card,insufficient_funds,117809.65,7,3,4,12481.852857142858,0.42857142857142855,0.9461431836413481,2,False
PAY006592,CUST00022,2026-04-19,13379.24,wallet,network_error,117809.65,9,4,5,11902.387777777778,0.4444444444444444,1.1240803315935952,1,False
PAY008393,CUST00022,2026-05-09,10808.76,upi,network_error,117809.65,12,6,6,12093.293333333333,0.5,0.8937813465755675,2,True
PAY009344,CUST00022,2026-05-28,12249.26,card,expired_card,117809.65,14,7,7,11987.622857142856,0.5,1.02182560679253,1,True
PAY001965,CUST00023,2026-03-15,11188.49,wallet,authentication_failed,44497.03,1,1,0,12660.34,1.0,0.8837432486015383,0,True
PAY003111,CUST00023,2026-03-23,13574.92,upi,insufficient_funds,44497.03,2,1,1,11924.415,0.5,1.1384139179993316,1,True
PAY004119,CUST00023,2026-03-30,10243.58,wallet,authentication_failed,44497.03,4,2,2,11725.8625,0.5,0.8735886166156221,2,True
PAY006256,CUST00023,2026-04-16,10414.1,netbanking,expired_card,44497.03,6,3,3,11413.371666666666,0.5,0.9124472858809032,2,True
PAY006488,CUST00023,2026-04-18,15084.46,card,card_declined,44497.03,7,3,4,11270.618571428571,0.42857142857142855,1.3383879424541663,3,False
PAY006799,CUST00023,2026-04-21,9208.28,netbanking,insufficient_funds,44497.03,8,3,5,11747.348750000001,0.375,0.7838602731531231,4,False
PAY007555,CUST00023,2026-04-29,12089.55,netbanking,authentication_failed,44497.03,9,3,6,11465.230000000001,0.3333333333333333,1.05445333412413,4,True
PAY001966,CUST00024,2026-03-15,2180.99,wallet,authentication_failed,54995.71,2,2,0,2370.175,1.0,0.920180999293301,0,True
PAY003684,CUST00024,2026-03-27,3277.96,wallet,expired_card,54995.71,3,2,1,2307.1133333333332,0.6666666666666666,1.4208057977212505,1,False
PAY007199,CUST00024,2026-04-25,2306.82,netbanking,authentication_failed,54995.71,7,5,2,2613.557142857143,0.7142857142857143,0.8826361444992867,1,False
PAY008583,CUST00024,2026-05-12,2364.94,wallet,authentication_failed,54995.71,9,6,3,2429.6188888888887,0.6666666666666666,0.9733789981693518,1,True
PAY009345,CUST00024,2026-05-28,2254.33,card,authentication_failed,54995.71,11,7,4,2444.71,0.6363636363636364,0.9221257327044925,1,True
PAY009476,CUST00024,2026-06-01,2350.19,wallet,timeout,54995.71,12,7,5,2428.845,0.5833333333333334,0.9676162949879471,2,False
PAY009754,CUST00024,2026-06-13,2133.14,netbanking,expired_card,54995.71,13,7,6,2422.7946153846156,0.5384615384615384,0.8804460710184329,2,False
PAY001257,CUST00025,2026-03-10,11271.01,card,network_error,319663.8,0,0,0,11271.01,0.0,1.0,0,True
PAY004386,CUST00025,2026-04-01,7140.5,wallet,authentication_failed,319663.8,3,2,1,11666.93,0.6666666666666666,0.6120290427730345,1,False
PAY006156,CUST00025,2026-04-15,9181.82,upi,timeout,319663.8,6,4,2,10376.451666666666,0.6666666666666666,0.8848708879448354,1,True
PAY007106,CUST00025,2026-04-24,9229.43,wallet,expired_card,319663.8,8,5,3,10548.25125,0.625,0.8749725221040787,2,False
PAY000522,CUST00026,2026-03-05,14821.46,card,insufficient_funds,188239.58,0,0,0,14821.46,0.0,1.0,0,True
PAY001444,CUST00026,2026-03-11,12494.53,upi,expired_card,188239.58,2,1,1,13998.035,0.5,0.8925917101936094,1,True
PAY001674,CUST00026,2026-03-13,13997.03,upi,expired_card,188239.58,3,1,2,13496.866666666667,0.3333333333333333,1.0370577368574434,2,True
PAY002521,CUST00026,2026-03-19,14813.37,wallet,timeout,188239.58,4,1,3,13621.907500000001,0.25,1.0874666415111098,3,False
PAY000638,CUST00028,2026-03-06,6251.94,wallet,timeout,325777.52,2,2,0,8410.43,1.0,0.7433555715938424,0,True
PAY006391,CUST00028,2026-04-17,6061.61,card,expired_card,325777.52,7,6,1,8417.278571428571,0.8571428571428571,0.7201389319079207,0,True
PAY001830,CUST00029,2026-03-14,5476.3,wallet,insufficient_funds,89713.63,1,1,0,7272.44,1.0,0.753020994329276,0,True
PAY006915,CUST00029,2026-04-22,7666.4,upi,expired_card,89713.63,6,5,1,6559.855,0.8333333333333334,1.1686843687855906,0,True
PAY000640,CUST00030,2026-03-06,1554.11,wallet,timeout,85884.23,1,1,0,2135.83,1.0,0.7276374992391716,0,True
PAY003255,CUST00030,2026-03-24,1709.88,netbanking,timeout,85884.23,4,3,1,1891.855,0.75,0.9038113386068172,1,True
PAY005452,CUST00030,2026-04-09,1634.56,wallet,network_error,85884.23,7,5,2,1597.2528571428572,0.7142857142857143,1.0233570675364934,1,False
PAY002097,CUST00031,2026-03-16,6022.96,card,timeout,494814.06,2,2,0,5209.4,1.0,1.1561715360694131,0,True
PAY003113,CUST00031,2026-03-23,6701.5,upi,timeout,494814.06,3,2,1,5480.586666666666,0.6666666666666666,1.2227705549770829,1,True
PAY006157,CUST00031,2026-04-15,4812.14,card,expired_card,494814.06,6,4,2,5790.84,0.6666666666666666,0.8309917041396413,2,True
PAY008832,CUST00031,2026-05-16,7858.47,wallet,card_declined,494814.06,9,6,3,5857.911111111111,0.6666666666666666,1.3415140398928707,0,True
PAY001085,CUST00033,2026-03-09,8136.79,netbanking,network_error,422211.7,0,0,0,8136.79,0.0,1.0,0,True
PAY003536,CUST00033,2026-03-26,8018.45,upi,timeout,422211.7,3,2,1,8757.716666666665,0.6666666666666666,0.9155868253330873,1,True
PAY000524,CUST00034,2026-03-05,9634.71,upi,timeout,118378.8,0,0,0,9634.71,0.0,1.0,0,True
PAY004632,CUST00034,2026-04-03,5286.65,upi,expired_card,118378.8,4,3,1,8349.555,0.75,0.6331654800764831,1,False
PAY006392,CUST00034,2026-04-17,10223.67,wallet,timeout,118378.8,6,4,2,7489.688333333333,0.6666666666666666,1.3650327683862236,1,True
PAY001572,CUST00035,2026-03-12,21127.73,card,network_error,161149.26,1,1,0,17872.76,1.0,1.182119045967159,0,True
PAY003256,CUST00035,2026-03-24,7950.34,card,timeout,161149.26,2,1,1,19500.245,0.5,0.4077046211470677,1,False
PAY004633,CUST00035,2026-04-03,16440.66,netbanking,timeout,161149.26,3,1,2,15650.276666666667,0.3333333333333333,1.0505028345611782,2,False
PAY004891,CUST00035,2026-04-05,18946.53,card,expired_card,161149.26,4,1,3,15847.8725,0.25,1.1955251406774001,3,False
PAY006041,CUST00035,2026-04-14,13300.45,netbanking,timeout,161149.26,5,1,4,16467.604,0.2,0.8076736603576331,3,False
PAY006593,CUST00035,2026-04-19,11710.08,netbanking,card_declined,161149.26,6,1,5,15939.745,0.16666666666666666,0.7346466333056143,4,False
PAY009318,CUST00035,2026-05-27,17495.47,upi,authentication_failed,161149.26,11,5,6,15650.164545454545,0.45454545454545453,1.1179096519519605,0,True
PAY009599,CUST00035,2026-06-05,24150.02,card,network_error,161149.26,12,5,7,15803.94,0.4166666666666667,1.5281012203286015,1,False
PAY004238,CUST00036,2026-03-31,14103.91,wallet,timeout,109436.51,4,4,0,16555.475,1.0,0.8519181720850656,0,True
PAY007467,CUST00036,2026-04-28,18255.12,card,authentication_failed,109436.51,8,7,1,14721.485,0.875,1.240032510307214,1,True
PAY000906,CUST00037,2026-03-08,8096.74,upi,expired_card,438801.98,0,0,0,8096.74,0.0,1.0,0,False
PAY008584,CUST00037,2026-05-12,7440.04,netbanking,expired_card,438801.98,9,8,1,7487.071111111111,0.8888888888888888,0.9937183565625127,0,True
PAY001831,CUST00038,2026-03-14,9246.65,netbanking,authentication_failed,329442.14,1,1,0,9733.54,1.0,0.9499781169029972,0,True
PAY003689,CUST00038,2026-03-27,13175.57,netbanking,network_error,329442.14,3,2,1,10038.74,0.6666666666666666,1.3124724816062574,1,True
PAY005181,CUST00038,2026-04-07,8486.35,card,network_error,329442.14,4,2,2,10822.9475,0.5,0.7841071020625389,2,False
PAY008647,CUST00038,2026-05-13,10311.54,netbanking,expired_card,329442.14,7,4,3,10846.295714285716,0.5714285714285714,0.9506969265477996,0,True
PAY002223,CUST00039,2026-03-17,6355.45,netbanking,authentication_failed,457701.06,4,4,0,6420.7275,1.0,0.9898333171747282,0,False
PAY005040,CUST00039,2026-04-06,5174.02,wallet,timeout,457701.06,6,5,1,6086.951666666667,0.8333333333333334,0.850018249419318,1,True
PAY000525,CUST00040,2026-03-05,5898.87,wallet,timeout,136115.68,0,0,0,5898.87,0.0,1.0,0,True
PAY001680,CUST00040,2026-03-13,7367.37,upi,expired_card,136115.68,1,0,1,5898.87,0.0,1.248945984569926,1,True
PAY007468,CUST00040,2026-04-28,7325.11,upi,authentication_failed,136115.68,6,4,2,6686.348333333332,0.6666666666666666,1.0955322150182125,0,True
PAY008067,CUST00040,2026-05-05,5229.79,upi,card_declined,136115.68,7,4,3,6777.599999999999,0.5714285714285714,0.7716286000944288,1,False
PAY008232,CUST00040,2026-05-07,7693.28,upi,timeout,136115.68,8,4,4,6584.12375,0.5,1.1684592046132183,2,True
PAY005697,CUST00041,2026-04-11,14931.13,card,card_declined,282877.23,7,7,0,17233.154285714285,1.0,0.8664188663579373,0,True
PAY007639,CUST00041,2026-04-30,23839.29,card,expired_card,282877.23,9,8,1,17284.32,0.8888888888888888,1.3792437307339833,1,True
PAY008233,CUST00041,2026-05-07,21730.23,upi,insufficient_funds,282877.23,10,8,2,17939.817,0.8,1.2112849311673581,2,True
PAY004239,CUST00043,2026-03-31,16208.52,netbanking,network_error,202703.25,4,4,0,11459.475,1.0,1.4144208177076174,0,True
PAY004769,CUST00043,2026-04-04,12628.71,upi,authentication_failed,202703.25,5,4,1,12409.284,0.8,1.0176824061726688,1,True
PAY006802,CUST00043,2026-04-21,17594.73,card,expired_card,202703.25,7,5,2,12631.56,0.7142857142857143,1.3929182143773216,2,False
PAY009075,CUST00043,2026-05-21,16916.24,upi,expired_card,202703.25,11,8,3,14376.747272727273,0.7272727272727273,1.1766388932836118,1,True
PAY001261,CUST00044,2026-03-10,903.47,upi,timeout,498781.12,0,0,0,903.47,0.0,1.0,0,True
PAY002374,CUST00044,2026-03-18,753.37,wallet,authentication_failed,498781.12,1,0,1,903.47,0.0,0.8338627735287281,1,False
PAY005319,CUST00044,2026-04-08,802.85,netbanking,authentication_failed,498781.12,4,2,2,907.8375000000001,0.5,0.884354303495945,2,True
PAY007918,CUST00044,2026-05-03,905.67,card,network_error,498781.12,7,4,3,1036.5357142857142,0.5714285714285714,0.8737470282189987,1,True
PAY009285,CUST00044,2026-05-26,550.23,card,timeout,498781.12,11,7,4,1028.7618181818182,0.6363636363636364,0.5348468326443616,1,False
PAY009677,CUST00044,2026-06-09,1102.91,wallet,timeout,498781.12,14,9,5,1007.1957142857143,0.6428571428571429,1.0950304735779826,1,False
PAY000108,CUST00045,2026-03-01,997.94,upi,authentication_failed,50000.16,0,0,0,997.94,0.0,1.0,0,False
PAY001969,CUST00045,2026-03-15,1160.43,upi,insufficient_funds,50000.16,2,1,1,902.9200000000001,0.5,1.2851969166703583,1,True
PAY002968,CUST00045,2026-03-22,771.47,wallet,network_error,50000.16,3,1,2,988.7566666666667,0.3333333333333333,0.7802425268097645,2,False
PAY005813,CUST00045,2026-04-12,859.34,wallet,timeout,50000.16,6,3,3,867.6633333333333,0.5,0.9904071855827338,2,True
PAY006803,CUST00045,2026-04-21,902.87,card,card_declined,50000.16,8,4,4,847.86,0.5,1.0648809945038096,2,True
PAY007919,CUST00045,2026-05-03,829.28,netbanking,timeout,50000.16,9,4,5,853.9722222222222,0.4444444444444444,0.9710854503464204,2,False
PAY009112,CUST00045,2026-05-22,820.78,card,network_error,50000.16,11,5,6,873.1672727272727,0.45454545454545453,0.9400031650709434,1,False
PAY009536,CUST00045,2026-06-03,815.19,card,expired_card,50000.16,12,5,7,868.8016666666666,0.4166666666666667,0.9382923989172828,1,False
PAY006159,CUST00046,2026-04-15,1034.17,card,authentication_failed,59276.32,5,5,0,1161.6799999999998,1.0,0.8902365539563393,0,False
PAY008835,CUST00046,2026-05-16,922.27,upi,expired_card,59276.32,9,8,1,1076.861111111111,0.8888888888888888,0.8564428508783244,0,True
PAY009854,CUST00046,2026-06-25,1146.52,netbanking,expired_card,59276.32,13,11,2,1105.7376923076922,0.8461538461538461,1.0368824432557728,0,False
PAY001832,CUST00047,2026-03-14,13562.87,card,network_error,397079.29,1,1,0,13320.41,1.0,1.018202142426547,0,False
PAY002818,CUST00047,2026-03-21,16901.57,wallet,authentication_failed,397079.29,2,1,1,13441.64,0.5,1.2574038584577478,1,False
PAY001087,CUST00048,2026-03-09,9011.93,wallet,network_error,36446.21,1,1,0,7088.44,1.0,1.271355897771583,0,True
PAY005321,CUST00048,2026-04-08,7812.04,card,card_declined,36446.21,5,4,1,9229.08,0.8,0.8464592353734066,1,True
PAY000222,CUST00049,2026-03-02,13935.45,wallet,expired_card,498080.08,0,0,0,13935.45,0.0,1.0,0,False
PAY002819,CUST00049,2026-03-21,11923.17,netbanking,network_error,498080.08,2,1,1,13389.315,0.5,0.8904988791435559,1,True
PAY004499,CUST00049,2026-04-02,14368.39,upi,insufficient_funds,498080.08,4,2,2,13185.7,0.5,1.0896948967442,1,False
PAY007003,CUST00049,2026-04-23,12005.5,wallet,authentication_failed,498080.08,6,3,3,12116.720000000001,0.5,0.9908209482434189,1,False
PAY009502,CUST00049,2026-06-02,10860.46,wallet,insufficient_funds,498080.08,11,7,4,11302.684545454546,0.6363636363636364,0.9608743795621201,0,True
PAY000225,CUST00052,2026-03-02,14322.93,card,network_error,342446.63,0,0,0,14322.93,0.0,1.0,0,True
PAY002376,CUST00052,2026-03-18,14505.5,wallet,authentication_failed,342446.63,3,2,1,12712.17,0.6666666666666666,1.1410719019648101,1,False
PAY004242,CUST00052,2026-03-31,14879.1,wallet,network_error,342446.63,6,4,2,13756.07,0.6666666666666666,1.0816388692409968,2,True
PAY007725,CUST00052,2026-05-01,13609.78,card,network_error,342446.63,11,8,3,13025.183636363636,0.7272727272727273,1.044882005502348,0,True
PAY002377,CUST00053,2026-03-18,21796.88,upi,expired_card,137078.47,1,1,0,19821.65,1.0,1.0996501300345833,0,True
PAY009319,CUST00053,2026-05-27,16350.29,upi,authentication_failed,137078.47,10,9,1,13783.632000000001,0.9,1.1862105720756329,0,True
PAY006261,CUST00054,2026-04-16,17848.9,card,authentication_failed,60218.33,6,6,0,15654.651666666667,1.0,1.1401658995712778,0,False
PAY008453,CUST00054,2026-05-10,13487.57,upi,timeout,60218.33,10,9,1,17063.121,0.9,0.7904515240793287,1,True
PAY008650,CUST00054,2026-05-13,15251.86,upi,network_error,60218.33,11,9,2,16738.070909090908,0.8181818181818182,0.9112077540379098,2,True
PAY000003,CUST00056,2026-02-28,13080.11,wallet,authentication_failed,438547.21,0,0,0,13080.11,0.0,1.0,0,True
PAY001448,CUST00056,2026-03-11,14482.92,card,timeout,438547.21,1,0,1,13080.11,0.0,1.107247569018915,1,True
PAY003837,CUST00056,2026-03-28,12548.39,upi,card_declined,438547.21,3,1,2,13696.726666666667,0.3333333333333333,0.9161597734543873,2,True
PAY007111,CUST00056,2026-04-24,13572.68,wallet,card_declined,438547.21,6,3,3,12629.87,0.5,1.0746492244179868,1,False
PAY007469,CUST00056,2026-04-28,8217.41,upi,expired_card,438547.21,7,3,4,12764.557142857142,0.42857142857142855,0.64376773185573,1,False
PAY002821,CUST00057,2026-03-21,8303.56,card,timeout,252790.13,2,2,0,10215.89,1.0,0.8128082819999041,0,True
PAY005044,CUST00057,2026-04-06,10912.28,card,authentication_failed,252790.13,4,3,1,9174.6525,0.75,1.1893943667076219,1,True
PAY006493,CUST00057,2026-04-18,9036.33,upi,authentication_failed,252790.13,5,3,2,9522.178,0.6,0.9489772192874362,2,True
PAY007202,CUST00057,2026-04-25,10410.32,wallet,timeout,252790.13,7,4,3,9083.351428571428,0.5714285714285714,1.146087992065861,2,False
PAY008068,CUST00057,2026-05-05,7871.7,netbanking,timeout,252790.13,9,5,4,9283.566666666668,0.5555555555555556,0.8479176465941609,3,False
PAY006707,CUST00059,2026-04-20,7664.13,netbanking,timeout,152730.17,5,5,0,7681.544,1.0,0.9977330078432148,0,True
PAY008454,CUST00059,2026-05-10,7016.08,wallet,network_error,152730.17,8,7,1,7719.62875,0.875,0.9088623594755123,1,True
PAY009251,CUST00059,2026-05-25,11314.75,card,card_declined,152730.17,10,8,2,7558.263000000001,0.8,1.4970040074022297,1,False
PAY001449,CUST00060,2026-03-11,17894.31,upi,expired_card,306440.25,1,1,0,17530.17,1.0,1.020772188746601,0,True
PAY002674,CUST00060,2026-03-20,15143.86,card,timeout,306440.25,2,1,1,17712.239999999998,0.5,0.8549940606044183,1,False
PAY003979,CUST00060,2026-03-29,13883.12,upi,card_declined,306440.25,3,1,2,16856.11333333333,0.3333333333333333,0.823625216884715,2,False
PAY006262,CUST00060,2026-04-16,19474.01,netbanking,authentication_failed,306440.25,5,2,3,16232.494,0.4,1.199693035463312,2,True
PAY006808,CUST00060,2026-04-21,16029.11,wallet,network_error,306440.25,7,3,4,16458.01714285714,0.42857142857142855,0.9739393185014825,2,False
PAY008587,CUST00060,2026-05-12,10051.38,upi,card_declined,306440.25,9,4,5,16225.853333333333,0.4444444444444444,0.6194669576700229,2,False
PAY009443,CUST00060,2026-05-31,12671.52,card,authentication_failed,306440.25,11,5,6,15045.415454545455,0.45454545454545453,0.8422180190558803,1,True
PAY009538,CUST00060,2026-06-03,13669.96,card,network_error,306440.25,12,5,7,14847.590833333334,0.4166666666666667,0.9206853928995999,2,False
PAY007472,CUST00061,2026-04-28,18797.66,upi,authentication_failed,382442.85,8,8,0,20875.4525,1.0,0.9004671874777326,0,True
PAY008316,CUST00061,2026-05-08,27054.39,upi,authentication_failed,382442.85,9,8,1,20644.586666666666,0.8888888888888888,1.3104834907488259,1,True
PAY009157,CUST00061,2026-05-23,15213.25,card,authentication_failed,382442.85,11,9,2,21279.300909090907,0.8181818181818182,0.7149318516145716,2,False
PAY000527,CUST00062,2026-03-05,15731.7,wallet,network_error,390420.11,0,0,0,15731.7,0.0,1.0,0,True
PAY002226,CUST00062,2026-03-17,13418.97,netbanking,expired_card,390420.11,1,0,1,15731.7,0.0,0.8529891874368313,1,False
PAY002527,CUST00062,2026-03-19,18220.71,card,expired_card,390420.11,2,0,2,14575.335,0.0,1.2501057437101788,2,False
PAY006044,CUST00062,2026-04-14,17447.39,upi,card_declined,390420.11,6,3,3,15898.97,0.5,1.097391214651012,2,False
PAY006263,CUST00062,2026-04-16,4454.19,card,insufficient_funds,390420.11,7,3,4,16120.172857142856,0.42857142857142855,0.2763115531994029,3,False
PAY007004,CUST00062,2026-04-23,8732.52,netbanking,authentication_failed,390420.11,9,4,5,14207.737777777778,0.4444444444444444,0.6146312760401922,2,False
PAY000645,CUST00063,2026-03-06,13818.73,netbanking,card_declined,5283.09,0,0,0,13818.73,0.0,1.0,0,True
PAY001971,CUST00063,2026-03-15,14060.01,card,authentication_failed,5283.09,2,1,1,14121.22,0.5,0.9956653886845471,1,True
PAY004501,CUST00063,2026-04-02,12290.29,netbanking,network_error,5283.09,4,2,2,14436.88,0.5,0.8513120563445843,2,False
PAY001835,CUST00066,2026-03-14,8574.75,wallet,expired_card,157219.49,1,1,0,8699.62,1.0,0.985646499502277,0,True
PAY004897,CUST00066,2026-04-05,3123.31,wallet,card_declined,157219.49,3,2,1,8022.713333333333,0.6666666666666666,0.3893084384584766,1,False
PAY006265,CUST00066,2026-04-16,3750.48,upi,timeout,157219.49,5,3,2,6168.39,0.6,0.6080160301148273,1,False
PAY006495,CUST00066,2026-04-18,4030.84,card,expired_card,157219.49,6,3,3,5765.405,0.5,0.6991425580683405,2,False
PAY001452,CUST00068,2026-03-11,561.82,card,expired_card,47398.46,1,1,0,623.9,1.0,0.9004968744991185,0,True
PAY003117,CUST00068,2026-03-23,833.51,wallet,insufficient_funds,47398.46,3,2,1,641.35,0.6666666666666666,1.2996179932953924,1,True
PAY007386,CUST00068,2026-04-27,695.72,card,card_declined,47398.46,8,6,2,702.13875,0.75,0.990858288336885,0,False
PAY008235,CUST00068,2026-05-07,710.93,card,expired_card,47398.46,9,6,3,701.4255555555555,0.6666666666666666,1.013550182723121,1,False
PAY000111,CUST00070,2026-03-01,3426.46,card,card_declined,384088.04,0,0,0,3426.46,0.0,1.0,0,False
PAY003696,CUST00070,2026-03-27,4126.57,wallet,timeout,384088.04,4,3,1,3794.0825000000004,0.75,1.0876331761367866,1,True
PAY004638,CUST00070,2026-04-03,4162.64,upi,expired_card,384088.04,5,3,2,3860.5800000000004,0.6,1.0782421294209679,1,True
PAY005456,CUST00071,2026-04-09,3825.72,netbanking,authentication_failed,240264.78,6,6,0,3170.765,1.0,1.206560561883331,0,False
PAY001266,CUST00073,2026-03-10,3533.59,card,insufficient_funds,214453.28,0,0,0,3533.59,0.0,1.0,0,False
PAY003540,CUST00073,2026-03-26,2666.88,netbanking,authentication_failed,214453.28,3,2,1,3668.9833333333336,0.6666666666666666,0.7268716583613081,1,False
PAY005045,CUST00073,2026-04-06,3959.54,upi,authentication_failed,214453.28,5,3,2,3333.468,0.6,1.1878140123139025,2,False
PAY006709,CUST00073,2026-04-20,2988.92,wallet,expired_card,214453.28,7,4,3,3188.384285714286,0.5714285714285714,0.9374403246785541,2,False
PAY003697,CUST00074,2026-03-27,22286.4,upi,expired_card,271951.56,4,4,0,18558.245,1.0,1.2008894159981185,0,True
PAY007387,CUST00074,2026-04-27,19132.23,card,card_declined,271951.56,8,7,1,20680.41875,0.875,0.9251374564163504,0,True
PAY009408,CUST00074,2026-05-30,20545.73,card,timeout,271951.56,12,10,2,19074.906666666666,0.8333333333333334,1.0771077604224188,0,True
PAY001455,CUST00075,2026-03-11,18266.41,upi,insufficient_funds,104569.78,1,1,0,16682.78,1.0,1.0949260255185287,0,True
PAY002971,CUST00075,2026-03-22,17078.59,netbanking,card_declined,104569.78,4,3,1,16930.135,0.75,1.008768683770094,1,True
PAY000910,CUST00076,2026-03-08,19366.61,wallet,authentication_failed,497598.93,1,1,0,17114.61,1.0,1.131583483351359,0,False
PAY002972,CUST00077,2026-03-22,17318.33,netbanking,timeout,221859.54,2,2,0,15952.535,1.0,1.0856161732288945,0,True
PAY003412,CUST00077,2026-03-25,16134.64,wallet,timeout,221859.54,3,2,1,16407.8,0.6666666666666666,0.9833518204756274,1,False
PAY000311,CUST00078,2026-03-03,9619.92,card,authentication_failed,64897.08,0,0,0,9619.92,0.0,1.0,0,False
PAY008930,CUST00078,2026-05-18,12219.86,netbanking,card_declined,64897.08,8,7,1,11297.7475,0.875,1.0816191457633482,0,False
PAY009409,CUST00078,2026-05-30,10409.9,netbanking,expired_card,64897.08,9,7,2,11400.204444444444,0.7777777777777778,0.913132746937092,1,False
PAY009794,CUST00078,2026-06-16,9602.53,netbanking,insufficient_funds,64897.08,12,9,3,11676.796666666667,0.75,0.8223599565976857,2,False
PAY000008,CUST00079,2026-02-28,13472.59,wallet,network_error,172352.35,0,0,0,13472.59,0.0,1.0,0,True
PAY000911,CUST00079,2026-03-08,5311.59,upi,timeout,172352.35,2,1,1,13704.055,0.5,0.38759257752541126,1,True
PAY006600,CUST00079,2026-04-19,11093.56,wallet,insufficient_funds,172352.35,7,5,2,9877.281428571428,0.7142857142857143,1.123139001376463,0,False
PAY004391,CUST00080,2026-04-01,5069.58,upi,expired_card,118906.79,3,3,0,12085.550000000001,1.0,0.4194744964027288,0,False
PAY000410,CUST00081,2026-03-04,14542.45,wallet,network_error,40141.58,1,1,0,15088.9,1.0,0.9637846363883386,0,True
PAY003265,CUST00081,2026-03-24,17389.77,wallet,network_error,40141.58,4,3,1,16870.4275,0.75,1.0307841932280613,1,True
PAY005185,CUST00082,2026-04-07,19936.5,netbanking,card_declined,118326.18,6,6,0,20279.765,1.0,0.9830735218085614,0,True
PAY003266,CUST00083,2026-03-24,2779.51,card,expired_card,430519.52,2,2,0,2940.1800000000003,1.0,0.9453536858287588,0,True
PAY004503,CUST00083,2026-04-02,4497.18,netbanking,timeout,430519.52,3,2,1,2886.6233333333334,0.6666666666666666,1.5579379367126758,1,True
PAY005705,CUST00083,2026-04-11,2382.29,netbanking,timeout,430519.52,4,2,2,3289.2625000000003,0.5,0.7242626576626219,2,True
PAY007645,CUST00083,2026-04-30,2169.54,netbanking,expired_card,430519.52,7,4,3,3290.5099999999998,0.5714285714285714,0.6593324439068716,2,True
PAY008398,CUST00083,2026-05-09,3648.31,card,network_error,430519.52,8,4,4,3150.38875,0.5,1.1580507326278384,2,True
PAY007997,CUST00084,2026-05-04,14164.94,upi,expired_card,122812.29,10,10,0,15682.872,1.0,0.9032108404634049,0,True
PAY000775,CUST00085,2026-03-07,11472.88,wallet,insufficient_funds,111047.22,0,0,0,11472.88,0.0,1.0,0,False
PAY002974,CUST00085,2026-03-22,8178.93,wallet,expired_card,111047.22,2,1,1,13004.244999999999,0.5,0.6289430874302969,1,False
PAY003541,CUST00085,2026-03-26,9815.13,wallet,insufficient_funds,111047.22,3,1,2,11395.806666666665,0.3333333333333333,0.8612931306310918,2,False
PAY004506,CUST00087,2026-04-02,12116.28,card,authentication_failed,238972.16,4,4,0,15988.039999999999,1.0,0.7578339809007234,0,False
PAY005817,CUST00087,2026-04-12,18521.81,wallet,network_error,238972.16,6,5,1,14533.015,0.8333333333333334,1.274464383336837,1,True
PAY002533,CUST00088,2026-03-19,3350.22,card,timeout,404711.01,3,3,0,5650.103333333333,1.0,0.5929484475505168,0,True
PAY002824,CUST00088,2026-03-21,5639.62,netbanking,card_declined,404711.01,4,3,1,5075.1325,0.75,1.1112261601051796,1,False
PAY003981,CUST00088,2026-03-29,4692.47,netbanking,authentication_failed,404711.01,5,3,2,5188.030000000001,0.6,0.9044801205852703,2,True
PAY004392,CUST00088,2026-04-01,4132.56,wallet,authentication_failed,404711.01,6,3,3,5105.4366666666665,0.5,0.809443005528094,3,False
PAY005570,CUST00088,2026-04-10,4288.79,netbanking,card_declined,404711.01,7,3,4,4966.454285714286,0.42857142857142855,0.8635516916639004,4,True
PAY006269,CUST00088,2026-04-16,4320.38,card,timeout,404711.01,8,3,5,4881.74625,0.375,0.8850070812263132,5,False
PAY008589,CUST00088,2026-05-12,5422.13,card,authentication_failed,404711.01,12,6,6,4810.251666666667,0.5,1.1272029772524028,1,False
PAY009158,CUST00088,2026-05-23,4204.65,card,card_declined,404711.01,14,7,7,4789.589999999999,0.5,0.8778726362799322,1,False
PAY001096,CUST00089,2026-03-09,4345.98,card,timeout,52980.75,1,1,0,4135.3,1.0,1.050946726960559,0,True
PAY003542,CUST00089,2026-03-26,3686.44,upi,insufficient_funds,52980.75,3,2,1,3848.17,0.6666666666666666,0.9579722309565326,1,False
PAY005047,CUST00089,2026-04-06,2944.26,card,card_declined,52980.75,4,2,2,3807.7375,0.5,0.7732308227654874,2,False
PAY004640,CUST00090,2026-04-03,5073.39,card,expired_card,214671.42,6,6,0,5989.0,1.0,0.8471180497578895,0,True
PAY001267,CUST00091,2026-03-10,1786.65,netbanking,insufficient_funds,365892.55,0,0,0,1786.65,0.0,1.0,0,False
PAY005571,CUST00091,2026-04-10,1834.97,netbanking,expired_card,365892.55,5,4,1,1305.92,0.8,1.4051166993383974,0,True
PAY000648,CUST00092,2026-03-06,3631.55,netbanking,expired_card,492161.78,0,0,0,3631.55,0.0,1.0,0,False
PAY001973,CUST00092,2026-03-15,3850.97,upi,timeout,492161.78,1,0,1,3631.55,0.0,1.0604204816125344,1,True
PAY004122,CUST00092,2026-03-30,2985.39,wallet,expired_card,492161.78,5,3,2,3334.3619999999996,0.6,0.8953406978606403,2,False
PAY000649,CUST00093,2026-03-06,3855.13,wallet,expired_card,204297.53,0,0,0,3855.13,0.0,1.0,0,True
PAY001690,CUST00093,2026-03-13,4710.6,upi,network_error,204297.53,1,0,1,3855.13,0.0,1.2219043196986872,1,False
PAY003414,CUST00093,2026-03-25,3871.81,upi,network_error,204297.53,3,1,2,4557.53,0.3333333333333333,0.8495413085596804,2,False
PAY005327,CUST00093,2026-04-08,4426.05,card,card_declined,204297.53,5,2,3,4418.7,0.4,1.0016633851585308,2,False
PAY006496,CUST00093,2026-04-18,2070.63,card,expired_card,204297.53,6,2,4,4419.925,0.3333333333333333,0.468476275049916,2,True
PAY007999,CUST00093,2026-05-04,5227.04,upi,network_error,204297.53,8,3,5,4254.55625,0.375,1.2285746604008352,2,False
PAY008783,CUST00093,2026-05-15,6335.23,wallet,expired_card,204297.53,10,4,6,4298.971,0.4,1.473661953058069,2,False
PAY004508,CUST00094,2026-04-02,12019.52,netbanking,card_declined,431527.91,4,4,0,8601.4525,1.0,1.3973825932306203,0,True
PAY000532,CUST00095,2026-03-05,11701.55,netbanking,timeout,99153.41,0,0,0,11701.55,0.0,1.0,0,False
PAY001577,CUST00096,2026-03-12,1581.17,netbanking,network_error,213831.41,1,1,0,1278.78,1.0,1.236467570653279,0,True
PAY003120,CUST00096,2026-03-23,1189.55,wallet,network_error,213831.41,4,3,1,1315.9975,0.75,0.903915091024109,1,True
PAY004394,CUST00096,2026-04-01,1474.67,wallet,network_error,213831.41,5,3,2,1290.708,0.6,1.1425279768933019,2,False
PAY001841,CUST00098,2026-03-14,5710.17,card,authentication_failed,224349.72,1,1,0,8771.55,1.0,0.6509875677616841,0,False
PAY002680,CUST00098,2026-03-20,6631.53,netbanking,network_error,224349.72,2,1,1,7240.86,0.5,0.915848393699091,1,True
PAY000230,CUST00099,2026-03-02,10729.49,upi,authentication_failed,277411.03,0,0,0,10729.49,0.0,1.0,0,True
PAY002232,CUST00099,2026-03-17,12190.24,netbanking,authentication_failed,277411.03,3,2,1,8801.173333333334,0.6666666666666666,1.385069869471949,1,True
PAY005049,CUST00099,2026-04-06,7584.85,card,network_error,277411.03,6,4,2,8023.474999999999,0.6666666666666666,0.9453322905598884,1,False
PAY006497,CUST00099,2026-04-18,8537.83,card,insufficient_funds,277411.03,7,4,3,7960.814285714286,0.5714285714285714,1.0724819966370993,1,True
PAY007119,CUST00099,2026-04-24,10269.97,netbanking,card_declined,277411.03,8,4,4,8032.94125,0.5,1.278481901009795,2,False
PAY007647,CUST00099,2026-04-30,8132.05,wallet,timeout,277411.03,9,4,5,8281.5,0.4444444444444444,0.9819537523395521,3,False
PAY005708,CUST00100,2026-04-11,17855.94,wallet,network_error,499644.82,5,5,0,17156.306,1.0,1.0407799907509225,0,True
PAY001579,CUST00102,2026-03-12,7770.14,upi,authentication_failed,425104.39,1,1,0,13354.36,1.0,0.5818429336935652,0,True
PAY005051,CUST00102,2026-04-06,10880.28,netbanking,expired_card,425104.39,6,5,1,9395.445,0.8333333333333334,1.1580377512720261,1,True
PAY005709,CUST00102,2026-04-11,12124.35,upi,timeout,425104.39,7,5,2,9607.564285714285,0.7142857142857143,1.2619587690948875,2,False
PAY000412,CUST00103,2026-03-04,8972.03,wallet,expired_card,245392.36,1,1,0,8691.1,1.0,1.0323238715467549,0,True
PAY003122,CUST00103,2026-03-23,11499.14,card,network_error,245392.36,3,2,1,9180.806666666667,0.6666666666666666,1.2525195679972927,1,False
PAY004247,CUST00103,2026-03-31,8897.16,netbanking,expired_card,245392.36,4,2,2,9760.39,0.5,0.9115578373405161,2,True
PAY005461,CUST00103,2026-04-09,9455.96,netbanking,card_declined,245392.36,5,2,3,9587.744,0.4,0.9862549521555851,2,True
PAY005710,CUST00103,2026-04-11,11001.09,wallet,timeout,245392.36,6,2,4,9565.78,0.3333333333333333,1.15004631091244,3,False
PAY006603,CUST00103,2026-04-19,13299.94,netbanking,insufficient_funds,245392.36,7,2,5,9770.824285714287,0.2857142857142857,1.361189149562904,4,False
PAY007726,CUST00103,2026-05-01,5127.85,wallet,authentication_failed,245392.36,8,2,6,10211.96375,0.25,0.5021414221138417,3,False
PAY008653,CUST00103,2026-05-13,10322.96,upi,card_declined,245392.36,10,3,7,9435.474,0.3,1.0940584436987477,2,False
PAY000918,CUST00104,2026-03-08,726.49,wallet,card_declined,203514.94,1,1,0,680.54,1.0,1.0675199106591824,0,True
PAY001842,CUST00104,2026-03-14,897.84,netbanking,authentication_failed,203514.94,2,1,1,703.515,0.5,1.2762201232383106,1,False
PAY003704,CUST00104,2026-03-27,402.7,netbanking,timeout,203514.94,4,2,2,740.03,0.5,0.5441671283596611,2,False
PAY003984,CUST00104,2026-03-29,614.12,wallet,authentication_failed,203514.94,5,2,3,672.5640000000001,0.4,0.9131026935726562,3,False
PAY005462,CUST00104,2026-04-09,881.88,card,card_declined,203514.94,6,2,4,662.8233333333334,0.3333333333333333,1.3304902764436979,3,False
PAY006711,CUST00104,2026-04-20,807.15,upi,expired_card,203514.94,7,2,5,694.1171428571428,0.2857142857142857,1.1628440650199021,3,False
PAY009620,CUST00106,2026-06-06,8924.76,card,network_error,136275.51,11,11,0,10656.316363636362,1.0,0.8375089191659953,0,True
PAY009795,CUST00106,2026-06-16,7821.2,netbanking,timeout,136275.51,12,11,1,10512.02,0.9166666666666666,0.744024459618608,1,True
PAY000413,CUST00107,2026-03-04,7332.57,card,insufficient_funds,230229.14,1,1,0,6237.36,1.0,1.1755887106083343,0,False
PAY006162,CUST00107,2026-04-15,11637.43,netbanking,network_error,230229.14,8,7,1,7179.9325,0.875,1.6208272152976368,0,True
PAY007205,CUST00110,2026-04-25,10705.48,wallet,expired_card,81624.43,7,7,0,13989.74,1.0,0.7652379529569527,0,True
PAY007649,CUST00110,2026-04-30,16781.17,wallet,network_error,81624.43,9,8,1,12545.057777777778,0.8888888888888888,1.337671798509054,1,True
PAY008239,CUST00110,2026-05-07,14449.7,wallet,expired_card,81624.43,11,9,2,13308.09909090909,0.8181818181818182,1.085782417255275,2,True
PAY008931,CUST00110,2026-05-18,14405.87,netbanking,network_error,81624.43,12,9,3,13403.2325,0.75,1.0748056485627628,3,False
PAY000920,CUST00111,2026-03-08,15290.0,card,network_error,484511.14,0,0,0,15290.0,0.0,1.0,0,True
PAY001100,CUST00112,2026-03-09,2841.86,netbanking,expired_card,273386.62,1,1,0,3735.94,1.0,0.7606813813926349,0,False
PAY000115,CUST00113,2026-03-01,4302.96,netbanking,expired_card,33296.81,0,0,0,4302.96,0.0,1.0,0,True
PAY002831,CUST00114,2026-03-21,12972.03,card,authentication_failed,253910.94,3,3,0,13523.93,1.0,0.9591908565039896,0,False
PAY001976,CUST00115,2026-03-15,23905.16,card,timeout,82929.2,1,1,0,18074.86,1.0,1.3225640475223597,0,True
PAY000652,CUST00116,2026-03-06,6602.02,wallet,network_error,44655.18,0,0,0,6602.02,0.0,1.0,0,True
PAY006812,CUST00116,2026-04-21,5852.2,upi,insufficient_funds,44655.18,6,5,1,6115.145,0.8333333333333334,0.9570010195996986,0,False
PAY009116,CUST00116,2026-05-22,3818.12,wallet,expired_card,44655.18,10,8,2,6265.372,0.8,0.6094003676078611,0,True
PAY004511,CUST00117,2026-04-02,10286.92,card,authentication_failed,299542.38,4,4,0,10445.002499999999,1.0,0.9848652501519268,0,True
PAY004644,CUST00118,2026-04-03,7080.21,netbanking,card_declined,121425.93,4,4,0,6637.1475,1.0,1.066754957607918,0,True
PAY006273,CUST00118,2026-04-16,6746.92,wallet,expired_card,121425.93,7,6,1,6896.834285714285,0.8571428571428571,0.9782633191542953,1,False
PAY007009,CUST00118,2026-04-23,6714.1,upi,card_declined,121425.93,8,6,2,6878.095,0.75,0.9761569155412945,2,False
PAY007821,CUST00118,2026-05-02,6263.68,upi,insufficient_funds,121425.93,10,7,3,6881.534,0.7,0.9102156583110685,3,True
PAY008717,CUST00118,2026-05-14,9292.1,card,timeout,121425.93,13,9,4,6600.622307692307,0.6923076923076923,1.4077612029355275,3,True
PAY009161,CUST00118,2026-05-23,8727.57,card,authentication_failed,121425.93,14,9,5,6792.870714285715,0.6428571428571429,1.284813205946276,3,True
PAY002540,CUST00119,2026-03-19,5720.28,card,timeout,445692.22,2,2,0,4779.63,1.0,1.1968039367063976,0,True
PAY005932,CUST00119,2026-04-13,3788.91,wallet,expired_card,445692.22,5,4,1,5523.048,0.8,0.6860179379212348,1,True
PAY006813,CUST00119,2026-04-21,5684.16,card,timeout,445692.22,6,4,2,5234.025000000001,0.6666666666666666,1.0860016908593288,1,True
PAY007120,CUST00119,2026-04-24,5028.52,netbanking,network_error,445692.22,7,4,3,5298.33,0.5714285714285714,0.949076407094311,2,False
PAY007927,CUST00119,2026-05-03,4632.59,upi,card_declined,445692.22,8,4,4,5264.60375,0.5,0.8799503666349058,3,True
PAY008158,CUST00120,2026-05-06,5061.53,netbanking,network_error,299286.98,13,13,0,10900.150769230768,1.0,0.4643541274940728,0,True
PAY008457,CUST00120,2026-05-10,12735.63,netbanking,card_declined,299286.98,14,13,1,10483.106428571427,0.9285714285714286,1.2148717640879214,1,False
PAY003989,CUST00121,2026-03-29,7338.24,netbanking,network_error,212516.33,3,3,0,5379.286666666667,1.0,1.364166004662328,0,True
PAY006499,CUST00121,2026-04-18,5917.37,upi,card_declined,212516.33,5,4,1,5649.005999999999,0.8,1.0475064108623713,1,True
PAY001977,CUST00123,2026-03-15,10511.9,upi,authentication_failed,106108.3,3,3,0,6773.956666666666,1.0,1.551810930785405,0,True
PAY002682,CUST00123,2026-03-20,6521.67,netbanking,network_error,106108.3,4,3,1,7708.442499999999,0.75,0.846042504695339,1,True
PAY002981,CUST00124,2026-03-22,20236.14,wallet,card_declined,123149.55,2,2,0,18873.625,1.0,1.0721914841478517,0,True
PAY004905,CUST00124,2026-04-05,22130.38,card,authentication_failed,123149.55,5,4,1,20016.6,0.8,1.1056013508787708,1,False
PAY006814,CUST00125,2026-04-21,1110.92,netbanking,expired_card,337486.66,6,6,0,1843.0016666666663,1.0,0.6027775341132809,0,True
PAY007650,CUST00125,2026-04-30,958.59,netbanking,network_error,337486.66,7,6,1,1738.4185714285716,0.8571428571428571,0.5514149559575081,1,False
PAY000777,CUST00126,2026-03-07,10417.35,wallet,timeout,161507.71,1,1,0,11162.17,1.0,0.9332728313580604,0,True
PAY001101,CUST00129,2026-03-09,3458.21,netbanking,card_declined,41264.06,0,0,0,3458.21,0.0,1.0,0,False
PAY001460,CUST00129,2026-03-11,4166.14,wallet,card_declined,41264.06,1,0,1,3458.21,0.0,1.2047099511018706,1,True
PAY003709,CUST00129,2026-03-27,4590.92,card,expired_card,41264.06,3,1,2,3711.5066666666667,0.3333333333333333,1.2369424097311783,2,False
PAY004515,CUST00129,2026-04-02,3006.17,wallet,card_declined,41264.06,5,2,3,3696.8120000000004,0.4,0.8131790310137491,3,False
PAY006052,CUST00129,2026-04-14,4785.52,card,timeout,41264.06,6,2,4,3581.705,0.3333333333333333,1.3361011026871281,2,False
PAY000779,CUST00131,2026-03-07,12445.87,netbanking,timeout,441027.77,0,0,0,12445.87,0.0,1.0,0,True
PAY007300,CUST00131,2026-04-26,18977.36,netbanking,authentication_failed,441027.77,7,6,1,16781.68857142857,0.8571428571428571,1.1308373361372968,0,True
PAY001274,CUST00132,2026-03-10,18262.94,card,card_declined,187915.91,0,0,0,18262.94,0.0,1.0,0,True
PAY003849,CUST00132,2026-03-28,19338.05,upi,expired_card,187915.91,3,2,1,20152.123333333333,0.6666666666666666,0.9596035951215728,1,False
PAY005057,CUST00132,2026-04-06,20237.3,card,insufficient_funds,187915.91,4,2,2,19948.605,0.5,1.0144719392659287,2,False
PAY006053,CUST00132,2026-04-14,18655.49,wallet,card_declined,187915.91,6,3,3,20248.573333333334,0.5,0.9213236751494591,2,True
PAY006606,CUST00132,2026-04-19,20448.71,card,authentication_failed,187915.91,7,3,4,20020.989999999998,0.42857142857142855,1.0213635789239195,3,False
PAY007122,CUST00132,2026-04-24,20893.76,netbanking,insufficient_funds,187915.91,8,3,5,20074.455,0.375,1.0408133122418515,4,False
PAY007477,CUST00132,2026-04-28,19559.87,upi,expired_card,187915.91,9,3,6,20165.48888888889,0.3333333333333333,0.9699675573339269,4,False
PAY007651,CUST00132,2026-04-30,12888.88,wallet,timeout,187915.91,10,3,7,20104.927,0.3,0.6410806664455931,5,False
PAY008321,CUST00132,2026-05-08,13983.35,wallet,insufficient_funds,187915.91,11,3,8,19448.922727272726,0.2727272727272727,0.7189781252198358,5,False
PAY009163,CUST00132,2026-05-23,22213.15,card,timeout,187915.91,13,4,9,19015.203076923077,0.3076923076923077,1.1681784259752643,4,False
PAY006500,CUST00133,2026-04-18,12656.06,netbanking,insufficient_funds,417703.75,7,7,0,10280.541428571427,1.0,1.2310694030984195,0,False
PAY002683,CUST00135,2026-03-20,705.8,netbanking,insufficient_funds,328718.28,1,1,0,840.09,1.0,0.8401480793724481,0,True
PAY003551,CUST00135,2026-03-26,562.21,wallet,timeout,328718.28,3,2,1,783.9433333333333,0.6666666666666666,0.7171564271227088,1,False
PAY005058,CUST00135,2026-04-06,805.89,wallet,timeout,328718.28,4,2,2,728.51,0.5,1.1062167986712605,2,False
PAY006165,CUST00135,2026-04-15,722.54,card,timeout,328718.28,6,3,3,778.6216666666666,0.5,0.9279731491331906,3,False
PAY007206,CUST00135,2026-04-25,1152.5,netbanking,timeout,328718.28,7,3,4,770.61,0.42857142857142855,1.4955684457767222,3,True
PAY007823,CUST00135,2026-05-02,1053.79,netbanking,insufficient_funds,328718.28,8,3,5,818.34625,0.375,1.2877067622659724,3,True
PAY008458,CUST00135,2026-05-10,675.67,wallet,insufficient_funds,328718.28,9,3,6,844.5066666666667,0.3333333333333333,0.8000765733051248,3,False
PAY009766,CUST00135,2026-06-14,551.18,netbanking,network_error,328718.28,13,6,7,809.1023076923077,0.46153846153846156,0.6812241106715609,0,False
PAY001104,CUST00136,2026-03-09,14938.89,netbanking,insufficient_funds,409466.55,0,0,0,14938.89,0.0,1.0,0,True
PAY002389,CUST00136,2026-03-18,14076.84,netbanking,card_declined,409466.55,1,0,1,14938.89,0.0,0.9422949094611448,1,False
PAY009506,CUST00136,2026-06-02,8324.59,card,card_declined,409466.55,12,10,2,13862.471666666666,0.8333333333333334,0.6005126791362243,0,True
PAY003710,CUST00138,2026-03-27,23306.64,wallet,authentication_failed,71474.1,3,3,0,16568.013333333332,1.0,1.4067250871357742,0,False
PAY005060,CUST00138,2026-04-06,19310.98,upi,network_error,71474.1,5,4,1,17007.228,0.8,1.1354572303023163,1,True
PAY006926,CUST00138,2026-04-22,25613.55,card,card_declined,71474.1,7,5,2,18482.89857142857,0.7142857142857143,1.3857972493337278,2,True
PAY001106,CUST00139,2026-03-09,9460.38,upi,card_declined,57982.81,0,0,0,9460.38,0.0,1.0,0,True
PAY003273,CUST00139,2026-03-24,11034.69,netbanking,insufficient_funds,57982.81,2,1,1,9656.8,0.5,1.1426859829343055,1,True
PAY005824,CUST00139,2026-04-12,16727.83,card,authentication_failed,57982.81,5,3,2,9957.302,0.6,1.6799560764552488,1,True
PAY008932,CUST00139,2026-05-18,6717.75,wallet,insufficient_funds,57982.81,10,7,3,10494.185000000001,0.7,0.640140230041685,0,False
PAY004516,CUST00140,2026-04-02,4745.62,card,timeout,139812.37,5,5,0,5590.6759999999995,1.0,0.8488454705656348,0,False
PAY007207,CUST00140,2026-04-25,6211.67,netbanking,timeout,139812.37,8,7,1,5469.205,0.875,1.1357537338607713,1,True
PAY001463,CUST00141,2026-03-11,14812.29,wallet,network_error,360218.03,2,2,0,16757.97,1.0,0.883895245068466,0,True
PAY003993,CUST00141,2026-03-29,20507.42,wallet,network_error,360218.03,5,4,1,16724.592,0.8,1.2261835744632812,1,True
PAY006054,CUST00141,2026-04-14,23529.91,card,network_error,360218.03,7,5,2,18761.649999999998,0.7142857142857143,1.2541492885753653,1,False
PAY005466,CUST00142,2026-04-09,17971.64,card,authentication_failed,318947.79,5,5,0,19164.856,1.0,0.9377393704393082,0,True
PAY006275,CUST00142,2026-04-16,14899.98,netbanking,network_error,318947.79,6,5,1,18965.986666666668,0.8333333333333334,0.7856158639079502,1,True
PAY008981,CUST00142,2026-05-19,18351.92,upi,card_declined,318947.79,10,8,2,18105.126,0.8,1.0136311672175051,0,False
PAY002108,CUST00143,2026-03-16,6450.25,upi,expired_card,246823.27,2,2,0,9693.415,1.0,0.6654259618514218,0,True
PAY002685,CUST00144,2026-03-20,13661.02,upi,card_declined,423821.34,2,2,0,10256.755000000001,1.0,1.331904681353898,0,True
PAY008404,CUST00144,2026-05-09,18389.6,wallet,timeout,423821.34,8,7,1,13590.1375,0.875,1.3531577587055317,0,True
PAY009026,CUST00144,2026-05-20,10468.16,card,card_declined,423821.34,10,8,2,14345.285,0.8,0.7297282696021724,1,True
PAY009601,CUST00144,2026-06-05,14211.82,card,expired_card,423821.34,12,9,3,14044.339999999998,0.75,1.0119250886834128,2,True
PAY009824,CUST00144,2026-06-20,11159.37,upi,authentication_failed,423821.34,14,10,4,14285.960714285715,0.7142857142857143,0.7811424252931637,1,False
PAY005194,CUST00145,2026-04-07,6909.76,netbanking,authentication_failed,214670.01,4,4,0,7536.3324999999995,1.0,0.916859759040621,0,True
PAY000656,CUST00146,2026-03-06,4200.9,netbanking,timeout,6755.12,0,0,0,4200.9,0.0,1.0,0,True
PAY007123,CUST00147,2026-04-24,5543.26,wallet,expired_card,320371.12,6,6,0,5138.22,1.0,1.078828855128819,0,False
PAY009165,CUST00147,2026-05-23,3981.39,card,expired_card,320371.12,9,8,1,4786.655555555556,0.8888888888888888,0.8317686438455055,1,True
PAY009767,CUST00147,2026-06-14,5202.23,upi,insufficient_funds,320371.12,11,9,2,4609.340909090909,0.8181818181818182,1.1286277371542963,1,True
PAY006608,CUST00148,2026-04-19,4583.66,netbanking,authentication_failed,371909.3,6,6,0,3671.4950000000003,1.0,1.2484451156817589,0,True
PAY002986,CUST00149,2026-03-22,11048.82,card,insufficient_funds,216705.02,1,1,0,18531.92,1.0,0.5962048184969502,0,True
PAY003851,CUST00149,2026-03-28,15233.48,upi,network_error,216705.02,2,1,1,14790.369999999999,0.5,1.0299593586908238,1,True
PAY005061,CUST00149,2026-04-06,17394.18,card,authentication_failed,216705.02,4,2,2,14889.7025,0.5,1.1682019838878581,2,False
PAY006277,CUST00149,2026-04-16,14529.09,upi,timeout,216705.02,5,2,3,15390.597999999998,0.4,0.9440237474853155,3,False
PAY006818,CUST00149,2026-04-21,9378.04,netbanking,timeout,216705.02,6,2,4,15247.013333333334,0.3333333333333333,0.6150739029982702,4,True
PAY008789,CUST00150,2026-05-15,13291.21,wallet,network_error,42245.71,9,9,0,15396.470000000001,1.0,0.8632634623390945,0,True
PAY007652,CUST00151,2026-04-30,24177.31,upi,network_error,452444.64,7,7,0,17259.022857142856,1.0,1.400850453708851,0,False
PAY009507,CUST00151,2026-06-02,17272.83,upi,timeout,452444.64,10,9,1,18448.724,0.9,0.9362614997113081,0,True
PAY000924,CUST00152,2026-03-08,7692.03,netbanking,network_error,418124.53,0,0,0,7692.03,0.0,1.0,0,True
PAY004130,CUST00152,2026-03-30,6350.91,wallet,card_declined,418124.53,3,2,1,7577.009999999999,0.6666666666666666,0.8381815518258522,1,True
PAY006927,CUST00152,2026-04-22,6902.14,upi,insufficient_funds,418124.53,7,5,2,7024.455714285715,0.7142857142857143,0.982587161303194,1,False
PAY001581,CUST00153,2026-03-12,10568.46,wallet,insufficient_funds,78306.42,1,1,0,12763.36,1.0,0.828031176743428,0,True
PAY004252,CUST00153,2026-03-31,12569.39,card,timeout,78306.42,3,2,1,11589.326666666666,0.6666666666666666,1.084566028857587,1,True
PAY005828,CUST00153,2026-04-12,17485.13,netbanking,network_error,78306.42,4,2,2,11834.342499999999,0.5,1.4774906168213404,1,False
PAY006715,CUST00153,2026-04-20,16569.97,card,expired_card,78306.42,6,3,3,14127.333333333334,0.5,1.1729014676041716,2,False
PAY007395,CUST00153,2026-04-27,12742.77,netbanking,card_declined,78306.42,7,3,4,14476.281428571428,0.42857142857142855,0.8802516076297021,3,False
PAY001699,CUST00154,2026-03-13,6862.8,upi,insufficient_funds,157587.88,1,1,0,6275.97,1.0,1.0935042710529208,0,True
PAY002687,CUST00154,2026-03-20,7834.77,wallet,timeout,157587.88,2,1,1,6569.385,0.5,1.1926184871186571,1,True
PAY000322,CUST00156,2026-03-03,8322.49,card,card_declined,449967.7,0,0,0,8322.49,0.0,1.0,0,False
PAY006170,CUST00156,2026-04-15,7950.02,wallet,card_declined,449967.7,5,4,1,6845.264,0.8,1.1613898309838744,0,False
PAY007564,CUST00156,2026-04-29,9176.66,netbanking,insufficient_funds,449967.7,7,5,2,6946.904285714286,0.7142857142857143,1.320971129380754,1,True
PAY005063,CUST00157,2026-04-06,18612.38,upi,network_error,128517.22,4,4,0,15796.9375,1.0,1.1782271088937335,0,False
PAY005580,CUST00157,2026-04-10,23746.52,upi,expired_card,128517.22,5,4,1,16360.026000000002,0.8,1.45149647072688,1,True
PAY006928,CUST00157,2026-04-22,12602.83,wallet,timeout,128517.22,7,5,2,17052.727142857144,0.7142857142857143,0.739050703997157,2,False
PAY007565,CUST00157,2026-04-29,21491.38,netbanking,expired_card,128517.22,8,5,3,16496.49,0.625,1.3027850166914294,3,False
PAY002841,CUST00158,2026-03-21,24877.25,upi,card_declined,391157.54,3,3,0,17831.433333333334,1.0,1.3951346218195209,0,True
PAY005581,CUST00158,2026-04-10,26898.76,card,insufficient_funds,391157.54,6,5,1,20422.11,0.8333333333333334,1.3171391202965803,1,True
PAY002988,CUST00159,2026-03-22,12422.62,netbanking,network_error,206156.81,2,2,0,11572.545,1.0,1.0734561844434392,0,True
PAY005468,CUST00159,2026-04-09,14700.23,netbanking,authentication_failed,206156.81,5,4,1,12983.178,0.8,1.1322520572389903,1,True
PAY005831,CUST00160,2026-04-12,12145.02,wallet,insufficient_funds,81503.9,6,6,0,14096.625,1.0,0.8615551594796628,0,False
PAY009167,CUST00160,2026-05-23,12017.9,netbanking,expired_card,81503.9,12,11,1,12768.095833333333,0.9166666666666666,0.9412445016762158,0,False
PAY001702,CUST00162,2026-03-13,14696.65,upi,timeout,406332.0,1,1,0,17337.05,1.0,0.84770188699923,0,True
PAY006279,CUST00163,2026-04-16,17992.21,upi,card_declined,17269.25,8,8,0,18203.541250000002,1.0,0.988390651736513,0,True
PAY008841,CUST00165,2026-05-16,16042.19,wallet,expired_card,402106.39,10,10,0,13969.030999999999,1.0,1.1484110816276376,0,True
PAY000782,CUST00166,2026-03-07,12923.32,upi,network_error,406320.91,0,0,0,12923.32,0.0,1.0,0,False
PAY002393,CUST00166,2026-03-18,10443.1,upi,expired_card,406320.91,2,1,1,11143.654999999999,0.5,0.9371341808410258,1,True
PAY005833,CUST00166,2026-04-12,5088.39,netbanking,timeout,406320.91,5,3,2,11552.662,0.6,0.4404517331157096,1,False
PAY007931,CUST00166,2026-05-03,12160.11,wallet,card_declined,406320.91,8,5,3,11122.21,0.625,1.0933177848646989,1,False
PAY008790,CUST00166,2026-05-15,15184.82,netbanking,insufficient_funds,406320.91,9,5,4,11237.532222222222,0.5555555555555556,1.3512593067339123,1,True
PAY005834,CUST00167,2026-04-12,3391.13,netbanking,authentication_failed,394750.38,4,4,0,3340.025,1.0,1.015300783676769,0,True
PAY007568,CUST00167,2026-04-29,3382.5,netbanking,expired_card,394750.38,6,5,1,3530.0499999999997,0.8333333333333334,0.9582017251880286,1,False
PAY008723,CUST00167,2026-05-14,3973.4,card,network_error,394750.38,8,6,2,3303.585,0.75,1.2027539778755503,1,True
PAY004255,CUST00168,2026-03-31,12743.9,wallet,network_error,436722.56,4,4,0,10908.932499999999,1.0,1.1682077966840478,0,True
PAY008163,CUST00168,2026-05-06,6771.8,upi,expired_card,436722.56,10,9,1,10138.697,0.9,0.6679162026441859,0,True
PAY005197,CUST00169,2026-04-07,6933.12,upi,network_error,115104.69,5,5,0,6429.012,1.0,1.0784114262035909,0,True
PAY000783,CUST00170,2026-03-07,17697.78,netbanking,network_error,232850.1,0,0,0,17697.78,0.0,1.0,0,False
PAY002843,CUST00170,2026-03-21,15716.72,netbanking,timeout,232850.1,3,2,1,14945.196666666665,0.6666666666666666,1.0516234982075625,1,True
PAY003130,CUST00170,2026-03-23,17168.46,netbanking,expired_card,232850.1,4,2,2,15138.0775,0.5,1.1341241977391119,2,False
PAY004782,CUST00170,2026-04-04,15624.15,wallet,authentication_failed,232850.1,5,2,3,15544.153999999999,0.4,1.0051463720701688,3,True
PAY001279,CUST00171,2026-03-10,4207.8,wallet,timeout,398696.02,0,0,0,4207.8,0.0,1.0,0,True
PAY004913,CUST00171,2026-04-05,4259.31,wallet,timeout,398696.02,4,3,1,4417.5425,0.75,0.9641808765846623,1,False
PAY005714,CUST00171,2026-04-11,4547.27,wallet,insufficient_funds,398696.02,6,4,2,4331.55,0.6666666666666666,1.0498020339139569,1,False
PAY000119,CUST00172,2026-03-01,7363.7,card,timeout,16713.9,0,0,0,7363.7,0.0,1.0,0,True
PAY000541,CUST00172,2026-03-05,10544.34,card,network_error,16713.9,1,0,1,7363.7,0.0,1.4319350326602116,1,True
PAY005334,CUST00173,2026-04-08,22824.94,card,expired_card,167489.67,7,7,0,18262.844285714287,1.0,1.2498020375640124,0,True
PAY001583,CUST00174,2026-03-12,10252.72,wallet,network_error,483610.11,1,1,0,9212.84,1.0,1.1128729034695055,0,False
PAY003713,CUST00174,2026-03-27,18525.64,wallet,authentication_failed,483610.11,4,3,1,10967.185,0.75,1.6891882465737562,1,False
PAY003997,CUST00175,2026-03-29,11310.74,card,insufficient_funds,322533.46,3,3,0,13230.276666666667,1.0,0.8549133389248852,0,False
PAY000785,CUST00176,2026-03-07,8502.24,upi,card_declined,490669.1,0,0,0,8502.24,0.0,1.0,0,False
PAY002395,CUST00176,2026-03-18,9013.85,netbanking,card_declined,490669.1,1,0,1,8502.24,0.0,1.0601735542633473,1,True
PAY009508,CUST00176,2026-06-02,10650.27,upi,expired_card,490669.1,10,8,2,9696.382000000001,0.8,1.0983756621799758,0,True
PAY005199,CUST00177,2026-04-07,4460.17,wallet,insufficient_funds,469922.38,5,5,0,7264.686,1.0,0.6139522066060392,0,True
PAY001585,CUST00178,2026-03-12,10414.06,upi,insufficient_funds,485348.3,1,1,0,16269.11,1.0,0.6401124585180136,0,True
PAY002992,CUST00178,2026-03-22,11697.46,wallet,authentication_failed,485348.3,2,1,1,13341.585,0.5,0.8767668908904002,1,False
PAY002846,CUST00179,2026-03-21,5473.33,card,expired_card,481454.49,2,2,0,5031.76,1.0,1.0877565702656724,0,True
PAY004784,CUST00179,2026-04-04,6811.57,card,expired_card,481454.49,4,3,1,4868.9375,0.75,1.3989848914675942,1,False
PAY009657,CUST00179,2026-06-08,4925.33,netbanking,network_error,481454.49,11,9,2,5906.375454545454,0.8181818181818182,0.8339005940114327,0,True
PAY009816,CUST00179,2026-06-19,5618.39,card,timeout,481454.49,12,9,3,5824.621666666667,0.75,0.9645931223573033,1,True
PAY001280,CUST00180,2026-03-10,19534.68,upi,network_error,58659.26,0,0,0,19534.68,0.0,1.0,0,True
PAY003275,CUST00180,2026-03-24,22825.45,upi,timeout,58659.26,2,1,1,20590.98,0.5,1.1085169331425702,1,True
PAY000121,CUST00181,2026-03-01,16642.51,upi,card_declined,365629.81,0,0,0,16642.51,0.0,1.0,0,False
PAY002247,CUST00181,2026-03-17,22195.57,card,network_error,365629.81,2,1,1,14871.72,0.5,1.4924682551850088,1,False
PAY003998,CUST00181,2026-03-29,24190.8,wallet,insufficient_funds,365629.81,4,2,2,20975.17,0.5,1.1533065047863738,2,False
PAY005585,CUST00182,2026-04-10,20786.31,upi,network_error,305073.38,4,4,0,20034.0575,1.0,1.0375486842842496,0,True
PAY008893,CUST00182,2026-05-17,27557.95,wallet,expired_card,305073.38,9,8,1,20993.498888888887,0.8888888888888888,1.3126897115080443,0,True
PAY005717,CUST00183,2026-04-11,14604.27,netbanking,network_error,195671.74,6,6,0,16855.393333333333,1.0,0.8664449242556982,0,True
PAY005200,CUST00184,2026-04-07,21444.91,netbanking,expired_card,131087.64,3,3,0,14327.68,1.0,1.4967468564345379,0,False
PAY002552,CUST00186,2026-03-19,10718.71,card,expired_card,271533.74,1,1,0,14416.45,1.0,0.7435055093313541,0,False
PAY007400,CUST00186,2026-04-27,14851.83,wallet,timeout,271533.74,5,4,1,11108.028,0.8,1.3370357006662208,0,True
PAY000786,CUST00187,2026-03-07,623.14,wallet,network_error,372265.29,1,1,0,972.74,1.0,0.6406028332339576,0,True
PAY005718,CUST00187,2026-04-11,1124.13,netbanking,card_declined,372265.29,5,4,1,812.9639999999999,0.8,1.3827549559390087,0,True
PAY003855,CUST00188,2026-03-28,21760.8,upi,expired_card,185289.63,5,5,0,17570.196,1.0,1.2385063888871815,0,False
PAY001114,CUST00189,2026-03-09,10231.13,wallet,authentication_failed,333797.65,0,0,0,10231.13,0.0,1.0,0,True
PAY002995,CUST00189,2026-03-22,12559.83,card,network_error,333797.65,3,2,1,12053.636666666665,0.6666666666666666,1.0419950714735886,1,True
PAY000930,CUST00190,2026-03-08,21641.54,upi,card_declined,160388.24,1,1,0,19143.46,1.0,1.1304926068746195,0,True
PAY009205,CUST00191,2026-05-24,7749.49,card,expired_card,361278.36,10,10,0,7534.013000000001,1.0,1.028600561214853,0,False
PAY009577,CUST00191,2026-06-04,8350.46,netbanking,card_declined,361278.36,11,10,1,7553.601818181818,0.9090909090909091,1.105493802956374,1,False
PAY003133,CUST00192,2026-03-23,7072.4,wallet,expired_card,158095.91,2,2,0,8445.5,1.0,0.8374163755846308,0,True
PAY004258,CUST00192,2026-03-31,7882.83,wallet,insufficient_funds,158095.91,4,3,1,7807.01,0.75,1.00971178466532,1,True
PAY000663,CUST00193,2026-03-06,19429.53,netbanking,network_error,204188.19,0,0,0,19429.53,0.0,1.0,0,False
PAY002996,CUST00193,2026-03-22,18756.64,card,insufficient_funds,204188.19,2,1,1,20337.754999999997,0.5,0.9222571517849439,1,True
PAY003856,CUST00193,2026-03-28,22686.33,upi,network_error,204188.19,3,1,2,19810.716666666664,0.3333333333333333,1.1451544324073757,2,False
PAY005837,CUST00193,2026-04-12,17152.4,wallet,timeout,204188.19,5,2,3,21134.128,0.4,0.8115972421478663,2,False
PAY007401,CUST00193,2026-04-27,19649.7,card,authentication_failed,204188.19,7,3,4,19735.727142857144,0.42857142857142855,0.9956410451849869,2,False
PAY003276,CUST00194,2026-03-24,9660.39,netbanking,insufficient_funds,68007.46,2,2,0,8761.715,1.0,1.102568389864313,0,True
PAY009206,CUST00194,2026-05-24,8743.51,card,timeout,68007.46,10,9,1,8924.149,0.9,0.9797584060956401,0,True
PAY001283,CUST00195,2026-03-10,11633.32,card,expired_card,470480.02,0,0,0,11633.32,0.0,1.0,0,True
PAY001854,CUST00195,2026-03-14,8457.14,card,network_error,470480.02,1,0,1,11633.32,0.0,0.7269756183101642,1,False
PAY004655,CUST00195,2026-04-03,11657.06,upi,timeout,470480.02,3,1,2,9065.763333333334,0.3333333333333333,1.2858332576517733,2,True
PAY002251,CUST00196,2026-03-17,11207.55,netbanking,timeout,451888.75,1,1,0,11129.67,1.0,1.0069975120556134,0,True
PAY007482,CUST00196,2026-04-28,9234.55,upi,card_declined,451888.75,5,4,1,8435.336,0.8,1.0947459591414024,0,True
PAY009028,CUST00196,2026-05-20,9140.92,wallet,expired_card,451888.75,7,5,2,8815.81142857143,0.7142857142857143,1.0368778953659237,1,False
PAY009293,CUST00196,2026-05-26,6593.01,card,timeout,451888.75,8,5,3,8856.45,0.625,0.744430330437139,2,False
PAY002847,CUST00197,2026-03-21,14134.4,wallet,timeout,153970.19,3,3,0,9153.296666666667,1.0,1.544186812110318,0,True
PAY003427,CUST00197,2026-03-25,14861.35,wallet,insufficient_funds,153970.19,4,3,1,10398.5725,0.75,1.4291721291552277,1,False
PAY001284,CUST00198,2026-03-10,8602.91,card,network_error,5200.94,0,0,0,8602.91,0.0,1.0,0,True
PAY002252,CUST00198,2026-03-17,9766.43,netbanking,network_error,5200.94,2,1,1,9580.31,0.5,1.0194273462967274,1,False
PAY003134,CUST00198,2026-03-23,9965.87,card,insufficient_funds,5200.94,3,1,2,9642.35,0.3333333333333333,1.033551986808195,2,False
PAY003715,CUST00198,2026-03-27,8851.12,upi,timeout,5200.94,4,1,3,9723.23,0.25,0.9103065545091499,3,True
PAY002997,CUST00199,2026-03-22,16438.07,card,timeout,217794.63,3,3,0,13931.716666666667,1.0,1.1799026920587676,0,True
PAY003858,CUST00199,2026-03-28,16307.25,upi,insufficient_funds,217794.63,4,3,1,14558.305,0.75,1.120133834261612,1,False
PAY004656,CUST00200,2026-04-03,6332.27,netbanking,insufficient_funds,329079.28,3,3,0,9686.72,1.0,0.6537063113210665,0,True
PAY005338,CUST00200,2026-04-08,9069.25,netbanking,card_declined,329079.28,4,3,1,8848.1075,0.75,1.0249931976979259,1,True
PAY008661,CUST00200,2026-05-13,10231.58,netbanking,network_error,329079.28,8,6,2,8563.10625,0.75,1.194844452619048,0,True
PAY000664,CUST00201,2026-03-06,5295.12,upi,expired_card,223869.1,0,0,0,5295.12,0.0,1.0,0,True
PAY004657,CUST00201,2026-04-03,8101.25,netbanking,expired_card,223869.1,3,2,1,5942.576666666667,0.6666666666666666,1.3632554453090775,1,True
PAY005587,CUST00201,2026-04-10,6685.23,card,card_declined,223869.1,4,2,2,6482.245,0.5,1.031313996925448,1,True
PAY003279,CUST00202,2026-03-24,3991.98,upi,card_declined,239227.16,4,4,0,6312.280000000001,1.0,0.6324149118860379,0,True
PAY001115,CUST00203,2026-03-09,12964.5,upi,authentication_failed,399032.26,1,1,0,15594.41,1.0,0.8313555947291369,0,False
PAY006058,CUST00203,2026-04-14,18692.49,upi,network_error,399032.26,7,6,1,16500.984285714287,0.8571428571428571,1.1328106054972131,0,False
PAY005589,CUST00204,2026-04-10,18503.13,card,insufficient_funds,46973.79,6,6,0,14336.675000000001,1.0,1.2906151530951213,0,True
PAY007570,CUST00204,2026-04-29,14781.24,card,insufficient_funds,46973.79,9,8,1,15090.396666666667,0.8888888888888888,0.9795130192071381,1,True
PAY001985,CUST00205,2026-03-15,9700.54,wallet,insufficient_funds,318305.72,3,3,0,12985.693333333335,1.0,0.747017486936906,0,True
PAY002397,CUST00207,2026-03-18,1880.33,netbanking,card_declined,338033.86,3,3,0,2195.94,1.0,0.8562756723772051,0,True
PAY005941,CUST00207,2026-04-13,1627.72,wallet,authentication_failed,338033.86,6,5,1,2025.6850000000002,0.8333333333333334,0.803540530734048,1,False
PAY008594,CUST00207,2026-05-12,1834.61,card,timeout,338033.86,10,8,2,1994.15,0.8,0.919995988265677,1,True
PAY004660,CUST00208,2026-04-03,9135.38,netbanking,network_error,103569.32,4,4,0,9261.92,1.0,0.9863376060255324,0,True
PAY006175,CUST00208,2026-04-15,9800.66,wallet,network_error,103569.32,5,4,1,9236.612,0.8,1.0610665469113567,1,True
PAY008167,CUST00208,2026-05-06,7036.28,wallet,expired_card,103569.32,8,6,2,8664.75625,0.75,0.8120574655519016,1,False
PAY003430,CUST00209,2026-03-25,13804.27,wallet,expired_card,126197.06,2,2,0,10804.744999999999,1.0,1.2776118270259966,0,False
PAY000939,CUST00210,2026-03-08,1322.43,upi,card_declined,425620.16,0,0,0,1322.43,0.0,1.0,0,True
PAY001856,CUST00210,2026-03-14,1766.28,netbanking,network_error,425620.16,1,0,1,1322.43,0.0,1.3356321317574464,1,True
PAY003563,CUST00210,2026-03-26,1286.98,card,timeout,425620.16,3,1,2,1435.3466666666666,0.3333333333333333,0.8966335658749106,2,True
PAY006934,CUST00210,2026-04-22,1126.8,upi,timeout,425620.16,6,3,3,1361.7716666666668,0.5,0.827451493948447,1,True
PAY008463,CUST00210,2026-05-10,1230.77,wallet,network_error,425620.16,8,4,4,1301.7962499999999,0.5,0.9454398105694344,1,False
PAY000419,CUST00211,2026-03-04,9454.26,wallet,card_declined,210148.3,0,0,0,9454.26,0.0,1.0,0,False
PAY000325,CUST00213,2026-03-03,3698.51,upi,authentication_failed,249716.7,0,0,0,3698.51,0.0,1.0,0,False
PAY001988,CUST00213,2026-03-15,4543.01,upi,expired_card,249716.7,1,0,1,3698.51,0.0,1.2283351944431677,1,False
PAY000326,CUST00214,2026-03-03,18885.5,upi,authentication_failed,329748.72,0,0,0,18885.5,0.0,1.0,0,False
PAY001711,CUST00214,2026-03-13,20283.3,card,expired_card,329748.72,1,0,1,18885.5,0.0,1.0740144555346693,1,False
PAY002115,CUST00215,2026-03-16,11893.81,upi,authentication_failed,376727.42,2,2,0,12848.810000000001,1.0,0.9256740507486684,0,True
PAY002850,CUST00215,2026-03-21,14536.96,upi,expired_card,376727.42,4,3,1,13256.557499999999,0.75,1.096586349812159,1,True
PAY003564,CUST00215,2026-03-26,17720.68,upi,timeout,376727.42,6,4,2,13974.245,0.6666666666666666,1.2680957003401614,2,False
PAY000420,CUST00216,2026-03-04,10254.19,card,expired_card,57760.71,0,0,0,10254.19,0.0,1.0,0,False
PAY001118,CUST00218,2026-03-09,5845.76,netbanking,network_error,261389.09,0,0,0,5845.76,0.0,1.0,0,True
PAY003432,CUST00218,2026-03-25,5782.32,wallet,card_declined,261389.09,3,2,1,7246.22,0.6666666666666666,0.7979774282315468,1,True
PAY003863,CUST00218,2026-03-28,6178.63,upi,card_declined,261389.09,4,2,2,6880.245,0.5,0.8980247069690106,2,True
PAY006403,CUST00218,2026-04-17,7099.38,wallet,card_declined,261389.09,7,4,3,6940.052857142858,0.5714285714285714,1.0229576267121885,2,True
PAY008523,CUST00218,2026-05-11,9122.14,card,timeout,261389.09,10,6,4,7009.841,0.6,1.3013333683317494,1,True
PAY009256,CUST00218,2026-05-25,6685.59,upi,card_declined,261389.09,12,7,5,6970.895,0.5833333333333334,0.9590719699550775,1,False
PAY009446,CUST00218,2026-05-31,5816.46,card,insufficient_funds,261389.09,13,7,6,6948.948461538462,0.5384615384615384,0.8370273620812357,2,False
PAY009682,CUST00218,2026-06-09,5426.49,wallet,expired_card,261389.09,14,7,7,6868.056428571428,0.5,0.7901056225201578,3,False
PAY004533,CUST00219,2026-04-02,7084.7,card,timeout,128353.15,4,4,0,5897.395,1.0,1.201327026593945,0,True
PAY009509,CUST00220,2026-06-02,18429.14,upi,card_declined,230948.6,13,13,0,13354.426153846154,1.0,1.380002389297147,0,True
PAY009414,CUST00222,2026-05-30,21560.13,netbanking,network_error,299748.9,12,12,0,21707.16083333333,1.0,0.9932266207238143,0,True
PAY005343,CUST00223,2026-04-08,18066.63,upi,network_error,446255.83,5,5,0,24520.456,1.0,0.7367982879274351,0,False
PAY004662,CUST00224,2026-04-03,11390.02,card,timeout,361040.61,4,4,0,9459.31,1.0,1.2041068534597132,0,True
PAY000791,CUST00225,2026-03-07,18986.1,netbanking,authentication_failed,416131.74,0,0,0,18986.1,0.0,1.0,0,False
PAY005068,CUST00225,2026-04-06,25499.77,card,authentication_failed,416131.74,3,2,1,24230.91333333333,0.6666666666666666,1.052365201806948,1,False
PAY007403,CUST00225,2026-04-27,27657.31,upi,card_declined,416131.74,6,4,2,24297.485,0.6666666666666666,1.1382787148546445,1,False
PAY008329,CUST00225,2026-05-08,27645.87,wallet,card_declined,416131.74,7,4,3,24777.46,0.5714285714285714,1.1157669107325772,1,False
PAY009708,CUST00225,2026-06-10,34983.2,upi,expired_card,416131.74,11,7,4,25364.93090909091,0.6363636363636364,1.3791955564705227,0,False
PAY004003,CUST00226,2026-03-29,4526.37,card,authentication_failed,449118.01,4,4,0,4563.7325,1.0,0.9918131704695663,0,True
PAY005069,CUST00226,2026-04-06,3500.85,netbanking,timeout,449118.01,5,4,1,4556.26,0.8,0.7683604535298687,1,True
PAY001860,CUST00227,2026-03-14,21518.33,upi,network_error,239963.85,1,1,0,19869.55,1.0,1.0829802386063099,0,True
PAY004139,CUST00227,2026-03-30,22225.37,netbanking,expired_card,239963.85,3,2,1,21442.686666666665,0.6666666666666666,1.036501178490382,1,False
PAY006405,CUST00227,2026-04-17,21199.71,wallet,network_error,239963.85,5,3,2,22748.722,0.6,0.9319077353004709,1,False
PAY003434,CUST00228,2026-03-25,2827.2,netbanking,authentication_failed,127383.67,2,2,0,4146.605,1.0,0.6818107825558499,0,True
PAY004663,CUST00228,2026-04-03,2950.5,netbanking,network_error,127383.67,4,3,1,3392.6075,0.75,0.8696850431415953,1,False
PAY000327,CUST00229,2026-03-03,3032.87,netbanking,insufficient_funds,384077.77,0,0,0,3032.87,0.0,1.0,0,False
PAY006935,CUST00229,2026-04-22,4107.5,upi,network_error,384077.77,8,7,1,3087.6124999999997,0.875,1.330315899420669,0,True
PAY000025,CUST00230,2026-02-28,7451.46,upi,network_error,315240.48,0,0,0,7451.46,0.0,1.0,0,True
PAY001287,CUST00230,2026-03-10,7881.48,card,timeout,315240.48,1,0,1,7451.46,0.0,1.0577094958571878,1,True
PAY003566,CUST00230,2026-03-26,7423.79,wallet,authentication_failed,315240.48,3,1,2,8572.663333333332,0.3333333333333333,0.8659840835150804,2,False
PAY004917,CUST00230,2026-04-05,8502.15,netbanking,timeout,315240.48,4,1,3,8285.445,0.25,1.026154901758445,2,False
PAY001469,CUST00231,2026-03-11,3965.32,netbanking,authentication_failed,43354.26,1,1,0,4903.74,1.0,0.8086317790094908,0,True
PAY006728,CUST00231,2026-04-20,2476.18,upi,authentication_failed,43354.26,6,5,1,4610.125,0.8333333333333334,0.5371177571107074,0,False
PAY008527,CUST00231,2026-05-11,6013.95,card,timeout,43354.26,9,7,2,4388.891111111111,0.7777777777777778,1.3702663948018254,1,True
PAY003002,CUST00232,2026-03-22,15765.59,netbanking,network_error,139498.98,2,2,0,14065.634999999998,1.0,1.1208587454459042,0,False
PAY003720,CUST00232,2026-03-27,11571.4,wallet,expired_card,139498.98,3,2,1,14632.286666666667,0.6666666666666666,0.7908128280701626,1,True
PAY000243,CUST00233,2026-03-02,6955.19,card,authentication_failed,272375.35,0,0,0,6955.19,0.0,1.0,0,True
PAY001712,CUST00233,2026-03-13,5611.82,wallet,timeout,272375.35,1,0,1,6955.19,0.0,0.8068535870335678,1,True
PAY003282,CUST00233,2026-03-24,6182.49,netbanking,expired_card,272375.35,2,0,2,6283.504999999999,0.0,0.9839237813927101,2,False
PAY004918,CUST00233,2026-04-05,3769.72,card,card_declined,272375.35,3,0,3,6249.833333333333,0.0,0.6031712845675885,2,False
PAY005473,CUST00233,2026-04-09,7769.99,card,network_error,272375.35,4,0,4,5629.804999999999,0.0,1.3801525985358287,3,True
PAY003567,CUST00234,2026-03-26,5515.17,wallet,network_error,119474.43,4,4,0,5588.8025,1.0,0.9868249951577284,0,True
PAY002259,CUST00235,2026-03-17,8213.04,card,card_declined,354677.48,2,2,0,7839.844999999999,1.0,1.0476023441789986,0,False
PAY003003,CUST00235,2026-03-22,8141.99,upi,insufficient_funds,354677.48,3,2,1,7964.243333333333,0.6666666666666666,1.0223180858780057,1,False
PAY004406,CUST00235,2026-04-01,10493.38,upi,expired_card,354677.48,4,2,2,8008.68,0.5,1.3102508777975894,2,False
PAY005346,CUST00235,2026-04-08,7392.4,netbanking,network_error,354677.48,5,2,3,8505.619999999999,0.4,0.8691194762991998,3,True
PAY008169,CUST00235,2026-05-06,10853.75,upi,expired_card,354677.48,9,5,4,7595.371111111111,0.5555555555555556,1.4289953500918835,1,False
PAY000423,CUST00237,2026-03-04,13799.46,wallet,network_error,210808.25,0,0,0,13799.46,0.0,1.0,0,False
PAY008249,CUST00237,2026-05-07,12531.53,netbanking,expired_card,210808.25,7,6,1,13993.774285714286,0.8571428571428571,0.8955075124223609,0,True
PAY008726,CUST00237,2026-05-14,13956.1,wallet,card_declined,210808.25,8,6,2,13810.99375,0.75,1.010506575603946,1,True
PAY009729,CUST00238,2026-06-11,26262.54,card,card_declined,212971.04,12,12,0,22967.301666666666,1.0,1.1434752058016393,0,True
PAY001470,CUST00239,2026-03-11,5704.45,wallet,authentication_failed,294119.31,1,1,0,7333.83,1.0,0.7778268653623004,0,True
PAY003568,CUST00240,2026-03-26,10455.96,card,card_declined,429082.36,3,3,0,15612.746666666666,1.0,0.6697066328709191,0,True
PAY004535,CUST00240,2026-04-02,18690.18,wallet,network_error,429082.36,4,3,1,14323.55,0.75,1.3048566870643103,1,True
PAY007306,CUST00240,2026-04-26,14005.4,netbanking,insufficient_funds,429082.36,7,5,2,16184.791428571427,0.7142857142857143,0.8653432490502106,1,True
PAY000026,CUST00241,2026-02-28,7834.31,card,card_declined,193288.61,0,0,0,7834.31,0.0,1.0,0,False
PAY000548,CUST00241,2026-03-05,8016.82,upi,authentication_failed,193288.61,1,0,1,7834.31,0.0,1.023296244340599,1,False
PAY007829,CUST00241,2026-05-02,4817.68,upi,card_declined,193288.61,9,7,2,7466.188888888889,0.7777777777777778,0.6452662893607776,0,True
PAY009170,CUST00242,2026-05-23,918.58,card,card_declined,179120.61,11,11,0,970.6327272727272,1.0,0.9463723756574907,0,True
PAY009481,CUST00242,2026-06-01,1216.92,netbanking,network_error,179120.61,13,12,1,977.53,0.9230769230769231,1.2448927398647613,1,True
PAY005475,CUST00243,2026-04-09,9090.24,netbanking,insufficient_funds,427456.74,4,4,0,9098.47,1.0,0.9990954523123119,0,True
PAY004923,CUST00244,2026-04-05,12789.96,upi,card_declined,212415.53,3,3,0,16028.106666666667,1.0,0.7979707314151473,0,True
PAY000549,CUST00245,2026-03-05,5478.05,card,insufficient_funds,275335.49,0,0,0,5478.05,0.0,1.0,0,True
PAY003436,CUST00245,2026-03-25,7040.03,netbanking,insufficient_funds,275335.49,2,1,1,4533.185,0.5,1.5529986091456667,1,False
PAY008663,CUST00245,2026-05-13,5159.01,netbanking,expired_card,275335.49,11,9,2,5354.486363636363,0.8181818181818182,0.9634929757289342,0,False
PAY001716,CUST00246,2026-03-13,19654.83,wallet,card_declined,114166.65,1,1,0,16504.71,1.0,1.1908618812448084,0,True
PAY002118,CUST00246,2026-03-16,16278.87,netbanking,insufficient_funds,114166.65,2,1,1,18079.77,0.5,0.9003914319706501,1,True
PAY005476,CUST00246,2026-04-09,17204.05,upi,network_error,114166.65,5,3,2,16200.216,0.6,1.0619642355385879,2,False
PAY006938,CUST00246,2026-04-22,16029.12,netbanking,insufficient_funds,114166.65,7,4,3,15739.134285714286,0.5714285714285714,1.0184245022007927,1,True
PAY006177,CUST00247,2026-04-15,11672.22,netbanking,expired_card,220738.81,5,5,0,19785.658000000003,1.0,0.5899333749729222,0,True
PAY009448,CUST00248,2026-05-31,19857.89,card,expired_card,171384.12,11,11,0,24077.34363636364,1.0,0.8247541879997483,0,True
PAY000247,CUST00249,2026-03-02,6462.13,wallet,authentication_failed,205136.75,0,0,0,6462.13,0.0,1.0,0,True
PAY004262,CUST00249,2026-03-31,2695.69,upi,insufficient_funds,205136.75,5,4,1,5461.058,0.8,0.4936204669498108,1,True
PAY006834,CUST00249,2026-04-21,3422.94,wallet,network_error,205136.75,7,5,2,5068.938571428572,0.7142857142857143,0.6752774672184118,1,True
PAY007577,CUST00249,2026-04-29,2349.51,netbanking,authentication_failed,205136.75,8,5,3,4863.18875,0.625,0.48312128539119525,2,True
PAY002853,CUST00250,2026-03-21,7790.21,card,card_declined,236358.12,2,2,0,6996.455,1.0,1.1134510262697324,0,False
PAY003284,CUST00250,2026-03-24,10525.18,card,network_error,236358.12,3,2,1,7261.04,0.6666666666666666,1.4495416634531693,1,True
PAY000667,CUST00251,2026-03-06,6287.47,card,network_error,313017.2,0,0,0,6287.47,0.0,1.0,0,False
PAY002404,CUST00251,2026-03-18,7810.18,card,network_error,313017.2,1,0,1,6287.47,0.0,1.2421816724374033,1,False
PAY003140,CUST00251,2026-03-23,7671.66,netbanking,insufficient_funds,313017.2,2,0,2,7048.825000000001,0.0,1.088360116757048,2,False
PAY004141,CUST00251,2026-03-30,5457.14,upi,insufficient_funds,313017.2,3,0,3,7256.436666666667,0.0,0.7520412911571381,3,True
PAY005206,CUST00251,2026-04-07,6727.68,upi,insufficient_funds,313017.2,4,0,4,6806.6125,0.0,0.988403556100777,3,False
PAY004926,CUST00252,2026-04-05,812.51,upi,timeout,200040.03,4,4,0,828.01,1.0,0.9812804193186072,0,True
PAY007405,CUST00252,2026-04-27,922.14,netbanking,authentication_failed,200040.03,7,6,1,840.9685714285714,0.8571428571428571,1.0965213580259496,1,False
PAY008846,CUST00252,2026-05-16,595.68,wallet,authentication_failed,200040.03,9,7,2,861.1111111111111,0.7777777777777778,0.6917574193548387,1,False
PAY002405,CUST00254,2026-03-18,8250.6,wallet,card_declined,72171.25,1,1,0,11863.41,1.0,0.6954661433769886,0,False
PAY005348,CUST00254,2026-04-08,9810.28,card,timeout,72171.25,4,3,1,10526.455,0.75,0.9319642747724662,1,True
PAY008011,CUST00254,2026-05-04,9502.87,upi,network_error,72171.25,7,5,2,9880.715714285714,0.7142857142857143,0.961759276836655,1,False
PAY000330,CUST00255,2026-03-03,13342.87,upi,expired_card,29890.89,0,0,0,13342.87,0.0,1.0,0,True
PAY003285,CUST00255,2026-03-24,4793.79,wallet,card_declined,29890.89,4,3,1,11765.397500000001,0.75,0.4074481971391106,1,True
PAY005478,CUST00256,2026-04-09,30225.93,upi,timeout,109771.84,4,4,0,25621.1675,1.0,1.179724928616153,0,True
PAY005946,CUST00256,2026-04-13,21541.2,netbanking,network_error,109771.84,5,4,1,26542.120000000003,0.8,0.811585510125039,1,False
PAY008596,CUST00256,2026-05-12,34072.99,netbanking,timeout,109771.84,10,8,2,24752.545000000002,0.8,1.376544916896424,1,True
PAY004007,CUST00257,2026-03-29,19263.41,card,timeout,381808.71,4,4,0,17237.46,1.0,1.1175318173327162,0,True
PAY005594,CUST00257,2026-04-10,14693.3,card,insufficient_funds,381808.71,6,5,1,18147.531666666666,0.8333333333333334,0.8096583199239492,1,False
PAY007308,CUST00257,2026-04-26,22357.18,card,timeout,381808.71,9,7,2,17967.28888888889,0.7777777777777778,1.2443268507707834,2,False
PAY001292,CUST00258,2026-03-10,8534.58,card,expired_card,377244.86,0,0,0,8534.58,0.0,1.0,0,True
PAY005844,CUST00258,2026-04-12,6538.26,upi,expired_card,377244.86,5,4,1,8761.304,0.8,0.7462656243865069,0,True
PAY007130,CUST00258,2026-04-24,7393.09,netbanking,insufficient_funds,377244.86,6,4,2,8390.796666666667,0.6666666666666666,0.8810951204871686,1,True
PAY007941,CUST00258,2026-05-03,10511.12,upi,network_error,377244.86,7,4,3,8248.267142857143,0.5714285714285714,1.274342818673429,2,True
PAY004927,CUST00259,2026-04-05,929.46,wallet,insufficient_funds,129874.41,4,4,0,1295.3975,1.0,0.7175094903301882,0,False
PAY006287,CUST00259,2026-04-16,1130.93,netbanking,timeout,129874.41,5,4,1,1222.2099999999998,0.8,0.9253156167925317,1,True
PAY007832,CUST00259,2026-05-02,1345.84,wallet,authentication_failed,129874.41,7,5,2,1248.982857142857,0.7142857142857143,1.0775488168658383,2,True
PAY003286,CUST00260,2026-03-24,26819.66,card,insufficient_funds,14594.73,3,3,0,22022.376666666667,1.0,1.217836766936902,0,False
PAY000425,CUST00261,2026-03-04,19172.71,card,authentication_failed,499954.38,0,0,0,19172.71,0.0,1.0,0,True
PAY002856,CUST00264,2026-03-21,1742.71,wallet,timeout,475057.81,2,2,0,1786.6499999999999,1.0,0.9754064870008117,0,True
PAY003439,CUST00265,2026-03-25,9141.73,upi,authentication_failed,15088.11,2,2,0,10894.93,1.0,0.8390811138759037,0,True
PAY005479,CUST00265,2026-04-09,12039.05,wallet,card_declined,15088.11,4,3,1,11164.1775,0.75,1.0783642592568956,1,True
PAY008253,CUST00265,2026-05-07,11215.4,card,insufficient_funds,15088.11,7,5,2,11442.925714285713,0.7142857142857143,0.9801164737090216,1,False
PAY008989,CUST00265,2026-05-19,11031.73,netbanking,insufficient_funds,15088.11,9,6,3,11276.625555555556,0.6666666666666666,0.9782829043716091,1,False
PAY009355,CUST00265,2026-05-28,14319.43,upi,insufficient_funds,15088.11,10,6,4,11252.136,0.6,1.2725965985480445,2,True
PAY000029,CUST00266,2026-02-28,16515.89,netbanking,expired_card,67479.38,0,0,0,16515.89,0.0,1.0,0,True
PAY001124,CUST00266,2026-03-09,16423.84,netbanking,expired_card,67479.38,1,0,1,16515.89,0.0,0.9944265794940509,1,False
PAY002857,CUST00266,2026-03-21,24192.65,netbanking,authentication_failed,67479.38,4,2,2,16451.475,0.5,1.470545954086184,2,False
PAY000030,CUST00267,2026-02-28,7479.15,upi,insufficient_funds,284164.94,0,0,0,7479.15,0.0,1.0,0,True
PAY002263,CUST00267,2026-03-17,8441.28,upi,insufficient_funds,284164.94,3,2,1,6781.419999999999,0.6666666666666666,1.244765845501385,1,False
PAY005480,CUST00267,2026-04-09,5949.33,wallet,expired_card,284164.94,6,4,2,6267.838333333333,0.6666666666666666,0.9491837031533732,1,True
PAY006616,CUST00267,2026-04-19,5302.52,netbanking,card_declined,284164.94,8,5,3,6120.11375,0.625,0.8664087330076177,1,False
PAY007578,CUST00267,2026-04-29,5477.84,wallet,network_error,284164.94,9,5,4,6029.27,0.5555555555555556,0.9085411666752359,2,True
PAY008600,CUST00267,2026-05-12,6362.85,card,authentication_failed,284164.94,11,6,5,5925.171818181818,0.5454545454545454,1.073867593252762,2,True
PAY008990,CUST00267,2026-05-19,8241.48,netbanking,card_declined,284164.94,12,6,6,5961.645,0.5,1.3824171013201891,3,False
PAY002704,CUST00268,2026-03-20,19340.85,upi,authentication_failed,351235.16,2,2,0,17764.5,1.0,1.088735962171747,0,True
PAY007579,CUST00268,2026-04-29,15078.21,wallet,network_error,351235.16,8,7,1,15753.585,0.875,0.9571288059194145,0,True
PAY001294,CUST00270,2026-03-10,8433.98,card,expired_card,375223.2,0,0,0,8433.98,0.0,1.0,0,True
PAY003007,CUST00270,2026-03-22,8803.2,upi,network_error,375223.2,1,0,1,8433.98,0.0,1.0437776708031086,1,True
PAY005726,CUST00270,2026-04-11,8933.31,card,timeout,375223.2,3,1,2,7913.360000000001,0.3333333333333333,1.1288896246347946,1,True
PAY008601,CUST00272,2026-05-12,11756.98,card,network_error,58508.88,10,10,0,16598.248,1.0,0.7083265655507738,0,False
PAY009032,CUST00272,2026-05-20,14676.52,wallet,authentication_failed,58508.88,11,10,1,16158.132727272727,0.9090909090909091,0.9083054488856892,1,True
PAY009389,CUST00272,2026-05-29,18603.77,wallet,insufficient_funds,58508.88,12,10,2,16034.665,0.8333333333333334,1.1602219316711637,2,False
PAY001995,CUST00273,2026-03-15,23412.56,wallet,insufficient_funds,159418.84,1,1,0,18346.41,1.0,1.2761384924898114,0,True
PAY000128,CUST00274,2026-03-01,15427.44,wallet,card_declined,479295.55,0,0,0,15427.44,0.0,1.0,0,False
PAY004010,CUST00274,2026-03-29,12018.21,wallet,timeout,479295.55,4,3,1,16200.965,0.75,0.7418206261170245,1,True
PAY001125,CUST00275,2026-03-09,3786.56,upi,network_error,358932.28,0,0,0,3786.56,0.0,1.0,0,True
PAY001996,CUST00275,2026-03-15,3750.97,netbanking,timeout,358932.28,1,0,1,3786.56,0.0,0.9906009676328911,1,False
PAY004011,CUST00275,2026-03-29,4445.16,wallet,timeout,358932.28,3,1,2,4002.5533333333333,0.3333333333333333,1.1105810790778552,2,False
PAY004792,CUST00275,2026-04-04,6391.17,upi,timeout,358932.28,4,1,3,4113.205,0.25,1.5538175218594745,3,False
PAY006182,CUST00275,2026-04-15,2657.69,netbanking,authentication_failed,358932.28,6,2,4,4307.888333333333,0.3333333333333333,0.616935675754517,2,False
PAY008083,CUST00275,2026-05-05,3042.86,card,timeout,358932.28,8,3,5,4092.59375,0.375,0.7435040431266847,1,False
PAY008602,CUST00275,2026-05-12,5420.19,upi,timeout,358932.28,9,3,6,3975.956666666667,0.3333333333333333,1.3632417187645403,2,False
PAY003288,CUST00276,2026-03-24,14867.79,card,timeout,346854.14,3,3,0,14286.943333333335,1.0,1.0406557689153477,0,True
PAY006183,CUST00276,2026-04-15,16871.85,upi,expired_card,346854.14,6,5,1,13126.368333333334,0.8333333333333334,1.2853402838891335,1,False
PAY003290,CUST00278,2026-03-24,6043.11,upi,authentication_failed,425895.15,2,2,0,7853.79,1.0,0.7694514368222221,0,True
PAY005600,CUST00279,2026-04-10,22484.63,netbanking,timeout,64922.26,4,4,0,18595.7225,1.0,1.2091291424681134,0,False
PAY008413,CUST00280,2026-05-09,7507.22,card,card_declined,392404.5,11,11,0,8270.032727272728,1.0,0.9077618248405304,0,False
PAY001296,CUST00281,2026-03-10,18017.99,card,expired_card,217047.12,1,1,0,16760.24,1.0,1.0750436747922465,0,True
PAY006291,CUST00281,2026-04-16,20971.21,upi,card_declined,217047.12,6,5,1,17977.70666666667,0.8333333333333334,1.1665119688977754,0,False
PAY005077,CUST00282,2026-04-06,5255.89,netbanking,network_error,255450.59,3,3,0,3863.53,1.0,1.3603854506112285,0,True
PAY008334,CUST00282,2026-05-08,3275.54,wallet,insufficient_funds,255450.59,7,6,1,4000.6771428571433,0.8571428571428571,0.8187463979312073,0,True
PAY009756,CUST00282,2026-06-13,3594.88,card,authentication_failed,255450.59,11,9,2,3768.764545454546,0.8181818181818182,0.9538616585468929,0,True
PAY002266,CUST00283,2026-03-17,13435.2,netbanking,expired_card,425539.94,1,1,0,17034.14,1.0,0.7887219431095436,0,False
PAY001597,CUST00285,2026-03-12,13550.27,card,card_declined,319614.63,2,2,0,17439.975,1.0,0.7769661367060446,0,False
PAY001298,CUST00286,2026-03-10,15484.18,netbanking,authentication_failed,355117.78,1,1,0,14474.18,1.0,1.0697794279192328,0,True
PAY002858,CUST00286,2026-03-21,12820.68,wallet,network_error,355117.78,2,1,1,14979.18,0.5,0.8558999891849888,1,True
PAY004541,CUST00286,2026-04-02,19883.31,netbanking,network_error,355117.78,3,1,2,14259.68,0.3333333333333333,1.3943728049998318,2,True
PAY006292,CUST00286,2026-04-16,17152.91,wallet,network_error,355117.78,5,2,3,15562.866,0.4,1.1021690991877717,2,False
PAY009172,CUST00286,2026-05-23,11542.06,netbanking,expired_card,355117.78,9,5,4,15790.890000000001,0.5555555555555556,0.7309315687716145,0,True
PAY009817,CUST00286,2026-06-19,22936.82,card,expired_card,355117.78,14,9,5,15429.472142857141,0.6428571428571429,1.4865589559794683,1,True
PAY000131,CUST00288,2026-03-01,10821.54,wallet,expired_card,138690.79,0,0,0,10821.54,0.0,1.0,0,True
PAY002707,CUST00289,2026-03-20,4628.53,netbanking,authentication_failed,271395.59,3,3,0,4045.9300000000003,1.0,1.1439965595054782,0,True
PAY006620,CUST00289,2026-04-19,2735.58,upi,insufficient_funds,271395.59,7,6,1,3801.7657142857142,0.8571428571428571,0.7195551240100464,1,False
PAY007410,CUST00289,2026-04-27,5147.84,card,timeout,271395.59,8,6,2,3668.4925,0.75,1.4032576051334438,1,True
PAY001869,CUST00292,2026-03-14,7775.06,netbanking,authentication_failed,416211.85,1,1,0,7646.06,1.0,1.0168714344381289,0,True
PAY003146,CUST00292,2026-03-23,9303.91,netbanking,network_error,416211.85,2,1,1,7710.56,0.5,1.2066451723350833,1,True
PAY005079,CUST00292,2026-04-06,8720.62,wallet,insufficient_funds,416211.85,4,2,2,8505.5575,0.5,1.0252849387003733,2,False
PAY009173,CUST00292,2026-05-23,7055.68,wallet,authentication_failed,416211.85,9,6,3,8746.592222222222,0.6666666666666666,0.8066775974846332,0,True
PAY009782,CUST00292,2026-06-15,11497.83,upi,card_declined,416211.85,11,7,4,8617.576363636363,0.6363636363636364,1.3342301262936829,1,False
PAY009845,CUST00292,2026-06-23,8275.32,netbanking,timeout,416211.85,12,7,5,8857.5975,0.5833333333333334,0.9342623662906335,1,False
PAY001300,CUST00293,2026-03-10,11204.26,netbanking,timeout,441407.44,0,0,0,11204.26,0.0,1.0,0,True
PAY008336,CUST00293,2026-05-08,8069.94,upi,expired_card,441407.44,7,6,1,11341.83,0.8571428571428571,0.7115200986084256,0,True
PAY009711,CUST00293,2026-06-10,9694.56,wallet,network_error,441407.44,12,10,2,10465.783333333333,0.8333333333333334,0.9263100229796464,0,True
PAY000951,CUST00294,2026-03-08,1953.39,netbanking,network_error,235030.69,1,1,0,2508.04,1.0,0.7788512144941867,0,True
PAY001598,CUST00294,2026-03-12,1764.77,card,insufficient_funds,235030.69,3,2,1,2258.75,0.6666666666666666,0.7813038184836746,1,False
PAY002409,CUST00295,2026-03-18,8381.21,upi,authentication_failed,192599.71,2,2,0,5675.965,1.0,1.4766141087903113,0,False
PAY003294,CUST00295,2026-03-24,6648.18,card,insufficient_funds,192599.71,3,2,1,6577.713333333333,0.6666666666666666,1.0107129427957233,1,True
PAY003573,CUST00295,2026-03-26,3718.17,netbanking,insufficient_funds,192599.71,4,2,2,6595.33,0.5,0.5637579923976511,2,False
PAY004670,CUST00295,2026-04-03,4587.31,card,timeout,192599.71,5,2,3,6019.897999999999,0.4,0.7620245392862139,3,False
PAY006733,CUST00295,2026-04-20,6399.52,netbanking,timeout,192599.71,7,3,4,5704.817142857143,0.42857142857142855,1.1217747808118053,3,False
PAY007221,CUST00295,2026-04-25,4501.26,upi,authentication_failed,192599.71,8,3,5,5791.655,0.375,0.7771975368007936,3,False
PAY008254,CUST00295,2026-05-07,3173.14,card,authentication_failed,192599.71,10,4,6,5677.132,0.4,0.5589336305726201,2,False
PAY003295,CUST00296,2026-03-24,5615.59,wallet,card_declined,426221.65,2,2,0,5109.445,1.0,1.099060661187272,0,True
PAY000554,CUST00298,2026-03-05,16746.5,card,expired_card,173467.73,1,1,0,14090.11,1.0,1.1885286914012736,0,True
PAY002001,CUST00299,2026-03-15,3485.8,netbanking,timeout,352085.96,1,1,0,5239.84,1.0,0.6652493205899417,0,True
PAY003296,CUST00299,2026-03-24,3633.8,card,insufficient_funds,352085.96,2,1,1,4362.82,0.5,0.8329016553513554,1,False
PAY004932,CUST00299,2026-04-05,4555.67,card,card_declined,352085.96,4,2,2,4160.865,0.5,1.094885318317225,2,False
PAY005211,CUST00299,2026-04-07,4119.89,wallet,authentication_failed,352085.96,5,2,3,4239.826,0.4,0.9717120466736135,3,True
PAY007027,CUST00299,2026-04-23,4354.22,card,card_declined,352085.96,8,4,4,3978.1800000000003,0.5,1.0945256373517538,3,True
PAY007839,CUST00299,2026-05-02,3999.77,wallet,expired_card,352085.96,11,6,5,4239.055454545454,0.5454545454545454,0.9435521763960711,3,True
PAY008415,CUST00304,2026-05-09,1960.67,wallet,authentication_failed,247956.56,8,8,0,1980.0275000000001,1.0,0.9902236206315316,0,True
PAY009257,CUST00304,2026-05-25,1433.44,wallet,card_declined,247956.56,10,9,1,1904.425,0.9,0.7526891318902031,1,True
PAY009324,CUST00304,2026-05-27,1528.49,card,network_error,247956.56,11,9,2,1861.6081818181817,0.8181818181818182,0.82105891826666,2,True
PAY000954,CUST00305,2026-03-08,2697.52,wallet,timeout,51061.41,0,0,0,2697.52,0.0,1.0,0,False
PAY001480,CUST00305,2026-03-11,2881.12,netbanking,timeout,51061.41,1,0,1,2697.52,0.0,1.0680625166819893,1,False
PAY002271,CUST00305,2026-03-17,2272.1,upi,card_declined,51061.41,2,0,2,2789.3199999999997,0.0,0.814571293361823,2,True
PAY003575,CUST00305,2026-03-26,1523.13,upi,expired_card,51061.41,3,0,3,2616.9133333333334,0.0,0.5820330312811277,3,False
PAY008416,CUST00305,2026-05-09,1543.3,upi,network_error,51061.41,9,5,4,2479.721111111111,0.5555555555555556,0.6223683756551476,0,False
PAY008732,CUST00305,2026-05-14,2695.5,card,card_declined,51061.41,10,5,5,2386.079,0.5,1.1296776007835447,1,True
PAY000671,CUST00306,2026-03-06,17827.78,wallet,timeout,347434.64,0,0,0,17827.78,0.0,1.0,0,False
PAY001726,CUST00306,2026-03-13,8817.26,wallet,insufficient_funds,347434.64,1,0,1,17827.78,0.0,0.4945798074690175,1,True
PAY002002,CUST00306,2026-03-15,7397.86,upi,insufficient_funds,347434.64,2,0,2,13322.52,0.0,0.5552898400602888,2,False
PAY003446,CUST00306,2026-03-25,13546.06,upi,authentication_failed,347434.64,4,1,3,10843.1225,0.25,1.2492766728403188,3,False
PAY009296,CUST00306,2026-05-26,7170.7,netbanking,network_error,347434.64,13,9,4,12751.206153846153,0.6923076923076923,0.5623546442182724,0,True
PAY006838,CUST00307,2026-04-21,9309.44,wallet,timeout,292870.01,7,7,0,11573.215714285714,1.0,0.8043952717919739,0,False
PAY002862,CUST00308,2026-03-21,4930.6,wallet,insufficient_funds,267806.36,2,2,0,5928.8150000000005,1.0,0.8316333027763558,0,False
PAY004276,CUST00308,2026-03-31,6206.73,upi,timeout,267806.36,3,2,1,5596.076666666667,0.6666666666666666,1.1091216882303851,1,False
PAY004672,CUST00308,2026-04-03,3081.54,netbanking,expired_card,267806.36,4,2,2,5748.74,0.5,0.5360374621221347,2,False
PAY001599,CUST00309,2026-03-12,3611.22,wallet,authentication_failed,374238.04,1,1,0,3860.65,1.0,0.9353917086500977,0,True
PAY002003,CUST00310,2026-03-15,1372.64,netbanking,network_error,352913.2,2,2,0,1544.35,1.0,0.8888140641693918,0,True
PAY002568,CUST00310,2026-03-19,1862.18,wallet,insufficient_funds,352913.2,3,2,1,1487.1133333333335,0.6666666666666666,1.2522112190507784,1,True
PAY003447,CUST00310,2026-03-25,1426.01,upi,timeout,352913.2,4,2,2,1580.88,0.5,0.9020355751227164,2,True
PAY003730,CUST00310,2026-03-27,1262.02,card,insufficient_funds,352913.2,5,2,3,1549.9060000000002,0.4,0.8142558322891839,3,True
PAY001870,CUST00311,2026-03-14,9137.92,upi,card_declined,129444.82,1,1,0,15261.12,1.0,0.5987712566312302,0,False
PAY003149,CUST00311,2026-03-23,10835.35,netbanking,timeout,129444.82,2,1,1,12199.52,0.5,0.8881783873463874,1,False
PAY003874,CUST00311,2026-03-28,7398.07,netbanking,card_declined,129444.82,3,1,2,11744.796666666667,0.3333333333333333,0.6299019225251239,2,True
PAY008175,CUST00311,2026-05-06,8348.95,card,network_error,129444.82,8,5,3,10832.1325,0.625,0.7707577432236913,0,False
PAY009731,CUST00311,2026-06-11,11191.31,wallet,timeout,129444.82,12,8,4,10152.994166666667,0.6666666666666666,1.1022669585236473,0,True
PAY000135,CUST00312,2026-03-01,18454.11,wallet,timeout,100329.23,0,0,0,18454.11,0.0,1.0,0,True
PAY001481,CUST00312,2026-03-11,18159.93,wallet,insufficient_funds,100329.23,1,0,1,18454.11,0.0,0.9840588356740043,1,False
PAY003298,CUST00312,2026-03-24,17825.31,upi,insufficient_funds,100329.23,3,1,2,18125.27666666667,0.3333333333333333,0.9834503675622055,2,False
PAY002863,CUST00313,2026-03-21,10075.74,netbanking,card_declined,270252.66,2,2,0,11271.99,1.0,0.8938741074113798,0,True
PAY005358,CUST00313,2026-04-08,10224.15,card,card_declined,270252.66,4,3,1,10042.135,0.75,1.018125129765732,1,False
PAY008666,CUST00313,2026-05-13,11287.63,netbanking,expired_card,270252.66,9,7,2,9390.71,0.7777777777777778,1.201999635810285,0,True
PAY000557,CUST00314,2026-03-05,3537.29,wallet,insufficient_funds,96649.17,0,0,0,3537.29,0.0,1.0,0,False
PAY000956,CUST00314,2026-03-08,2210.97,upi,expired_card,96649.17,1,0,1,3537.29,0.0,0.6250462925007562,1,False
PAY002708,CUST00314,2026-03-20,3663.37,netbanking,expired_card,96649.17,2,0,2,2874.13,0.0,1.2746013576282214,2,True
PAY004145,CUST00314,2026-03-30,3919.71,upi,authentication_failed,96649.17,3,0,3,3137.2099999999996,0.0,1.2494254449016804,3,False
PAY006943,CUST00314,2026-04-22,3072.51,wallet,expired_card,96649.17,6,2,4,3172.34,0.3333333333333333,0.968531115832477,1,True
PAY003150,CUST00315,2026-03-23,1954.46,card,card_declined,244678.3,2,2,0,1428.56,1.0,1.3681329450635606,0,True
PAY004018,CUST00315,2026-03-29,1532.86,netbanking,timeout,244678.3,3,2,1,1603.86,0.6666666666666666,0.9557317970396418,1,True
PAY000336,CUST00317,2026-03-03,13534.52,wallet,insufficient_funds,145084.36,0,0,0,13534.52,0.0,1.0,0,True
PAY000959,CUST00317,2026-03-08,16447.67,upi,card_declined,145084.36,2,1,1,15830.460000000001,0.5,1.0389887596443816,1,False
PAY002569,CUST00317,2026-03-19,17435.26,wallet,network_error,145084.36,3,1,2,16036.196666666665,0.3333333333333333,1.0872440867628836,2,True
PAY005359,CUST00317,2026-04-08,10017.51,wallet,card_declined,145084.36,5,2,3,15715.467999999999,0.4,0.6374299511793096,1,False
PAY006734,CUST00317,2026-04-20,19636.04,wallet,expired_card,145084.36,6,2,4,14765.808333333334,0.3333333333333333,1.3298317001496136,1,True
PAY007585,CUST00317,2026-04-29,19666.54,upi,timeout,145084.36,7,2,5,15461.555714285714,0.2857142857142857,1.2719638543118328,2,False
PAY008417,CUST00317,2026-05-09,13625.75,netbanking,expired_card,145084.36,8,2,6,15987.17875,0.25,0.852292340823424,2,False
PAY009034,CUST00317,2026-05-20,15502.27,upi,card_declined,145084.36,9,2,7,15724.797777777778,0.2222222222222222,0.9858486079806856,3,False
PAY009450,CUST00317,2026-05-31,18530.32,card,card_declined,145084.36,10,2,8,15702.545000000002,0.2,1.1800838653861523,2,False
PAY002864,CUST00318,2026-03-21,6113.13,netbanking,expired_card,101088.2,2,2,0,4684.725,1.0,1.3049069048876933,0,True
PAY003299,CUST00318,2026-03-24,4692.77,netbanking,card_declined,101088.2,3,2,1,5160.860000000001,0.6666666666666666,0.9093000003875323,1,False
PAY002570,CUST00319,2026-03-19,16433.51,netbanking,insufficient_funds,93823.56,1,1,0,12021.65,1.0,1.3669928836723744,0,False
PAY004279,CUST00319,2026-03-31,12132.43,card,insufficient_funds,93823.56,3,2,1,14534.21,0.6666666666666666,0.8347498763262675,1,True
PAY006839,CUST00319,2026-04-21,13233.26,netbanking,timeout,93823.56,6,4,2,13194.838333333333,0.6666666666666666,1.0029118709677256,1,True
PAY007843,CUST00320,2026-05-02,12078.98,card,expired_card,269396.87,10,10,0,11319.541000000001,1.0,1.067090971268181,0,True
PAY001308,CUST00322,2026-03-10,3783.41,card,insufficient_funds,350221.61,0,0,0,3783.41,0.0,1.0,0,True
PAY003577,CUST00322,2026-03-26,3519.35,upi,card_declined,350221.61,2,1,1,3665.7749999999996,0.5,0.9600561954839019,1,True
PAY005214,CUST00322,2026-04-07,2757.97,wallet,card_declined,350221.61,3,1,2,3616.9666666666667,0.3333333333333333,0.7625091006275977,2,False
PAY006840,CUST00322,2026-04-21,2704.74,wallet,network_error,350221.61,5,2,3,3618.2300000000005,0.4,0.7475312514682592,2,False
PAY008603,CUST00322,2026-05-12,3435.35,upi,expired_card,350221.61,8,4,4,3634.42,0.5,0.9452264735501125,1,False
PAY009846,CUST00322,2026-06-23,4042.72,netbanking,insufficient_funds,350221.61,12,7,5,3627.3441666666663,0.5833333333333334,1.1145123854390253,0,False
PAY002414,CUST00323,2026-03-18,12537.54,upi,timeout,434888.29,1,1,0,14710.6,1.0,0.8522793087977377,0,True
PAY005361,CUST00323,2026-04-08,11525.98,wallet,authentication_failed,434888.29,5,4,1,13736.083999999999,0.8,0.8391023234860824,1,False
PAY006295,CUST00323,2026-04-16,13189.19,card,timeout,434888.29,6,4,2,13367.733333333332,0.6666666666666666,0.9866437092301863,2,False
PAY009391,CUST00323,2026-05-29,16065.89,upi,card_declined,434888.29,11,8,3,13869.753636363637,0.7272727272727273,1.1583399692030971,0,True
PAY001871,CUST00324,2026-03-14,19776.57,wallet,expired_card,436996.27,1,1,0,17426.59,1.0,1.1348502489586316,0,True
PAY006074,CUST00324,2026-04-14,17917.26,wallet,expired_card,436996.27,5,4,1,14797.888,0.8,1.21079845988833,0,False
PAY006945,CUST00324,2026-04-22,16992.19,netbanking,timeout,436996.27,6,4,2,15317.783333333333,0.6666666666666666,1.109311290689362,1,True
PAY000675,CUST00325,2026-03-06,16635.23,upi,authentication_failed,237351.49,0,0,0,16635.23,0.0,1.0,0,True
PAY006296,CUST00325,2026-04-16,15969.58,card,network_error,237351.49,5,4,1,16036.16,0.8,0.9958481332189252,0,True
PAY001482,CUST00327,2026-03-11,1223.08,card,expired_card,470826.48,2,2,0,1407.46,1.0,0.8689980532306424,0,True
PAY003449,CUST00327,2026-03-25,1432.74,card,authentication_failed,470826.48,5,4,1,1444.922,0.8,0.9915690950791808,1,True
PAY005606,CUST00327,2026-04-10,2136.63,upi,insufficient_funds,470826.48,7,5,2,1470.712857142857,0.7142857142857143,1.4527852868239797,2,False
PAY003302,CUST00328,2026-03-24,5521.18,wallet,timeout,411947.24,2,2,0,5824.51,1.0,0.9479217994303384,0,True
PAY003732,CUST00328,2026-03-27,9525.43,wallet,timeout,411947.24,3,2,1,5723.400000000001,0.6666666666666666,1.664295698361114,1,False
PAY008087,CUST00328,2026-05-05,8198.52,wallet,timeout,411947.24,10,8,2,7476.7300000000005,0.8,1.0965381924985922,0,True
PAY000439,CUST00329,2026-03-04,6124.39,upi,authentication_failed,41670.67,0,0,0,6124.39,0.0,1.0,0,True
PAY001310,CUST00329,2026-03-10,9072.42,upi,insufficient_funds,41670.67,1,0,1,6124.39,0.0,1.4813589598311014,1,False
PAY004411,CUST00329,2026-04-01,7156.73,netbanking,authentication_failed,41670.67,4,2,2,7536.4875,0.5,0.9496108100756485,2,True
PAY006736,CUST00329,2026-04-20,8795.12,card,expired_card,41670.67,7,4,3,8752.412857142857,0.5714285714285714,1.0048794707875657,1,True
PAY000803,CUST00330,2026-03-07,9990.36,card,insufficient_funds,31536.49,0,0,0,9990.36,0.0,1.0,0,True
PAY006076,CUST00330,2026-04-14,7758.57,wallet,card_declined,31536.49,5,4,1,9615.602,0.8,0.806873038214352,0,False
PAY000137,CUST00331,2026-03-01,14152.22,upi,authentication_failed,283605.6,0,0,0,14152.22,0.0,1.0,0,False
PAY000337,CUST00331,2026-03-03,18757.85,netbanking,card_declined,283605.6,1,0,1,14152.22,0.0,1.3254351614093054,1,False
PAY004938,CUST00331,2026-04-05,11905.81,card,expired_card,283605.6,6,4,2,15282.039999999999,0.6666666666666666,0.7790720348853949,0,True
PAY006947,CUST00331,2026-04-22,12836.25,upi,network_error,283605.6,8,5,3,15167.1775,0.625,0.8463176487517207,1,True
PAY008088,CUST00331,2026-05-05,10786.87,upi,timeout,283605.6,10,6,4,14444.051000000001,0.6,0.7468036494747907,2,True
PAY003578,CUST00332,2026-03-26,10696.63,wallet,timeout,496989.47,3,3,0,12469.973333333333,1.0,0.857790928181616,0,True
PAY005218,CUST00332,2026-04-07,12953.52,card,timeout,496989.47,5,4,1,12032.048,0.8,1.0765848008585073,1,True
PAY006077,CUST00332,2026-04-14,11822.51,card,expired_card,496989.47,6,4,2,12185.626666666669,0.6666666666666666,0.9702012316149516,2,False
PAY009623,CUST00332,2026-06-06,11188.58,card,authentication_failed,496989.47,14,11,3,11942.501428571428,0.7857142857142857,0.9368707273697506,0,True
PAY006622,CUST00333,2026-04-19,3328.18,card,insufficient_funds,383399.51,5,5,0,3283.1479999999997,1.0,1.0137161041780633,0,False
PAY009452,CUST00333,2026-05-31,2841.85,wallet,insufficient_funds,383399.51,12,11,1,3419.24,0.9166666666666666,0.8311349890618969,0,False
PAY002416,CUST00334,2026-03-18,10623.32,wallet,expired_card,396416.71,2,2,0,7094.155000000001,1.0,1.497475034024489,0,True
PAY004795,CUST00334,2026-04-04,8677.7,wallet,expired_card,396416.71,5,4,1,9105.466,0.8,0.9530209656485457,1,False
PAY006078,CUST00334,2026-04-14,9052.99,card,network_error,396416.71,6,4,2,9034.171666666667,0.6666666666666666,1.0020830170189001,2,False
PAY006948,CUST00334,2026-04-22,9787.26,wallet,authentication_failed,396416.71,7,4,3,9036.86,0.5714285714285714,1.0830376922957752,2,True
PAY007316,CUST00334,2026-04-26,11980.62,netbanking,timeout,396416.71,8,4,4,9130.66,0.5,1.3121307769646444,3,True
PAY008420,CUST00334,2026-05-09,10048.03,netbanking,card_declined,396416.71,10,5,5,9934.128,0.5,1.011465727037139,3,False
PAY008995,CUST00334,2026-05-19,6209.41,netbanking,network_error,396416.71,11,5,6,9944.482727272727,0.45454545454545453,0.6244075403711752,3,False
PAY009212,CUST00334,2026-05-24,5369.01,upi,authentication_failed,396416.71,12,5,7,9633.226666666667,0.4166666666666667,0.5573428494709975,3,True
PAY003580,CUST00335,2026-03-26,10543.34,netbanking,timeout,263673.4,2,2,0,9800.645,1.0,1.0757802165061585,0,True
PAY004940,CUST00335,2026-04-05,12589.5,card,network_error,263673.4,3,2,1,10048.21,0.6666666666666666,1.2529097222291334,1,False
PAY000560,CUST00337,2026-03-05,3905.43,upi,timeout,495065.47,0,0,0,3905.43,0.0,1.0,0,True
PAY008177,CUST00337,2026-05-06,4146.28,wallet,insufficient_funds,495065.47,8,7,1,3598.5675,0.875,1.1522029251917603,0,False
PAY005219,CUST00338,2026-04-07,802.53,wallet,card_declined,312408.52,5,5,0,806.482,1.0,0.995099704643129,0,True
PAY005731,CUST00338,2026-04-11,820.83,upi,timeout,312408.52,6,5,1,805.8233333333333,0.8333333333333334,1.018622775049949,1,True
PAY000561,CUST00340,2026-03-05,17642.01,card,insufficient_funds,107855.01,0,0,0,17642.01,0.0,1.0,0,True
PAY000961,CUST00340,2026-03-08,13404.08,upi,network_error,107855.01,1,0,1,17642.01,0.0,0.7597819069369081,1,False
PAY004412,CUST00340,2026-04-01,16904.3,wallet,authentication_failed,107855.01,4,2,2,15022.4475,0.5,1.1252693677245336,2,False
PAY000562,CUST00341,2026-03-05,6468.26,netbanking,expired_card,331911.93,0,0,0,6468.26,0.0,1.0,0,False
PAY002712,CUST00341,2026-03-20,7436.95,wallet,authentication_failed,331911.93,2,1,1,7322.705,0.5,1.0156014751379443,1,False
PAY001874,CUST00342,2026-03-14,7996.1,card,expired_card,91037.71,1,1,0,6064.18,1.0,1.3185789340026186,0,False
PAY006421,CUST00342,2026-04-17,5438.31,netbanking,insufficient_funds,91037.71,5,4,1,6660.6179999999995,0.8,0.816487298926316,0,False
PAY009036,CUST00342,2026-05-20,7001.59,netbanking,timeout,91037.71,9,7,2,6544.443333333333,0.7777777777777778,1.0698526434384794,0,True
PAY000252,CUST00343,2026-03-02,15553.58,netbanking,timeout,6324.48,0,0,0,15553.58,0.0,1.0,0,False
PAY002869,CUST00344,2026-03-21,600.49,card,timeout,298936.54,2,2,0,615.435,1.0,0.9757163632227612,0,True
PAY005363,CUST00344,2026-04-08,807.74,card,card_declined,298936.54,4,3,1,628.2225,0.75,1.2857546490296035,1,True
PAY000963,CUST00345,2026-03-08,1124.01,card,insufficient_funds,119580.74,1,1,0,1055.32,1.0,1.0650892620247887,0,True
PAY004942,CUST00345,2026-04-05,900.02,netbanking,timeout,119580.74,5,4,1,1101.358,0.8,0.8171911403921341,1,True
PAY004414,CUST00346,2026-04-01,7838.86,card,expired_card,352978.84,3,3,0,10670.813333333334,1.0,0.7346075463163695,0,True
PAY005609,CUST00346,2026-04-10,7681.68,wallet,expired_card,352978.84,6,5,1,9508.493333333334,0.8333333333333334,0.8078756255810594,1,True
PAY002417,CUST00348,2026-03-18,5359.66,card,network_error,394974.87,2,2,0,8746.83,1.0,0.6127545636533464,0,True
PAY006623,CUST00348,2026-04-19,5738.01,card,card_declined,394974.87,7,6,1,7306.608571428572,0.8571428571428571,0.7853178316459503,0,True
PAY008090,CUST00348,2026-05-05,5330.04,netbanking,expired_card,394974.87,10,8,2,7371.411,0.8,0.7230691654555688,1,True
PAY008668,CUST00348,2026-05-13,9784.48,wallet,card_declined,394974.87,11,8,3,7185.831818181818,0.7272727272727273,1.3616349850052154,2,True
PAY001485,CUST00350,2026-03-11,15211.65,card,card_declined,215443.79,1,1,0,11698.05,1.0,1.3003577519330145,0,False
PAY004550,CUST00351,2026-04-02,17578.85,card,timeout,325579.19,4,4,0,15883.805,1.0,1.106715299010533,0,True
PAY001319,CUST00352,2026-03-10,11309.04,netbanking,authentication_failed,414182.42,1,1,0,9038.48,1.0,1.251210380506457,0,True
PAY004551,CUST00352,2026-04-02,11096.15,wallet,expired_card,414182.42,3,2,1,9401.52,0.6666666666666666,1.1802506403219903,1,False
PAY000965,CUST00353,2026-03-08,6417.21,wallet,card_declined,87131.78,0,0,0,6417.21,0.0,1.0,0,True
PAY002010,CUST00353,2026-03-15,7023.57,wallet,insufficient_funds,87131.78,2,1,1,7427.924999999999,0.5,0.9455628590757177,1,True
PAY009175,CUST00353,2026-05-23,8920.22,netbanking,network_error,87131.78,12,10,2,9265.026666666667,0.8333333333333334,0.9627840610640443,0,False
PAY001320,CUST00354,2026-03-10,15018.89,card,card_declined,375734.07,2,2,0,12306.71,1.0,1.2203822142554752,0,True
PAY001134,CUST00355,2026-03-09,9669.84,wallet,card_declined,147862.24,0,0,0,9669.84,0.0,1.0,0,True
PAY004286,CUST00355,2026-03-31,5897.9,netbanking,network_error,147862.24,2,1,1,7695.29,0.5,0.7664298551451602,1,False
PAY004944,CUST00355,2026-04-05,6349.45,upi,timeout,147862.24,3,1,2,7096.16,0.3333333333333333,0.8947726657798021,2,True
PAY008341,CUST00355,2026-05-08,5260.16,upi,authentication_failed,147862.24,7,4,3,7347.018571428571,0.5714285714285714,0.7159584461179881,0,True
PAY000141,CUST00356,2026-03-01,10419.01,netbanking,insufficient_funds,345895.61,0,0,0,10419.01,0.0,1.0,0,True
PAY005960,CUST00356,2026-04-13,20318.89,card,authentication_failed,345895.61,5,4,1,18227.15,0.8,1.114759575687916,0,True
PAY001487,CUST00357,2026-03-11,2416.57,card,insufficient_funds,471624.74,1,1,0,2253.97,1.0,1.0721393807370996,0,True
PAY005364,CUST00358,2026-04-08,14237.51,card,expired_card,249428.63,5,5,0,10853.068000000001,1.0,1.3118419602641391,0,True
PAY006187,CUST00358,2026-04-15,11683.55,card,timeout,249428.63,6,5,1,11417.141666666668,0.8333333333333334,1.0233340656629613,1,False
PAY007141,CUST00358,2026-04-24,9650.93,upi,authentication_failed,249428.63,7,5,2,11455.199999999999,0.7142857142857143,0.8424933654584819,2,False
PAY002128,CUST00359,2026-03-16,11239.74,wallet,insufficient_funds,24731.09,2,2,0,12147.69,1.0,0.9252573946157664,0,True
PAY003738,CUST00359,2026-03-27,11599.84,card,authentication_failed,24731.09,3,2,1,11845.04,0.6666666666666666,0.9792993523027359,1,False
PAY004799,CUST00359,2026-04-04,12084.41,card,network_error,24731.09,4,2,2,11783.74,0.5,1.0255156682004185,2,True
PAY002575,CUST00360,2026-03-19,11619.48,card,authentication_failed,164549.18,1,1,0,19246.17,1.0,0.6037294692918124,0,True
PAY004025,CUST00360,2026-03-29,16664.37,card,expired_card,164549.18,2,1,1,15432.824999999999,0.5,1.0798003605950304,1,True
PAY008801,CUST00360,2026-05-15,11968.92,card,card_declined,164549.18,9,7,2,14920.068888888889,0.7777777777777778,0.8022027303716649,0,True
PAY009420,CUST00360,2026-05-30,16311.94,wallet,insufficient_funds,164549.18,11,8,3,15193.32818181818,0.7272727272727273,1.0736251994819976,1,True
PAY001729,CUST00362,2026-03-13,23232.72,upi,timeout,418799.51,1,1,0,16201.37,1.0,1.4339972483808467,0,True
PAY004552,CUST00362,2026-04-02,15344.29,wallet,card_declined,418799.51,4,3,1,20854.215,0.75,0.7357884245463088,1,False
PAY006188,CUST00362,2026-04-15,31285.21,netbanking,expired_card,418799.51,6,4,2,19711.45,0.6666666666666666,1.5871592399341499,1,False
PAY007031,CUST00362,2026-04-23,17126.05,card,network_error,418799.51,7,4,3,21364.844285714287,0.5714285714285714,0.8015995703489129,2,False
PAY003453,CUST00363,2026-03-25,2174.44,card,card_declined,475639.21,3,3,0,2875.813333333333,1.0,0.7561130532347952,0,True
PAY004800,CUST00364,2026-04-04,14022.58,netbanking,card_declined,337779.38,4,4,0,12496.555,1.0,1.1221156550745386,0,True
PAY006625,CUST00365,2026-04-19,3060.46,card,expired_card,24914.68,7,7,0,3802.598571428571,1.0,0.8048338373120036,0,True
PAY000254,CUST00366,2026-03-02,552.08,upi,insufficient_funds,237897.91,0,0,0,552.08,0.0,1.0,0,False
PAY005735,CUST00366,2026-04-11,414.64,wallet,timeout,237897.91,7,6,1,373.7114285714286,0.8571428571428571,1.109519185926498,0,True
PAY006842,CUST00366,2026-04-21,432.98,netbanking,card_declined,237897.91,8,6,2,378.8275,0.75,1.1429476476760532,1,False
PAY009039,CUST00366,2026-05-20,487.7,wallet,timeout,237897.91,11,8,3,386.7872727272727,0.7272727272727273,1.260899813381093,1,False
PAY000036,CUST00367,2026-02-28,11168.2,netbanking,timeout,458456.03,0,0,0,11168.2,0.0,1.0,0,False
PAY001490,CUST00367,2026-03-11,10122.11,netbanking,expired_card,458456.03,2,1,1,10806.835,0.5,0.9366396359341104,1,True
PAY004682,CUST00367,2026-04-03,6271.42,netbanking,authentication_failed,458456.03,4,2,2,9805.2075,0.5,0.6396009467418206,1,True
PAY005223,CUST00367,2026-04-07,8165.09,upi,timeout,458456.03,5,2,3,9098.45,0.4,0.8974154938478531,2,True
PAY006626,CUST00367,2026-04-19,10446.48,card,expired_card,458456.03,8,4,4,8593.147500000001,0.5,1.2156756299132534,2,False
PAY007589,CUST00367,2026-04-29,5988.6,wallet,expired_card,458456.03,10,5,5,8629.913,0.5,0.6939351532280801,3,True
PAY002576,CUST00368,2026-03-19,5503.46,wallet,insufficient_funds,294738.16,2,2,0,5239.219999999999,1.0,1.050434988414306,0,True
PAY000446,CUST00369,2026-03-04,735.3,netbanking,timeout,248404.27,0,0,0,735.3,0.0,1.0,0,False
PAY000684,CUST00369,2026-03-06,827.54,card,expired_card,248404.27,1,0,1,735.3,0.0,1.1254453964368285,1,False
PAY003309,CUST00369,2026-03-24,581.52,upi,expired_card,248404.27,3,1,2,846.0533333333333,0.3333333333333333,0.6873325558672424,2,False
PAY004554,CUST00369,2026-04-02,875.1,card,card_declined,248404.27,4,1,3,779.92,0.25,1.1220381577597702,3,False
PAY005858,CUST00369,2026-04-12,644.9,card,authentication_failed,248404.27,5,1,4,798.9559999999999,0.2,0.8071783677699398,2,False
PAY007231,CUST00369,2026-04-25,535.79,upi,timeout,248404.27,7,2,5,787.5814285714285,0.2857142857142857,0.6802979102387599,2,False
PAY009624,CUST00369,2026-06-06,802.99,card,timeout,248404.27,12,6,6,746.6283333333332,0.5,1.0754882505128613,0,False
PAY009784,CUST00369,2026-06-15,983.31,wallet,insufficient_funds,248404.27,13,6,7,750.9638461538462,0.46153846153846156,1.3093972566537566,1,False
PAY000685,CUST00370,2026-03-06,18973.35,card,network_error,177240.72,0,0,0,18973.35,0.0,1.0,0,True
PAY007320,CUST00370,2026-04-26,14794.24,upi,authentication_failed,177240.72,7,6,1,18797.859999999997,0.8571428571428571,0.7870172455800821,0,True
PAY008670,CUST00370,2026-05-13,16898.52,upi,card_declined,177240.72,9,7,2,18138.707777777778,0.7777777777777778,0.93162755622001,1,True
PAY005225,CUST00372,2026-04-07,9036.27,card,authentication_failed,168252.81,3,3,0,16046.1,1.0,0.5631443154411352,0,True
PAY006951,CUST00374,2026-04-22,5555.45,netbanking,insufficient_funds,407715.19,4,4,0,7774.6675,1.0,0.7145578894531502,0,False
PAY005961,CUST00377,2026-04-13,18967.08,card,expired_card,205066.65,5,5,0,19376.146,1.0,0.9788881648600295,0,False
PAY001879,CUST00378,2026-03-14,20433.82,wallet,timeout,494119.01,2,2,0,14732.029999999999,1.0,1.3870335588510205,0,True
PAY007490,CUST00378,2026-04-28,5916.65,card,network_error,494119.01,7,6,1,15464.422857142856,0.8571428571428571,0.3825975307747848,0,True
PAY003155,CUST00379,2026-03-23,12771.47,netbanking,card_declined,273583.83,2,2,0,12710.259999999998,1.0,1.0048157944841412,0,True
PAY006191,CUST00379,2026-04-15,11282.43,netbanking,authentication_failed,273583.83,5,4,1,12279.416000000001,0.8,0.9188083537523283,1,True
PAY007322,CUST00379,2026-04-26,6749.13,card,expired_card,273583.83,6,4,2,12113.251666666665,0.6666666666666666,0.557169138867337,1,False
PAY009865,CUST00379,2026-06-28,13435.39,card,card_declined,273583.83,13,10,3,11321.667692307692,0.7692307692307693,1.1866970807779882,0,True
PAY002717,CUST00380,2026-03-20,10659.75,upi,card_declined,97853.36,2,2,0,17434.555,1.0,0.6114150891720495,0,True
PAY006515,CUST00380,2026-04-18,17172.39,netbanking,insufficient_funds,97853.36,7,6,1,14405.667142857143,0.8571428571428571,1.1920579470361217,1,False
PAY007032,CUST00380,2026-04-23,10928.05,upi,card_declined,97853.36,9,7,2,15535.103333333333,0.7777777777777778,0.7034423759867706,1,False
PAY008737,CUST00380,2026-05-14,19092.98,upi,authentication_failed,97853.36,11,8,3,14837.5,0.7272727272727273,1.2868057287278853,2,True
PAY004420,CUST00381,2026-04-01,4472.63,wallet,insufficient_funds,379439.36,4,4,0,5514.5175,1.0,0.8110646126338342,0,True
PAY006516,CUST00381,2026-04-18,3762.99,wallet,card_declined,379439.36,6,5,1,5670.7266666666665,0.8333333333333334,0.6635816221083952,1,True
PAY006740,CUST00381,2026-04-20,1660.27,upi,network_error,379439.36,7,5,2,5398.192857142857,0.7142857142857143,0.3075603343446947,2,True
PAY006081,CUST00382,2026-04-14,12110.96,wallet,insufficient_funds,381195.32,7,7,0,16441.972857142857,1.0,0.7365880059057911,0,False
PAY007323,CUST00382,2026-04-26,16487.24,wallet,card_declined,381195.32,8,7,1,15900.596249999999,0.875,1.0368944497914663,1,True
PAY000810,CUST00384,2026-03-07,2479.24,upi,card_declined,221867.47,0,0,0,2479.24,0.0,1.0,0,True
PAY007491,CUST00384,2026-04-28,2596.13,card,expired_card,221867.47,7,6,1,2546.921428571429,0.8571428571428571,1.019320804668942,0,True
PAY000971,CUST00386,2026-03-08,12915.84,card,network_error,306391.48,0,0,0,12915.84,0.0,1.0,0,True
PAY003585,CUST00386,2026-03-26,9374.23,card,card_declined,306391.48,3,2,1,15293.726666666667,0.6666666666666666,0.6129460924936978,1,True
PAY005228,CUST00386,2026-04-07,16127.35,wallet,network_error,306391.48,4,2,2,13813.8525,0.5,1.1674766326048436,2,False
PAY006082,CUST00386,2026-04-14,16787.58,netbanking,network_error,306391.48,5,2,3,14276.552,0.4,1.1758847654531712,2,True
PAY001603,CUST00387,2026-03-12,2540.75,wallet,insufficient_funds,83397.19,1,1,0,2695.44,1.0,0.942610482889621,0,True
PAY008095,CUST00387,2026-05-05,2771.04,netbanking,timeout,83397.19,8,7,1,2558.0525,0.875,1.0832615827861236,0,True
PAY008738,CUST00387,2026-05-14,2128.52,upi,timeout,83397.19,10,8,2,2474.44,0.8,0.8602027125329367,1,False
PAY009040,CUST00387,2026-05-20,2707.62,wallet,card_declined,83397.19,11,8,3,2442.9927272727273,0.7272727272727273,1.1083209416766022,2,False
PAY003458,CUST00388,2026-03-25,4825.32,upi,authentication_failed,278364.45,3,3,0,7118.806666666666,1.0,0.677827088997126,0,False
PAY006083,CUST00388,2026-04-14,5712.53,wallet,authentication_failed,278364.45,6,5,1,6636.966666666667,0.8333333333333334,0.8607139807843944,1,True
PAY006422,CUST00388,2026-04-17,4970.16,netbanking,network_error,278364.45,7,5,2,6504.904285714286,0.7142857142857143,0.7640635098836416,2,True
PAY006846,CUST00389,2026-04-21,2428.11,wallet,network_error,496167.28,8,8,0,2816.23125,1.0,0.8621841690024569,0,True
PAY003158,CUST00390,2026-03-23,3453.73,wallet,timeout,233416.71,2,2,0,3040.965,1.0,1.1357348736338628,0,True
PAY002017,CUST00391,2026-03-15,10899.3,card,authentication_failed,416910.87,1,1,0,11270.26,1.0,0.9670850539384184,0,True
PAY000040,CUST00392,2026-02-28,12442.44,card,network_error,359718.65,0,0,0,12442.44,0.0,1.0,0,False
PAY003586,CUST00392,2026-03-26,11392.73,wallet,timeout,359718.65,3,2,1,14655.63,0.6666666666666666,0.7773620103673469,1,True
PAY009785,CUST00393,2026-06-15,5877.74,netbanking,expired_card,140345.32,14,14,0,6049.191428571428,1.0,0.971657132924967,0,True
PAY002419,CUST00394,2026-03-18,17521.47,upi,insufficient_funds,490221.09,3,3,0,17658.506666666668,1.0,0.9922396231315899,0,True
PAY003161,CUST00394,2026-03-23,19279.5,wallet,timeout,490221.09,5,4,1,17457.064000000002,0.8,1.1043953324568208,1,True
PAY005860,CUST00395,2026-04-12,11342.09,wallet,authentication_failed,277876.21,5,5,0,9099.542,1.0,1.2464462497123483,0,True
PAY008096,CUST00395,2026-05-05,8252.17,card,authentication_failed,277876.21,8,7,1,9696.545,0.875,0.8510423042434186,1,True
PAY009454,CUST00395,2026-05-31,8865.64,netbanking,timeout,277876.21,12,10,2,9051.022500000001,0.8333333333333334,0.9795180599760964,1,False
PAY002018,CUST00396,2026-03-15,19716.03,upi,network_error,461324.73,1,1,0,17994.11,1.0,1.0956935352734867,0,True
PAY003588,CUST00397,2026-03-26,7506.37,card,network_error,440266.5,4,4,0,6735.7825,1.0,1.1144020757796143,0,True
PAY008941,CUST00399,2026-05-18,17371.81,card,timeout,210396.5,9,9,0,13960.39,1.0,1.2443642333774345,0,True
PAY000144,CUST00400,2026-03-01,7989.32,upi,insufficient_funds,256330.15,0,0,0,7989.32,0.0,1.0,0,False
PAY002133,CUST00400,2026-03-16,8785.98,netbanking,network_error,256330.15,2,1,1,8976.805,0.5,0.9787424367578441,1,True
PAY003880,CUST00400,2026-03-28,5840.64,card,timeout,256330.15,3,1,2,8913.196666666667,0.3333333333333333,0.6552800547801967,2,True
PAY000690,CUST00401,2026-03-06,11022.45,netbanking,authentication_failed,145005.3,0,0,0,11022.45,0.0,1.0,0,True
PAY001327,CUST00401,2026-03-10,14507.24,netbanking,network_error,145005.3,1,0,1,11022.45,0.0,1.3161538496432281,1,False
PAY003023,CUST00401,2026-03-22,15529.85,netbanking,expired_card,145005.3,2,0,2,12764.845000000001,0.0,1.216610934171155,2,False
PAY006084,CUST00401,2026-04-14,15593.32,upi,card_declined,145005.3,5,2,3,12993.018,0.4,1.2001307163585857,1,False
PAY007033,CUST00401,2026-04-23,15848.14,netbanking,authentication_failed,145005.3,6,2,4,13426.401666666667,0.3333333333333333,1.180371360358279,1,False
PAY007233,CUST00401,2026-04-25,14992.54,card,network_error,145005.3,7,2,5,13772.364285714286,0.2857142857142857,1.0885959512087093,2,True
PAY001143,CUST00403,2026-03-09,1442.72,upi,card_declined,247371.97,0,0,0,1442.72,0.0,1.0,0,False
PAY003164,CUST00403,2026-03-23,687.91,netbanking,insufficient_funds,247371.97,2,1,1,944.735,0.5,0.7281512805178171,1,True
PAY005088,CUST00403,2026-04-06,1154.92,wallet,network_error,247371.97,5,3,2,959.466,0.6,1.2037112310389322,2,True
PAY005965,CUST00403,2026-04-13,1043.14,wallet,network_error,247371.97,6,3,3,992.0416666666666,0.5,1.05150825318157,2,False
PAY008097,CUST00403,2026-05-05,949.58,netbanking,network_error,247371.97,8,4,4,968.3025,0.5,0.9806646166874505,2,True
PAY008739,CUST00403,2026-05-14,844.85,netbanking,expired_card,247371.97,10,5,5,976.1479999999999,0.5,0.8654937570942113,1,False
PAY009216,CUST00403,2026-05-24,958.56,card,timeout,247371.97,11,5,6,964.2118181818182,0.45454545454545453,0.9941384060273439,2,False
PAY009713,CUST00403,2026-06-10,1161.19,card,network_error,247371.97,13,6,7,971.2969230769231,0.46153846153846156,1.195504662283418,2,False
PAY000691,CUST00404,2026-03-06,15212.09,card,insufficient_funds,271597.39,0,0,0,15212.09,0.0,1.0,0,False
PAY003743,CUST00404,2026-03-27,21390.15,card,insufficient_funds,271597.39,3,2,1,17428.743333333336,0.6666666666666666,1.2272915832715419,1,False
PAY006629,CUST00404,2026-04-19,12596.49,netbanking,network_error,271597.39,6,4,2,20697.411666666667,0.6666666666666666,0.6086021867307563,1,True
PAY007417,CUST00404,2026-04-27,18987.52,netbanking,network_error,271597.39,7,4,3,19540.13714285714,0.5714285714285714,0.9717188708135988,1,True
PAY009455,CUST00404,2026-05-31,24512.24,card,expired_card,271597.39,12,8,4,19727.773333333334,0.6666666666666666,1.2425244139733966,0,True
PAY009826,CUST00405,2026-06-20,9507.6,upi,authentication_failed,278199.12,13,13,0,5991.806923076923,1.0,1.5867667503407537,0,False
PAY001328,CUST00406,2026-03-10,13124.08,upi,card_declined,230395.59,1,1,0,14825.2,1.0,0.8852548363597118,0,True
PAY002720,CUST00406,2026-03-20,12926.05,card,expired_card,230395.59,3,2,1,14325.723333333333,0.6666666666666666,0.9022964983501706,1,True
PAY004291,CUST00406,2026-03-31,11836.83,card,insufficient_funds,230395.59,5,3,2,12132.276,0.6,0.975647932836345,2,False
PAY005743,CUST00406,2026-04-11,9632.6,netbanking,network_error,230395.59,6,3,3,12083.034999999998,0.5,0.797200372257467,2,True
PAY007328,CUST00406,2026-04-26,9766.34,card,insufficient_funds,230395.59,8,4,4,11485.83625,0.5,0.8502942047428197,2,False
PAY008264,CUST00406,2026-05-07,8426.57,netbanking,insufficient_funds,230395.59,9,4,5,11294.781111111111,0.4444444444444444,0.7460587254506825,2,False
PAY009087,CUST00408,2026-05-21,14972.85,upi,card_declined,288039.83,9,9,0,14643.195555555556,1.0,1.0225124661617577,0,True
PAY009603,CUST00408,2026-06-05,9226.57,card,authentication_failed,288039.83,11,10,1,14434.609090909093,0.9090909090909091,0.6391977740367688,1,True
PAY001145,CUST00409,2026-03-09,9371.41,card,card_declined,388894.52,0,0,0,9371.41,0.0,1.0,0,False
PAY000813,CUST00411,2026-03-07,5365.26,upi,timeout,406647.41,1,1,0,5926.0,1.0,0.9053763077961526,0,False
PAY001885,CUST00411,2026-03-14,1053.72,upi,authentication_failed,406647.41,3,2,1,5650.599999999999,0.6666666666666666,0.18647931193147632,1,True
PAY004558,CUST00411,2026-04-02,4170.8,netbanking,network_error,406647.41,5,3,2,4449.54,0.6,0.9373553221231858,2,True
PAY005617,CUST00412,2026-04-10,12421.8,card,authentication_failed,333525.97,4,4,0,9402.6625,1.0,1.3210938922884874,0,True
PAY000693,CUST00413,2026-03-06,5351.59,upi,insufficient_funds,490504.98,0,0,0,5351.59,0.0,1.0,0,False
PAY005230,CUST00413,2026-04-07,3316.31,upi,expired_card,490504.98,6,5,1,4374.411666666667,0.8333333333333334,0.7581156627919868,0,True
PAY005091,CUST00415,2026-04-06,3017.78,card,authentication_failed,297139.31,3,3,0,3100.85,1.0,0.9732105712949676,0,True
PAY006631,CUST00415,2026-04-19,2680.5,card,authentication_failed,297139.31,5,4,1,2942.102,0.8,0.9110833003070594,1,True
PAY000343,CUST00416,2026-03-03,531.03,wallet,timeout,437724.24,0,0,0,531.03,0.0,1.0,0,True
PAY002022,CUST00416,2026-03-15,899.7,upi,insufficient_funds,437724.24,2,1,1,721.41,0.5,1.2471410155112905,1,False
PAY003884,CUST00416,2026-03-28,888.77,card,card_declined,437724.24,4,2,2,810.4225,0.5,1.0966748825458326,2,False
PAY006958,CUST00416,2026-04-22,543.74,wallet,card_declined,437724.24,7,4,3,834.86,0.5714285714285714,0.6512948278753324,1,True
PAY007855,CUST00416,2026-05-02,1144.82,card,authentication_failed,437724.24,8,4,4,798.47,0.5,1.4337670795396193,1,False
PAY002582,CUST00417,2026-03-19,12509.69,wallet,expired_card,265345.79,1,1,0,10199.76,1.0,1.2264690541738237,0,True
PAY001607,CUST00418,2026-03-12,13037.93,card,network_error,362609.69,1,1,0,12491.01,1.0,1.0437850902368984,0,True
PAY001147,CUST00419,2026-03-09,6100.45,wallet,network_error,329116.76,0,0,0,6100.45,0.0,1.0,0,True
PAY001608,CUST00419,2026-03-12,3886.26,card,insufficient_funds,329116.76,1,0,1,6100.45,0.0,0.6370448081698892,1,False
PAY002280,CUST00419,2026-03-17,5878.59,upi,authentication_failed,329116.76,2,0,2,4993.355,0.0,1.177282608586812,2,False
PAY003593,CUST00419,2026-03-26,3484.3,netbanking,insufficient_funds,329116.76,3,0,3,5288.433333333333,0.0,0.6588529684279528,3,False
PAY006633,CUST00419,2026-04-19,5526.83,card,timeout,329116.76,5,1,4,4790.104,0.2,1.1538016711119423,1,True
PAY009851,CUST00419,2026-06-24,4506.14,netbanking,timeout,329116.76,12,7,5,4671.168333333333,0.5833333333333334,0.9646708657113264,0,True
PAY002281,CUST00420,2026-03-17,10813.02,card,network_error,237397.85,2,2,0,12111.585,1.0,0.8927832319221639,0,True
PAY001495,CUST00421,2026-03-11,9990.84,netbanking,insufficient_funds,172587.81,1,1,0,8914.55,1.0,1.120734080800489,0,False
PAY002282,CUST00421,2026-03-17,8344.21,wallet,expired_card,172587.81,2,1,1,9452.695,0.5,0.8827334426848639,1,False
PAY004691,CUST00421,2026-04-03,6842.57,upi,expired_card,172587.81,4,2,2,9315.325,0.5,0.7345497875812169,2,True
PAY001148,CUST00422,2026-03-09,14661.58,wallet,authentication_failed,326669.14,0,0,0,14661.58,0.0,1.0,0,True
PAY003314,CUST00422,2026-03-24,11975.42,wallet,insufficient_funds,326669.14,2,1,1,12020.630000000001,0.5,0.9962389658445522,1,False
PAY007145,CUST00422,2026-04-24,10733.53,netbanking,timeout,326669.14,6,4,2,11308.18,0.6666666666666666,0.9491828039525371,0,True
PAY003595,CUST00424,2026-03-26,4540.84,card,expired_card,193104.65,2,2,0,5173.365,1.0,0.8777343179922547,0,False
PAY004153,CUST00424,2026-03-30,7456.45,netbanking,timeout,193104.65,3,2,1,4962.5233333333335,0.6666666666666666,1.5025521290579993,1,False
PAY001887,CUST00426,2026-03-14,13167.17,upi,authentication_failed,436829.59,1,1,0,10152.01,1.0,1.2970012834896734,0,True
PAY002585,CUST00426,2026-03-19,8600.88,netbanking,card_declined,436829.59,2,1,1,11659.59,0.5,0.7376657326715604,1,True
PAY006849,CUST00426,2026-04-21,6641.89,wallet,card_declined,436829.59,5,3,2,9398.414,0.6,0.7067032799363807,0,False
PAY008538,CUST00426,2026-05-11,8791.28,upi,timeout,436829.59,8,5,3,9200.52,0.625,0.9555199053966515,1,False
PAY009042,CUST00426,2026-05-20,7478.67,card,authentication_failed,436829.59,10,6,4,9059.03,0.6,0.8255486514560609,2,True
PAY000148,CUST00427,2026-03-01,9989.4,upi,expired_card,38868.27,0,0,0,9989.4,0.0,1.0,0,False
PAY000819,CUST00427,2026-03-07,12388.28,netbanking,insufficient_funds,38868.27,2,1,1,9613.73,0.5,1.2886028627806274,1,False
PAY002880,CUST00429,2026-03-21,1853.57,upi,expired_card,374649.35,2,2,0,1737.5900000000001,1.0,1.066747621705926,0,True
PAY005497,CUST00429,2026-04-09,1915.1,upi,card_declined,374649.35,4,3,1,1744.73,0.75,1.097648346735598,1,False
PAY005094,CUST00430,2026-04-06,8918.96,wallet,insufficient_funds,53729.35,4,4,0,10449.85,1.0,0.8535012464293744,0,True
PAY005967,CUST00430,2026-04-13,8732.03,card,network_error,53729.35,5,4,1,10143.672,0.8,0.8608352083939623,1,False
PAY007858,CUST00430,2026-05-02,10100.3,wallet,expired_card,53729.35,7,5,2,10156.91,0.7142857142857143,0.9944264545024027,2,True
PAY004809,CUST00431,2026-04-04,3224.9,card,authentication_failed,436926.72,3,3,0,4701.44,1.0,0.6859387762047373,0,True
PAY002285,CUST00433,2026-03-17,17440.46,upi,card_declined,27765.53,3,3,0,14966.946666666669,1.0,1.1652650596291738,0,True
PAY001149,CUST00434,2026-03-09,13340.96,wallet,authentication_failed,150217.05,1,1,0,14710.86,1.0,0.9068783198263051,0,False
PAY001496,CUST00434,2026-03-11,13626.43,wallet,expired_card,150217.05,2,1,1,14025.91,0.5,0.9715184255424425,1,True
PAY003317,CUST00434,2026-03-24,13883.69,netbanking,insufficient_funds,150217.05,4,2,2,14850.7125,0.5,0.9348837639944886,2,True
PAY004036,CUST00434,2026-03-29,18150.33,wallet,network_error,150217.05,6,3,3,15302.581666666665,0.5,1.1860959408918912,3,False
PAY005499,CUST00434,2026-04-09,14900.48,upi,insufficient_funds,150217.05,7,3,4,15709.402857142859,0.42857142857142855,0.948507090657806,3,True
PAY003318,CUST00435,2026-03-24,2136.98,upi,network_error,77057.05,2,2,0,3438.5150000000003,1.0,0.6214834019918482,0,True
PAY009361,CUST00436,2026-05-28,2847.58,upi,network_error,285134.39,11,11,0,3551.8963636363637,1.0,0.8017069498854132,0,False
PAY000978,CUST00437,2026-03-08,5414.82,netbanking,timeout,89141.91,1,1,0,7451.78,1.0,0.7266478613163566,0,True
PAY002286,CUST00437,2026-03-17,9264.01,upi,authentication_failed,89141.91,3,2,1,5646.516666666666,0.6666666666666666,1.6406592855182105,1,True
PAY003751,CUST00437,2026-03-27,6222.02,netbanking,insufficient_funds,89141.91,5,3,2,6790.874000000001,0.6,0.9162325791937826,2,False
PAY004810,CUST00437,2026-04-04,10110.76,netbanking,network_error,89141.91,6,3,3,6696.065,0.5,1.5099554738491936,3,False
PAY005970,CUST00437,2026-04-13,9676.86,card,timeout,89141.91,8,4,4,7212.99,0.5,1.341587885190469,3,False
PAY006635,CUST00437,2026-04-19,9863.54,wallet,authentication_failed,89141.91,9,4,5,7486.753333333333,0.4444444444444444,1.3174656036929226,3,False
PAY003167,CUST00439,2026-03-23,4162.92,wallet,insufficient_funds,124210.75,3,3,0,5044.32,1.0,0.8252688172043011,0,False
PAY002426,CUST00440,2026-03-18,9469.84,upi,network_error,75843.27,2,2,0,11883.575,1.0,0.7968847758355545,0,True
PAY003752,CUST00440,2026-03-27,10818.54,card,insufficient_funds,75843.27,3,2,1,11078.996666666666,0.6666666666666666,0.9764909517979818,1,True
PAY003026,CUST00441,2026-03-22,20092.97,upi,expired_card,130718.78,1,1,0,15371.35,1.0,1.307170157468277,0,False
PAY006852,CUST00441,2026-04-21,19624.08,wallet,network_error,130718.78,6,5,1,18035.663333333334,0.8333333333333334,1.0880708758701974,1,True
PAY003599,CUST00442,2026-03-26,6444.78,upi,insufficient_funds,9651.73,3,3,0,7047.316666666667,1.0,0.9145012640745058,0,False
PAY001151,CUST00443,2026-03-09,20813.27,netbanking,insufficient_funds,451098.66,1,1,0,19006.08,1.0,1.0950848360103713,0,True
PAY003600,CUST00443,2026-03-26,25998.57,wallet,timeout,451098.66,4,3,1,19323.405,0.75,1.3454445528621897,1,True
PAY002427,CUST00446,2026-03-18,8924.21,card,insufficient_funds,321274.66,1,1,0,7935.17,1.0,1.1246400518199358,0,True
PAY003168,CUST00446,2026-03-23,4448.74,netbanking,timeout,321274.66,2,1,1,8429.689999999999,0.5,0.5277465719379955,1,True
PAY002287,CUST00447,2026-03-17,17665.05,netbanking,expired_card,128798.62,1,1,0,13924.4,1.0,1.268639941397834,0,True
PAY000457,CUST00448,2026-03-04,18922.21,upi,expired_card,103612.41,1,1,0,19411.92,1.0,0.9747727169697794,0,True
PAY003753,CUST00448,2026-03-27,22588.58,netbanking,insufficient_funds,103612.41,5,4,1,17955.104,0.8,1.2580589898003376,1,False
PAY004956,CUST00448,2026-04-05,21622.4,upi,expired_card,103612.41,6,4,2,18727.350000000002,0.6666666666666666,1.1545894106747616,1,True
PAY000979,CUST00449,2026-03-08,16137.85,card,card_declined,244187.99,0,0,0,16137.85,0.0,1.0,0,True
PAY002723,CUST00449,2026-03-20,12011.78,card,insufficient_funds,244187.99,1,0,1,16137.85,0.0,0.7443234383762397,1,False
PAY000821,CUST00450,2026-03-07,1636.62,wallet,insufficient_funds,288101.73,1,1,0,1579.45,1.0,1.0361961442274208,0,False
PAY002428,CUST00450,2026-03-18,2138.92,card,insufficient_funds,288101.73,4,3,1,1643.32,0.75,1.3015845970352702,1,False
PAY002429,CUST00451,2026-03-18,10856.87,netbanking,authentication_failed,496382.56,2,2,0,10132.02,1.0,1.071540522028184,0,True
PAY005500,CUST00451,2026-04-09,5233.36,wallet,authentication_failed,496382.56,4,3,1,10415.3875,0.75,0.5024642626114486,1,True
PAY008470,CUST00451,2026-05-10,13228.32,card,timeout,496382.56,7,5,2,9552.437142857143,0.7142857142857143,1.3848109966252442,0,True
PAY009263,CUST00451,2026-05-25,9180.37,wallet,expired_card,496382.56,9,6,3,10166.519999999999,0.6666666666666666,0.9030002400034626,1,True
PAY003754,CUST00452,2026-03-27,19455.5,netbanking,timeout,489082.52,4,4,0,15040.16,1.0,1.2935700152126042,0,False
PAY004957,CUST00452,2026-04-05,22076.68,netbanking,expired_card,489082.52,5,4,1,15923.228,0.8,1.38644500976812,1,True
PAY004812,CUST00454,2026-04-04,28840.43,upi,timeout,344470.75,4,4,0,23812.78,1.0,1.2111324255294846,0,True
PAY006091,CUST00455,2026-04-14,8133.46,netbanking,timeout,29276.9,5,5,0,8293.395999999999,1.0,0.9807152582609104,0,True
PAY003604,CUST00457,2026-03-26,814.24,wallet,network_error,146666.1,4,4,0,974.325,1.0,0.8356965078387601,0,True
PAY001890,CUST00458,2026-03-14,9832.58,netbanking,timeout,305497.17,2,2,0,9968.795,1.0,0.9863358610544203,0,True
PAY004296,CUST00458,2026-03-31,13217.51,netbanking,network_error,305497.17,4,3,1,10515.7475,0.75,1.2569253873773596,1,False
PAY006520,CUST00458,2026-04-18,8803.69,wallet,network_error,305497.17,7,5,2,10693.417142857143,0.7142857142857143,0.8232812656972408,1,False
PAY007597,CUST00458,2026-04-29,13506.79,upi,card_declined,305497.17,8,5,3,10457.20125,0.625,1.2916257110381233,2,True
PAY008608,CUST00461,2026-05-12,8910.38,wallet,timeout,331294.86,9,9,0,11494.714444444444,1.0,0.7751719316791301,0,True
PAY009644,CUST00461,2026-06-07,7988.73,netbanking,insufficient_funds,331294.86,13,12,1,11287.140000000001,0.9230769230769231,0.7077727395956813,1,False
PAY009812,CUST00461,2026-06-18,12585.01,upi,card_declined,331294.86,14,12,2,11051.539285714285,0.8571428571428571,1.1387563012392263,1,True
PAY000460,CUST00463,2026-03-04,10927.7,card,insufficient_funds,324938.6,0,0,0,10927.7,0.0,1.0,0,True
PAY004815,CUST00464,2026-04-04,4242.04,wallet,network_error,223207.48,4,4,0,4119.5925,1.0,1.0297232068463082,0,True
PAY008856,CUST00464,2026-05-16,3614.97,upi,network_error,223207.48,10,9,1,4302.387000000001,0.9,0.8402242755010182,0,False
PAY001892,CUST00465,2026-03-14,9661.84,wallet,card_declined,367518.09,2,2,0,8826.92,1.0,1.0945879196820636,0,False
PAY003605,CUST00465,2026-03-26,10206.5,netbanking,card_declined,367518.09,3,2,1,9105.226666666667,0.6666666666666666,1.120949579142822,1,True
PAY005975,CUST00465,2026-04-13,8376.46,netbanking,network_error,367518.09,6,4,2,10396.233333333334,0.6666666666666666,0.8057206616498923,2,True
PAY000980,CUST00467,2026-03-08,9235.79,card,insufficient_funds,91941.83,0,0,0,9235.79,0.0,1.0,0,False
PAY001503,CUST00467,2026-03-11,8909.89,card,network_error,91941.83,1,0,1,9235.79,0.0,0.964713359658459,1,False
PAY006639,CUST00467,2026-04-19,11743.13,card,network_error,91941.83,6,4,2,9096.96,0.6666666666666666,1.2908850868861685,0,True
PAY007334,CUST00467,2026-04-26,9342.93,upi,network_error,91941.83,7,4,3,9474.984285714285,0.5714285714285714,0.9860628491053661,1,True
PAY009090,CUST00467,2026-05-21,12624.59,card,insufficient_funds,91941.83,10,6,4,9531.747,0.6,1.324478083608388,1,False
PAY009362,CUST00467,2026-05-28,6986.21,wallet,network_error,91941.83,11,6,5,9812.914545454545,0.5454545454545454,0.7119403687496793,1,False
PAY000822,CUST00470,2026-03-07,15923.87,upi,expired_card,416083.95,0,0,0,15923.87,0.0,1.0,0,True
PAY004160,CUST00470,2026-03-30,22201.33,wallet,network_error,416083.95,4,3,1,17694.005,0.75,1.2547374096480701,1,False
PAY005977,CUST00470,2026-04-13,21106.07,wallet,card_declined,416083.95,6,4,2,18636.106666666667,0.6666666666666666,1.1325364453805802,1,True
PAY009300,CUST00470,2026-05-26,21410.67,wallet,timeout,416083.95,13,10,3,20437.24846153846,0.7692307692307693,1.0476297746388636,0,False
PAY000049,CUST00471,2026-02-28,2753.87,card,expired_card,413221.46,0,0,0,2753.87,0.0,1.0,0,True
PAY000699,CUST00471,2026-03-06,2592.47,wallet,network_error,413221.46,1,0,1,2753.87,0.0,0.9413915689556878,1,True
PAY005376,CUST00471,2026-04-08,2310.34,wallet,card_declined,413221.46,6,4,2,2514.9016666666666,0.6666666666666666,0.9186601729292266,0,True
PAY007149,CUST00471,2026-04-24,2058.48,upi,insufficient_funds,413221.46,9,6,3,2514.7077777777777,0.6666666666666666,0.8185762251147362,1,False
PAY008807,CUST00471,2026-05-15,2762.43,upi,expired_card,413221.46,12,8,4,2346.130833333333,0.6666666666666666,1.177440729541582,1,True
PAY008679,CUST00472,2026-05-13,5318.97,wallet,card_declined,404211.8,9,9,0,7531.942222222222,1.0,0.7061883698877729,0,True
PAY000346,CUST00473,2026-03-03,6056.8,wallet,network_error,172664.05,0,0,0,6056.8,0.0,1.0,0,True
PAY005378,CUST00473,2026-04-08,6430.26,upi,timeout,172664.05,5,4,1,5138.2080000000005,0.8,1.2514596528595183,0,False
PAY007040,CUST00473,2026-04-23,4815.47,upi,timeout,172664.05,7,5,2,5415.108571428572,0.7142857142857143,0.8892656419499305,1,False
PAY008025,CUST00473,2026-05-04,4236.08,netbanking,timeout,172664.05,8,5,3,5340.15375,0.625,0.7932505688623664,2,True
PAY002890,CUST00474,2026-03-21,8966.81,wallet,card_declined,481632.18,3,3,0,9539.583333333334,1.0,0.939958244158113,0,True
PAY006093,CUST00477,2026-04-14,9730.51,wallet,expired_card,483798.52,6,6,0,9119.19,1.0,1.0670366556678827,0,True
PAY008350,CUST00478,2026-05-08,7344.25,card,authentication_failed,186058.65,8,8,0,10900.875,1.0,0.6737303198137764,0,True
PAY009264,CUST00478,2026-05-25,6728.64,card,authentication_failed,186058.65,10,9,1,10551.344000000001,0.9,0.637704542663001,1,True
PAY003464,CUST00480,2026-03-25,10744.65,wallet,expired_card,230119.08,3,3,0,9168.436666666666,1.0,1.1719173497771884,0,True
PAY002143,CUST00481,2026-03-16,2093.42,netbanking,card_declined,337808.69,2,2,0,2332.8500000000004,1.0,0.8973658829328931,0,True
PAY003896,CUST00481,2026-03-28,2547.0,netbanking,authentication_failed,337808.69,3,2,1,2253.0400000000004,0.6666666666666666,1.1304726059013597,1,True
PAY002593,CUST00483,2026-03-19,796.45,card,expired_card,58631.32,1,1,0,895.84,1.0,0.8890538489015896,0,True
PAY007499,CUST00484,2026-04-28,12211.93,netbanking,authentication_failed,17387.2,8,8,0,13752.61875,1.0,0.8879712454764298,0,True
PAY005507,CUST00485,2026-04-09,9330.08,card,insufficient_funds,282896.65,4,4,0,9066.282500000001,1.0,1.0290965453591367,0,True
PAY004164,CUST00487,2026-03-30,3783.87,netbanking,expired_card,412808.4,6,6,0,2761.0516666666667,1.0,1.37044519871957,0,True
PAY001346,CUST00488,2026-03-10,6014.86,upi,timeout,154584.14,0,0,0,6014.86,0.0,1.0,0,False
PAY002436,CUST00488,2026-03-18,5431.15,netbanking,insufficient_funds,154584.14,2,1,1,5786.719999999999,0.5,0.9385541377498825,1,False
PAY007671,CUST00488,2026-04-30,6380.29,upi,card_declined,154584.14,7,5,2,6739.9971428571425,0.7142857142857143,0.9466309650830713,0,False
PAY006523,CUST00490,2026-04-18,17957.43,upi,authentication_failed,155660.47,4,4,0,16788.255,1.0,1.06964243752552,0,True
PAY009396,CUST00490,2026-05-29,21192.6,upi,timeout,155660.47,8,7,1,17286.205,0.875,1.2259833780751759,0,False
PAY001163,CUST00492,2026-03-09,9383.49,wallet,network_error,72153.7,1,1,0,7422.34,1.0,1.2642226036532953,0,True
PAY000262,CUST00493,2026-03-02,17724.07,upi,timeout,336890.68,0,0,0,17724.07,0.0,1.0,0,True
PAY001617,CUST00493,2026-03-12,18843.04,netbanking,timeout,336890.68,1,0,1,17724.07,0.0,1.063132790606221,1,False
PAY002437,CUST00493,2026-03-18,19465.47,wallet,timeout,336890.68,2,0,2,18283.555,0.0,1.0646436100637977,2,True
PAY001506,CUST00494,2026-03-11,15912.13,wallet,timeout,473257.17,1,1,0,19597.86,1.0,0.8119320170671696,0,True
PAY007754,CUST00494,2026-05-01,15078.32,netbanking,expired_card,473257.17,9,8,1,18213.644444444446,0.8888888888888888,0.8278584797233819,0,True
PAY001618,CUST00495,2026-03-12,11046.97,netbanking,network_error,372423.16,1,1,0,14371.28,1.0,0.7686837915620598,0,True
PAY002893,CUST00495,2026-03-21,13193.74,wallet,card_declined,372423.16,3,2,1,13227.633333333333,0.6666666666666666,0.9974376872657996,1,False
PAY003178,CUST00495,2026-03-23,11705.77,card,authentication_failed,372423.16,4,2,2,13219.16,0.5,0.8855154185288627,2,False
PAY004302,CUST00495,2026-03-31,8909.95,upi,insufficient_funds,372423.16,5,2,3,12916.482,0.4,0.6898124427378911,3,False
PAY005508,CUST00495,2026-04-09,14644.57,upi,expired_card,372423.16,6,2,4,12248.726666666667,0.3333333333333333,1.1955993793096316,4,False
PAY005980,CUST00495,2026-04-13,14592.78,wallet,timeout,372423.16,7,2,5,12590.99,0.2857142857142857,1.158985909765634,4,False
PAY008100,CUST00495,2026-05-05,12265.12,upi,network_error,372423.16,11,5,6,13496.486363636364,0.45454545454545453,0.9087639308143163,2,True
PAY002293,CUST00496,2026-03-17,6160.82,wallet,card_declined,210367.84,1,1,0,6004.85,1.0,1.0259740043464864,0,True
PAY006524,CUST00496,2026-04-18,8924.38,wallet,timeout,210367.84,5,4,1,6565.344,0.8,1.3593164349042486,0,True
PAY003758,CUST00497,2026-03-27,8049.34,wallet,insufficient_funds,247226.78,3,3,0,8966.553333333333,1.0,0.8977072572664487,0,False
PAY003034,CUST00498,2026-03-22,22398.04,upi,card_declined,476003.16,2,2,0,19196.895,1.0,1.166753269213589,0,True
PAY005245,CUST00498,2026-04-07,21858.74,wallet,timeout,476003.16,4,3,1,20136.502500000002,0.75,1.0855281347890477,1,True
PAY005246,CUST00500,2026-04-07,9396.63,netbanking,timeout,475524.81,6,6,0,10922.015,1.0,0.8603384998097878,0,True
PAY009133,CUST00500,2026-05-22,10041.35,upi,authentication_failed,475524.81,11,10,1,10163.485454545455,0.9090909090909091,0.987982916383195,0,True
PAY009329,CUST00500,2026-05-27,13586.34,card,insufficient_funds,475524.81,12,10,2,10153.3075,0.8333333333333334,1.338119622595888,1,True
PAY003759,CUST00501,2026-03-27,6743.15,wallet,expired_card,54180.54,2,2,0,13929.175,1.0,0.484102611963738,0,True
PAY001753,CUST00503,2026-03-13,17596.77,upi,insufficient_funds,182543.55,1,1,0,16086.69,1.0,1.093871393058485,0,True
PAY007757,CUST00503,2026-05-01,16008.29,upi,timeout,182543.55,8,7,1,19589.43875,0.875,0.8171898237768552,0,False
PAY003327,CUST00504,2026-03-24,13541.14,card,timeout,98955.24,2,2,0,14268.405,1.0,0.949029691826101,0,False
PAY003760,CUST00504,2026-03-27,8223.5,netbanking,card_declined,98955.24,3,2,1,14025.983333333332,0.6666666666666666,0.5863047035323727,1,False
PAY005247,CUST00504,2026-04-07,11023.4,wallet,card_declined,98955.24,4,2,2,12575.3625,0.5,0.8765870566355444,2,False
PAY007501,CUST00504,2026-04-28,18002.15,wallet,insufficient_funds,98955.24,8,5,3,13052.26125,0.625,1.379236107459924,1,True
PAY006201,CUST00505,2026-04-15,1722.31,netbanking,insufficient_funds,424776.43,5,5,0,2003.986,1.0,0.8594421318312603,0,True
PAY008184,CUST00505,2026-05-06,2132.54,upi,card_declined,424776.43,9,8,1,2001.898888888889,0.8888888888888888,1.0652585961439944,1,True
PAY009459,CUST00505,2026-05-31,2117.45,netbanking,expired_card,424776.43,12,10,2,1978.585,0.8333333333333334,1.0701839951278311,1,True
PAY009520,CUST00505,2026-06-02,1416.34,card,timeout,424776.43,13,10,3,1989.2669230769231,0.7692307692307693,0.7119909266923609,2,False
PAY001754,CUST00506,2026-03-13,11638.19,netbanking,card_declined,333070.53,1,1,0,18390.6,1.0,0.6328336215240395,0,True
PAY003180,CUST00506,2026-03-23,13170.4,netbanking,card_declined,333070.53,2,1,1,15014.395,0.5,0.8771848615944897,1,False
PAY008352,CUST00506,2026-05-08,14296.87,card,expired_card,333070.53,10,8,2,15158.579999999998,0.8,0.9431536463177951,0,False
PAY003328,CUST00507,2026-03-24,28250.05,upi,card_declined,300587.25,2,2,0,22045.739999999998,1.0,1.281428974486681,0,True
PAY003898,CUST00507,2026-03-28,24311.2,netbanking,card_declined,300587.25,3,2,1,24113.843333333334,0.6666666666666666,1.0081843721027188,1,False
PAY005100,CUST00507,2026-04-06,21450.25,card,network_error,300587.25,4,2,2,24163.1825,0.5,0.887724537113437,2,False
PAY006526,CUST00507,2026-04-18,17165.35,wallet,timeout,300587.25,5,2,3,23620.595999999998,0.4,0.7267111295582889,3,False
PAY007242,CUST00507,2026-04-25,20356.0,upi,network_error,300587.25,7,3,4,22655.109999999997,0.42857142857142855,0.8985169350314345,3,False
PAY007503,CUST00507,2026-04-28,12887.95,wallet,expired_card,300587.25,8,3,5,22367.72125,0.375,0.5761852025941177,3,False
PAY008028,CUST00507,2026-05-04,20964.31,card,timeout,300587.25,9,3,6,21314.413333333334,0.3333333333333333,0.9835743387416715,4,False
PAY008858,CUST00507,2026-05-16,29454.37,upi,network_error,300587.25,11,4,7,21178.272727272728,0.36363636363636365,1.3907824485643518,4,False
PAY002297,CUST00508,2026-03-17,9572.71,netbanking,timeout,394463.32,1,1,0,10494.95,1.0,0.9121253555281348,0,True
PAY006321,CUST00508,2026-04-16,11210.71,upi,timeout,394463.32,4,3,1,9642.27,0.75,1.1626629414028022,1,True
PAY007243,CUST00508,2026-04-25,9525.28,wallet,network_error,394463.32,5,3,2,9955.958,0.6,0.9567416817146075,1,True
PAY008103,CUST00508,2026-05-05,10968.27,card,card_declined,394463.32,7,4,3,10223.897142857142,0.5714285714285714,1.072807154330862,2,True
PAY008811,CUST00508,2026-05-15,8666.86,netbanking,authentication_failed,394463.32,8,4,4,10316.94375,0.5,0.8400607980439944,3,False
PAY009363,CUST00508,2026-05-28,8733.35,wallet,insufficient_funds,394463.32,10,5,5,9993.252,0.5,0.8739247244040278,2,False
PAY003035,CUST00509,2026-03-22,22056.58,wallet,authentication_failed,67332.32,3,3,0,17573.123333333333,1.0,1.2551314630656627,0,True
PAY000052,CUST00510,2026-02-28,15075.78,card,insufficient_funds,38962.03,0,0,0,15075.78,0.0,1.0,0,False
PAY005981,CUST00511,2026-04-13,1598.65,card,expired_card,107542.9,5,5,0,1564.3319999999999,1.0,1.0219377983701672,0,True
PAY008353,CUST00512,2026-05-08,11482.04,card,insufficient_funds,435499.24,8,8,0,11084.655,1.0,1.0358500106679007,0,False
PAY009747,CUST00512,2026-06-12,8125.36,netbanking,insufficient_funds,435499.24,13,12,1,10940.443846153845,0.9230769230769231,0.7426901608618467,0,True
PAY002597,CUST00515,2026-03-19,7485.58,card,network_error,76620.55,2,2,0,11160.07,1.0,0.6707466888648548,0,True
PAY003899,CUST00515,2026-03-28,4663.96,upi,timeout,76620.55,3,2,1,9935.24,0.6666666666666666,0.46943606797621396,1,False
PAY005249,CUST00515,2026-04-07,9028.64,card,card_declined,76620.55,6,4,2,8107.825,0.6666666666666666,1.113571148859281,2,False
PAY005510,CUST00515,2026-04-09,11652.28,netbanking,card_declined,76620.55,7,4,3,8239.369999999999,0.5714285714285714,1.4142197765120395,3,True
PAY007760,CUST00515,2026-05-01,6368.09,upi,timeout,76620.55,10,6,4,8814.108,0.6,0.7224883107853909,2,False
PAY000351,CUST00517,2026-03-03,3010.42,wallet,insufficient_funds,332223.53,0,0,0,3010.42,0.0,1.0,0,True
PAY001349,CUST00517,2026-03-10,3379.89,wallet,insufficient_funds,332223.53,2,1,1,2372.8,0.5,1.42443105192178,1,False
PAY002441,CUST00517,2026-03-18,2282.63,netbanking,timeout,332223.53,3,1,2,2708.4966666666664,0.3333333333333333,0.8427664054721624,2,True
PAY003329,CUST00517,2026-03-24,2458.92,card,authentication_failed,332223.53,5,2,3,2456.636,0.4,1.0009297266668729,3,True
PAY003616,CUST00517,2026-03-26,2852.52,netbanking,expired_card,332223.53,6,2,4,2457.016666666667,0.3333333333333333,1.1609689257297127,4,False
PAY001756,CUST00518,2026-03-13,18731.17,netbanking,expired_card,12355.86,2,2,0,18137.559999999998,1.0,1.0327282170258845,0,True
PAY002897,CUST00519,2026-03-21,5876.1,wallet,expired_card,122776.15,3,3,0,8262.246666666666,1.0,0.7111988103316532,0,False
PAY004169,CUST00520,2026-03-30,6740.39,card,network_error,91251.87,3,3,0,7960.716666666667,1.0,0.8467064313723848,0,True
PAY004702,CUST00520,2026-04-03,10898.79,netbanking,card_declined,91251.87,4,3,1,7655.635,0.75,1.4236297838128387,1,False
PAY001757,CUST00521,2026-03-13,6198.06,card,card_declined,372150.44,3,3,0,5906.656666666667,1.0,1.0493347336366823,0,True
PAY003331,CUST00521,2026-03-24,3645.92,wallet,card_declined,372150.44,4,3,1,5979.5075,0.75,0.6097358352673695,1,False
PAY003036,CUST00522,2026-03-22,12156.55,card,insufficient_funds,374104.31,2,2,0,8593.705,1.0,1.4145877709323278,0,True
PAY004967,CUST00522,2026-04-05,14222.9,netbanking,expired_card,374104.31,4,3,1,11288.475,0.75,1.2599487530423727,1,False
PAY006434,CUST00522,2026-04-17,10073.46,netbanking,card_declined,374104.31,6,4,2,11999.034999999998,0.6666666666666666,0.8395225116019748,2,False
PAY000990,CUST00523,2026-03-08,17965.53,netbanking,expired_card,390118.43,1,1,0,15352.77,1.0,1.17018166754273,0,False
PAY004703,CUST00524,2026-04-03,9182.78,wallet,expired_card,58981.73,3,3,0,8022.046666666666,1.0,1.1446929171026181,0,True
PAY005101,CUST00524,2026-04-06,9114.26,wallet,card_declined,58981.73,4,3,1,8312.23,0.75,1.0964879460746395,1,False
PAY005634,CUST00524,2026-04-10,11431.62,netbanking,timeout,58981.73,5,3,2,8472.636,0.6,1.3492400712127843,2,True
PAY001900,CUST00525,2026-03-14,1385.85,netbanking,expired_card,472980.74,2,2,0,1616.7350000000001,1.0,0.8571905723572507,0,True
PAY002898,CUST00525,2026-03-21,943.5,card,insufficient_funds,472980.74,3,2,1,1539.7733333333333,0.6666666666666666,0.6127525263458691,1,True
PAY004569,CUST00525,2026-04-02,1944.12,upi,insufficient_funds,472980.74,5,3,2,1449.2959999999998,0.6,1.3414236981265388,2,False
PAY004968,CUST00525,2026-04-05,941.73,upi,expired_card,472980.74,6,3,3,1531.7666666666667,0.5,0.6147999042499945,3,False
PAY006204,CUST00525,2026-04-15,1914.61,wallet,insufficient_funds,472980.74,7,3,4,1447.4757142857143,0.42857142857142855,1.3227234012315034,3,False
PAY007506,CUST00525,2026-04-28,1849.45,upi,authentication_failed,472980.74,9,4,5,1481.3433333333332,0.4444444444444444,1.2484951721748054,3,False
PAY007601,CUST00527,2026-04-29,3620.13,wallet,expired_card,263118.35,6,6,0,4883.163333333333,1.0,0.7413493575544269,0,True
PAY000706,CUST00528,2026-03-06,12294.7,netbanking,card_declined,482192.96,1,1,0,12865.28,1.0,0.9556496244154811,0,True
PAY002034,CUST00528,2026-03-15,9886.9,card,insufficient_funds,482192.96,2,1,1,12579.990000000002,0.5,0.7859227233090009,1,True
PAY004704,CUST00528,2026-04-03,12632.46,netbanking,card_declined,482192.96,4,2,2,11772.465,0.5,1.0730513957781993,2,False
PAY005254,CUST00528,2026-04-07,20338.75,card,insufficient_funds,482192.96,5,2,3,11944.464,0.4,1.7027762819662733,2,False
PAY008812,CUST00528,2026-05-15,10487.37,netbanking,authentication_failed,482192.96,10,6,4,12094.879,0.6,0.867091766689026,0,True
PAY006753,CUST00529,2026-04-20,15896.79,wallet,card_declined,242096.05,6,6,0,18429.3,1.0,0.8625824095326464,0,True
PAY008185,CUST00529,2026-05-06,27074.42,upi,network_error,242096.05,8,7,1,17076.24875,0.875,1.5855016166826452,1,True
PAY000159,CUST00530,2026-03-01,2771.02,netbanking,timeout,344618.26,0,0,0,2771.02,0.0,1.0,0,False
PAY001759,CUST00530,2026-03-13,2223.71,card,card_declined,344618.26,2,1,1,2470.7200000000003,0.5,0.9000250938997538,1,False
PAY000355,CUST00531,2026-03-03,15729.57,netbanking,expired_card,455301.91,0,0,0,15729.57,0.0,1.0,0,True
PAY003617,CUST00531,2026-03-26,10039.15,wallet,insufficient_funds,455301.91,3,2,1,12198.886666666665,0.6666666666666666,0.8229562479198922,1,False
PAY006436,CUST00531,2026-04-17,13608.05,wallet,network_error,455301.91,5,3,2,11664.507999999998,0.6,1.166620143772888,1,False
PAY007336,CUST00532,2026-04-26,2847.93,upi,authentication_failed,44991.29,5,5,0,3287.618,1.0,0.8662594011834708,0,True
PAY000267,CUST00533,2026-03-02,15529.52,netbanking,card_declined,37512.71,0,0,0,15529.52,0.0,1.0,0,False
PAY001511,CUST00533,2026-03-11,16662.52,upi,card_declined,37512.71,1,0,1,15529.52,0.0,1.0729578248394027,1,True
PAY001901,CUST00533,2026-03-14,13884.59,netbanking,network_error,37512.71,2,0,2,16096.02,0.0,0.8626101359217992,2,False
PAY000356,CUST00534,2026-03-03,3308.31,wallet,insufficient_funds,318372.98,1,1,0,2970.96,1.0,1.113549155828419,0,True
PAY000469,CUST00536,2026-03-04,8453.54,netbanking,insufficient_funds,267625.63,1,1,0,14683.55,1.0,0.5757150008002153,0,True
PAY006528,CUST00536,2026-04-18,16045.94,wallet,card_declined,267625.63,6,5,1,11812.183333333334,0.8333333333333334,1.358422871300959,0,True
PAY000994,CUST00537,2026-03-08,16724.26,upi,authentication_failed,304686.26,0,0,0,16724.26,0.0,1.0,0,True
PAY003038,CUST00537,2026-03-22,15062.36,netbanking,insufficient_funds,304686.26,3,2,1,21853.956666666665,0.6666666666666666,0.6892280528300978,1,True
PAY004570,CUST00537,2026-04-02,20935.82,card,card_declined,304686.26,5,3,2,18745.992,0.6,1.1168157972114787,2,False
PAY005637,CUST00537,2026-04-10,20335.62,wallet,card_declined,304686.26,6,3,3,19110.963333333333,0.5,1.064081367605924,2,False
PAY007338,CUST00537,2026-04-26,11621.61,wallet,timeout,304686.26,8,4,4,19734.43125,0.5,0.5889001741562732,2,True
PAY008032,CUST00537,2026-05-04,24289.24,netbanking,network_error,304686.26,9,4,5,18833.006666666668,0.4444444444444444,1.2897165295964426,2,True
PAY000995,CUST00540,2026-03-08,16417.04,upi,network_error,361815.76,0,0,0,16417.04,0.0,1.0,0,True
PAY003039,CUST00540,2026-03-22,13947.33,netbanking,network_error,361815.76,2,1,1,18295.515,0.5,0.7623360151381363,1,True
PAY004430,CUST00540,2026-04-01,16343.25,card,timeout,361815.76,4,2,2,15525.865000000002,0.5,1.0526466641311127,2,True
PAY005255,CUST00540,2026-04-07,22570.69,card,authentication_failed,361815.76,5,2,3,15689.342,0.4,1.4386001656411083,3,False
PAY007426,CUST00540,2026-04-27,25643.44,card,card_declined,361815.76,7,3,4,17594.41857142857,0.42857142857142855,1.4574758407556683,2,False
PAY009364,CUST00540,2026-05-28,25528.86,wallet,insufficient_funds,361815.76,10,5,5,18857.154000000002,0.5,1.353802381844047,0,False
PAY000582,CUST00541,2026-03-05,16095.54,card,card_declined,228519.68,0,0,0,16095.54,0.0,1.0,0,True
PAY001172,CUST00541,2026-03-09,24290.59,card,network_error,228519.68,2,1,1,18884.025,0.5,1.2863036349507055,1,True
PAY003040,CUST00541,2026-03-22,16530.5,upi,insufficient_funds,228519.68,4,2,2,19005.9025,0.5,0.8697561191845533,2,True
PAY003619,CUST00541,2026-03-26,20759.51,netbanking,timeout,228519.68,5,2,3,18510.822,0.4,1.1214796403963043,3,True
PAY004572,CUST00541,2026-04-02,19104.56,wallet,insufficient_funds,228519.68,6,2,4,18885.603333333333,0.3333333333333333,1.011593840175612,4,False
PAY006754,CUST00541,2026-04-20,16033.07,card,authentication_failed,228519.68,8,3,5,19387.86125,0.375,0.8269643460544158,3,False
PAY004972,CUST00542,2026-04-05,6639.85,card,network_error,172771.15,4,4,0,12336.945,1.0,0.5382086083710351,0,True
PAY002736,CUST00543,2026-03-20,11894.73,wallet,authentication_failed,210914.88,2,2,0,11103.005,1.0,1.0713072722204484,0,True
PAY002737,CUST00544,2026-03-20,6942.54,wallet,card_declined,216248.18,4,4,0,6321.25,1.0,1.098285940280799,0,True
PAY004973,CUST00544,2026-04-05,6704.3,upi,network_error,216248.18,7,6,1,6226.625714285714,0.8571428571428571,1.0767147902624628,1,True
PAY008106,CUST00544,2026-05-05,7019.27,wallet,network_error,216248.18,11,9,2,6130.9118181818185,0.8181818181818182,1.144898215496049,1,True
PAY000708,CUST00545,2026-03-06,19527.6,card,card_declined,190279.01,0,0,0,19527.6,0.0,1.0,0,False
PAY001624,CUST00545,2026-03-12,17568.09,netbanking,authentication_failed,190279.01,1,0,1,19527.6,0.0,0.8996543354022001,1,True
PAY001902,CUST00545,2026-03-14,17139.31,netbanking,timeout,190279.01,2,0,2,18547.845,0.0,0.9240593718569462,2,False
PAY003184,CUST00545,2026-03-23,23376.82,upi,insufficient_funds,190279.01,3,0,3,18078.333333333332,0.0,1.2930849082695677,3,False
PAY006755,CUST00545,2026-04-20,26289.63,wallet,insufficient_funds,190279.01,7,3,4,21262.028571428575,0.42857142857142855,1.2364591605961532,1,False
PAY008430,CUST00545,2026-05-09,26475.58,wallet,network_error,190279.01,9,4,5,21661.823333333334,0.4444444444444444,1.222223060016339,1,True
PAY009422,CUST00545,2026-05-30,21294.65,netbanking,network_error,190279.01,12,6,6,20647.551666666666,0.5,1.031340196832054,1,True
PAY000162,CUST00546,2026-03-01,10500.46,card,expired_card,461877.59,0,0,0,10500.46,0.0,1.0,0,False
PAY003473,CUST00546,2026-03-25,12436.9,upi,expired_card,461877.59,3,2,1,12486.733333333332,0.6666666666666666,0.9960090976556453,1,True
PAY007867,CUST00546,2026-05-02,8762.85,card,timeout,461877.59,7,5,2,12817.997142857143,0.7142857142857143,0.6836364450965039,0,True
PAY001625,CUST00547,2026-03-12,5455.1,upi,timeout,416727.08,1,1,0,7073.76,1.0,0.7711740290877837,0,True
PAY005754,CUST00547,2026-04-11,10097.49,netbanking,card_declined,416727.08,5,4,1,7818.4259999999995,0.8,1.2914990817844922,1,True
PAY007047,CUST00547,2026-04-23,7153.19,upi,insufficient_funds,416727.08,7,5,2,8324.772857142858,0.7142857142857143,0.8592654866087293,1,False
PAY007249,CUST00547,2026-04-25,8619.24,card,card_declined,416727.08,8,5,3,8178.325,0.625,1.0539126288084664,2,True
PAY007763,CUST00547,2026-05-01,10617.16,netbanking,expired_card,416727.08,9,5,4,8227.315555555555,0.5555555555555556,1.2904768181440038,3,False
PAY005755,CUST00548,2026-04-11,9990.97,card,network_error,52799.39,5,5,0,14327.538,1.0,0.6973263654928012,0,True
PAY007152,CUST00548,2026-04-24,14884.35,wallet,expired_card,52799.39,7,6,1,13299.137142857142,0.8571428571428571,1.1191966696872708,1,True
PAY008944,CUST00548,2026-05-18,10286.75,wallet,insufficient_funds,52799.39,10,8,2,13629.376999999999,0.8,0.7547483645070499,1,False
PAY007153,CUST00549,2026-04-24,21146.83,card,timeout,406825.8,7,7,0,14673.998571428572,1.0,1.4411089040975198,0,True
PAY008544,CUST00550,2026-05-11,14232.36,card,network_error,295300.22,7,7,0,14673.087142857143,1.0,0.9699635708173594,0,True
PAY000055,CUST00551,2026-02-28,6625.45,upi,card_declined,168174.76,0,0,0,6625.45,0.0,1.0,0,False
PAY001626,CUST00551,2026-03-12,4832.15,netbanking,card_declined,168174.76,1,0,1,6625.45,0.0,0.7293315925710706,1,False
PAY003621,CUST00551,2026-03-26,5729.31,wallet,network_error,168174.76,3,1,2,5629.163333333333,0.3333333333333333,1.0177906841099538,2,False
PAY006208,CUST00551,2026-04-15,8363.98,netbanking,insufficient_funds,168174.76,5,2,3,6175.918,0.4,1.3542893542304155,1,False
PAY006756,CUST00551,2026-04-20,5320.11,wallet,insufficient_funds,168174.76,6,2,4,6540.595,0.3333333333333333,0.8133984752151753,2,True
PAY003474,CUST00552,2026-03-25,5290.59,wallet,insufficient_funds,180031.05,2,2,0,4729.725,1.0,1.11858300429729,0,True
PAY009521,CUST00552,2026-06-02,8421.3,upi,card_declined,180031.05,10,9,1,5479.633,0.9,1.5368364998166848,0,True
PAY000712,CUST00555,2026-03-06,1256.1,card,expired_card,302203.0,0,0,0,1256.1,0.0,1.0,0,False
PAY003475,CUST00555,2026-03-25,2125.14,wallet,network_error,302203.0,5,4,1,1937.316,0.8,1.09695062653692,1,True
PAY000835,CUST00556,2026-03-07,1201.67,netbanking,expired_card,291069.67,0,0,0,1201.67,0.0,1.0,0,True
PAY002306,CUST00556,2026-03-17,529.27,wallet,expired_card,291069.67,1,0,1,1201.67,0.0,0.4404453801792505,1,True
PAY003476,CUST00556,2026-03-25,746.92,upi,network_error,291069.67,2,0,2,865.47,0.0,0.863022404011693,2,False
PAY004574,CUST00556,2026-04-02,730.84,card,timeout,291069.67,3,0,3,825.9533333333334,0.0,0.884844180058599,3,True
PAY007765,CUST00556,2026-05-01,917.11,netbanking,card_declined,291069.67,8,4,4,673.76375,0.5,1.3611744472747311,1,False
PAY008275,CUST00556,2026-05-07,474.54,upi,authentication_failed,291069.67,10,5,5,675.5020000000001,0.5,0.7024997705410199,1,False
PAY008687,CUST00556,2026-05-13,895.05,wallet,network_error,291069.67,11,5,6,657.2327272727273,0.45454545454545453,1.3618463640940803,2,False
PAY004976,CUST00557,2026-04-05,9479.64,netbanking,timeout,330084.47,3,3,0,7538.433333333333,1.0,1.257507970267916,0,True
PAY006327,CUST00557,2026-04-16,10050.11,card,card_declined,330084.47,5,4,1,7861.0160000000005,0.8,1.2784746908033262,1,True
PAY006757,CUST00557,2026-04-20,9064.84,card,insufficient_funds,330084.47,7,5,2,7867.591428571429,0.7142857142857143,1.1521747261913884,2,False
PAY001173,CUST00558,2026-03-09,10522.45,card,card_declined,58568.1,0,0,0,10522.45,0.0,1.0,0,False
PAY008545,CUST00558,2026-05-11,13848.85,card,insufficient_funds,58568.1,9,8,1,11638.323333333334,0.8888888888888888,1.189935148161376,0,False
PAY000163,CUST00559,2026-03-01,1247.96,card,authentication_failed,186942.72,0,0,0,1247.96,0.0,1.0,0,True
PAY002037,CUST00560,2026-03-15,7819.26,wallet,authentication_failed,289179.5,2,2,0,7572.615,1.0,1.0325706509574302,0,True
PAY003623,CUST00560,2026-03-26,7480.17,upi,authentication_failed,289179.5,3,2,1,7654.829999999999,0.6666666666666666,0.9771830334573075,1,True
PAY004052,CUST00560,2026-03-29,10727.57,upi,expired_card,289179.5,4,2,2,7611.165,0.5,1.4094517724947495,2,False
PAY008999,CUST00562,2026-05-19,10327.18,card,network_error,410121.3,10,10,0,10113.047,1.0,1.0211739350168154,0,True
PAY001764,CUST00563,2026-03-13,9222.15,card,card_declined,323136.09,2,2,0,10016.404999999999,1.0,0.9207045841297352,0,True
PAY004053,CUST00563,2026-03-29,12024.65,wallet,card_declined,323136.09,4,3,1,9192.325,0.75,1.3081184575175484,1,False
PAY009666,CUST00563,2026-06-08,8765.28,wallet,expired_card,323136.09,14,12,2,9382.191428571428,0.8571428571428571,0.9342465528157144,0,False
PAY000996,CUST00564,2026-03-08,8670.03,card,authentication_failed,464896.72,0,0,0,8670.03,0.0,1.0,0,True
PAY003904,CUST00565,2026-03-28,3603.21,upi,network_error,137386.62,4,4,0,3317.9375,1.0,1.0859788648821747,0,True
PAY004980,CUST00565,2026-04-05,3553.12,netbanking,network_error,137386.62,6,5,1,3285.8050000000003,0.8333333333333334,1.0813544930389964,1,True
PAY006329,CUST00565,2026-04-16,2152.72,upi,card_declined,137386.62,8,6,2,3393.1725,0.75,0.6344269264235755,2,True
PAY006758,CUST00565,2026-04-20,4676.32,netbanking,network_error,137386.62,9,6,3,3255.3444444444444,0.6666666666666666,1.4365054389192473,3,True
PAY007603,CUST00565,2026-04-29,3358.96,wallet,expired_card,137386.62,10,6,4,3397.442,0.6,0.9886732429869296,3,False
PAY001357,CUST00566,2026-03-10,10116.44,wallet,insufficient_funds,352835.89,0,0,0,10116.44,0.0,1.0,0,False
PAY003625,CUST00566,2026-03-26,11220.14,upi,expired_card,352835.89,3,2,1,11759.686666666666,0.6666666666666666,0.9541189589518542,1,False
PAY004054,CUST00566,2026-03-29,6355.43,card,insufficient_funds,352835.89,4,2,2,11624.8,0.5,0.5467130617300944,2,False
PAY000998,CUST00567,2026-03-08,17422.98,upi,timeout,173213.21,1,1,0,17587.75,1.0,0.9906315475259768,0,True
PAY003905,CUST00567,2026-03-28,8751.99,netbanking,authentication_failed,173213.21,4,3,1,16446.302499999998,0.75,0.5321554799323435,1,True
PAY004981,CUST00567,2026-04-05,13457.67,upi,timeout,173213.21,5,3,2,14907.439999999999,0.6,0.9027485604503523,2,False
PAY003626,CUST00568,2026-03-26,7246.63,netbanking,network_error,435582.04,3,3,0,6721.579999999999,1.0,1.0781140743694193,0,True
PAY002153,CUST00569,2026-03-16,869.37,upi,insufficient_funds,203388.25,1,1,0,2512.25,1.0,0.34605234351676784,0,True
PAY003186,CUST00569,2026-03-23,2065.7,netbanking,authentication_failed,203388.25,2,1,1,1690.81,0.5,1.2217221331787722,1,False
PAY004711,CUST00569,2026-04-03,1874.42,wallet,authentication_failed,203388.25,3,1,2,1815.7733333333333,0.3333333333333333,1.0322984513485531,2,False
PAY005106,CUST00569,2026-04-06,2470.85,wallet,insufficient_funds,203388.25,4,1,3,1830.435,0.25,1.3498703860011418,3,False
PAY005517,CUST00569,2026-04-09,1336.5,wallet,insufficient_funds,203388.25,5,1,4,1958.518,0.2,0.6824037358860118,4,False
PAY005989,CUST00569,2026-04-13,1543.17,upi,network_error,203388.25,6,1,5,1854.8483333333334,0.16666666666666666,0.8319655964683546,5,False
PAY003478,CUST00570,2026-03-25,12911.68,card,expired_card,318420.15,2,2,0,17744.1,1.0,0.7276604617872984,0,False
PAY007677,CUST00570,2026-04-30,10149.31,wallet,authentication_failed,318420.15,6,5,1,17136.281666666666,0.8333333333333334,0.5922702601079639,0,True
PAY008432,CUST00570,2026-05-09,14067.55,upi,card_declined,318420.15,7,5,2,16138.142857142857,0.7142857142857143,0.8716957164481662,1,True
PAY009587,CUST00570,2026-06-04,9439.62,upi,expired_card,318420.15,11,8,3,14109.91909090909,0.7272727272727273,0.6690059623433188,1,True
PAY005387,CUST00571,2026-04-08,1803.04,upi,expired_card,374325.32,6,6,0,3818.2116666666666,1.0,0.4722210703352835,0,True
PAY007429,CUST00571,2026-04-27,990.81,wallet,timeout,374325.32,8,7,1,3552.0612499999997,0.875,0.2789394467789653,1,True
PAY000164,CUST00573,2026-03-01,16907.91,card,timeout,188176.28,0,0,0,16907.91,0.0,1.0,0,True
PAY003765,CUST00573,2026-03-27,15554.6,netbanking,insufficient_funds,188176.28,5,4,1,16895.07,0.8,0.9206591035136286,1,False
PAY006211,CUST00573,2026-04-15,13214.54,netbanking,card_declined,188176.28,7,5,2,15727.490000000002,0.7142857142857143,0.8402192593986707,1,False
PAY004578,CUST00574,2026-04-02,14008.98,card,card_declined,389533.63,5,5,0,15407.748000000001,1.0,0.9092165837603262,0,True
PAY006534,CUST00574,2026-04-18,9828.38,wallet,timeout,389533.63,8,7,1,15966.97125,0.875,0.6155444164152296,1,True
PAY003766,CUST00575,2026-03-27,3384.95,card,card_declined,47053.73,3,3,0,3751.3133333333335,1.0,0.9023373147537661,0,True
PAY005108,CUST00575,2026-04-06,4264.53,card,expired_card,47053.73,5,4,1,3935.882,0.8,1.0835004707966345,1,True
PAY007430,CUST00575,2026-04-27,4988.28,netbanking,insufficient_funds,47053.73,8,6,2,3727.6949999999997,0.75,1.338167419813048,1,False
PAY008109,CUST00575,2026-05-05,2845.25,wallet,authentication_failed,47053.73,9,6,3,3867.7599999999998,0.6666666666666666,0.735632510807289,2,False
PAY006103,CUST00576,2026-04-14,7014.76,netbanking,authentication_failed,82917.9,5,5,0,6459.778,1.0,1.0859134787604157,0,True
PAY000715,CUST00577,2026-03-06,2067.4,upi,expired_card,338614.51,1,1,0,1989.37,1.0,1.0392234727577072,0,False
PAY001630,CUST00577,2026-03-12,994.06,netbanking,network_error,338614.51,2,1,1,2028.385,0.5,0.49007461601224617,1,True
PAY003907,CUST00577,2026-03-28,1463.78,wallet,card_declined,338614.51,4,2,2,1588.4099999999999,0.5,0.9215378900913492,2,False
PAY001178,CUST00578,2026-03-09,1358.26,card,card_declined,332659.65,0,0,0,1358.26,0.0,1.0,0,True
PAY004579,CUST00578,2026-04-02,1579.86,netbanking,timeout,332659.65,2,1,1,1400.3899999999999,0.5,1.128157156220767,1,True
PAY006333,CUST00578,2026-04-16,1373.33,netbanking,network_error,332659.65,5,3,2,1470.002,0.6,0.9342368241675861,1,True
PAY004173,CUST00579,2026-03-30,7941.5,netbanking,expired_card,223811.87,3,3,0,6263.923333333333,1.0,1.2678156448274964,0,False
PAY004982,CUST00579,2026-04-05,6847.68,card,authentication_failed,223811.87,4,3,1,6683.3175,0.75,1.024592951030682,1,True
PAY005762,CUST00579,2026-04-11,5950.28,netbanking,card_declined,223811.87,6,4,2,6627.573333333334,0.6666666666666666,0.8978067387158295,2,True
PAY009562,CUST00579,2026-06-03,8134.01,upi,authentication_failed,223811.87,14,11,3,6152.303571428572,0.7857142857142857,1.322108037349541,0,True
PAY005518,CUST00580,2026-04-09,5406.84,upi,insufficient_funds,378696.86,5,5,0,3675.118,1.0,1.4712017410053229,0,False
PAY007768,CUST00580,2026-05-01,3955.3,netbanking,timeout,378696.86,8,7,1,3804.65375,0.875,1.0395952588326862,1,True
PAY009050,CUST00580,2026-05-20,3460.01,card,timeout,378696.86,10,8,2,3706.0730000000003,0.8,0.9336054632491049,1,False
PAY009228,CUST00580,2026-05-24,4231.86,card,card_declined,378696.86,11,8,3,3683.703636363636,0.7272727272727273,1.1488057720564826,2,False
PAY000473,CUST00581,2026-03-04,687.25,wallet,insufficient_funds,217807.25,0,0,0,687.25,0.0,1.0,0,False
PAY004712,CUST00581,2026-04-03,880.27,wallet,authentication_failed,217807.25,4,3,1,691.685,0.75,1.2726457852924382,1,True
PAY006334,CUST00581,2026-04-16,995.23,card,authentication_failed,217807.25,6,4,2,736.0749999999999,0.6666666666666666,1.3520768943382129,1,True
PAY000058,CUST00583,2026-02-28,14836.76,netbanking,card_declined,335230.62,0,0,0,14836.76,0.0,1.0,0,True
PAY000474,CUST00583,2026-03-04,9857.55,wallet,expired_card,335230.62,1,0,1,14836.76,0.0,0.6644004486154659,1,False
PAY007509,CUST00584,2026-04-28,7786.2,card,expired_card,200655.38,7,7,0,6780.592857142858,1.0,1.148306669349393,0,True
PAY008476,CUST00584,2026-05-10,6978.55,netbanking,authentication_failed,200655.38,8,7,1,6906.29375,0.875,1.0104623771614116,1,True
PAY001180,CUST00585,2026-03-09,7194.84,netbanking,card_declined,8805.11,2,2,0,11896.54,1.0,0.6047842481931721,0,True
PAY003341,CUST00585,2026-03-24,11524.58,upi,timeout,8805.11,4,3,1,10336.3875,0.75,1.1149523951187008,1,True
PAY004057,CUST00586,2026-03-29,6762.86,netbanking,authentication_failed,109560.82,4,4,0,7234.8025,1.0,0.9347677424504677,0,False
PAY006105,CUST00586,2026-04-14,5612.85,card,expired_card,109560.82,6,5,1,6772.04,0.8333333333333334,0.8288270594975813,1,False
PAY002154,CUST00587,2026-03-16,11552.84,card,expired_card,131482.15,1,1,0,10032.19,1.0,1.1515770734007231,0,False
PAY003480,CUST00587,2026-03-25,16764.79,card,expired_card,131482.15,2,1,1,10792.515,0.5,1.5533719434256057,1,False
PAY007605,CUST00587,2026-04-29,9073.8,wallet,insufficient_funds,131482.15,10,8,2,14459.001,0.8,0.6275537293344124,0,True
PAY007956,CUST00587,2026-05-03,13769.12,card,authentication_failed,131482.15,11,8,3,13969.437272727273,0.7272727272727273,0.9856603191083184,1,True
PAY008690,CUST00587,2026-05-13,8144.29,wallet,network_error,131482.15,12,8,4,13952.744166666665,0.6666666666666666,0.5837052484239511,2,False
PAY000165,CUST00589,2026-03-01,3169.06,wallet,card_declined,91968.93,0,0,0,3169.06,0.0,1.0,0,False
PAY000716,CUST00589,2026-03-06,4068.68,wallet,insufficient_funds,91968.93,1,0,1,3169.06,0.0,1.2838759758414167,1,False
PAY003770,CUST00589,2026-03-27,2681.57,wallet,insufficient_funds,91968.93,3,1,2,3388.1433333333334,0.3333333333333333,0.7914570713753747,2,True
PAY004174,CUST00589,2026-03-30,1918.86,upi,expired_card,91968.93,4,1,3,3211.5,0.25,0.5974964969640355,3,False
PAY005113,CUST00589,2026-04-06,3793.86,card,timeout,91968.93,5,1,4,2952.972,0.2,1.2847598961317614,2,True
PAY005389,CUST00589,2026-04-08,2271.33,card,insufficient_funds,91968.93,6,1,5,3093.1200000000003,0.16666666666666666,0.734316806331471,3,True
PAY007342,CUST00589,2026-04-26,4013.77,card,card_declined,91968.93,8,2,6,2945.3925,0.25,1.36272839697935,4,False
PAY008547,CUST00589,2026-05-11,4011.99,card,authentication_failed,91968.93,10,3,7,3025.862,0.3,1.3258998592797688,1,False
PAY004828,CUST00590,2026-04-04,4266.63,wallet,insufficient_funds,353317.28,6,6,0,4648.554999999999,1.0,0.917840059975627,0,False
PAY008691,CUST00590,2026-05-13,2126.85,card,card_declined,353317.28,10,9,1,4684.904,0.9,0.453979419855775,0,True
PAY002046,CUST00591,2026-03-15,15384.96,netbanking,authentication_failed,417510.33,1,1,0,12226.41,1.0,1.2583383020854035,0,True
PAY003771,CUST00591,2026-03-27,11917.47,card,network_error,417510.33,2,1,1,13805.685,0.5,0.863229169722473,1,True
PAY005390,CUST00592,2026-04-08,3034.47,card,authentication_failed,40677.37,5,5,0,2385.268,1.0,1.2721715128027542,0,True
PAY000362,CUST00593,2026-03-03,7080.5,netbanking,insufficient_funds,25939.62,0,0,0,7080.5,0.0,1.0,0,False
PAY001908,CUST00593,2026-03-14,8872.4,netbanking,card_declined,25939.62,2,1,1,8002.845,0.5,1.1086557343044878,1,True
PAY002156,CUST00593,2026-03-16,8762.78,wallet,card_declined,25939.62,3,1,2,8292.696666666667,0.3333333333333333,1.0566864256862163,2,False
PAY002905,CUST00593,2026-03-21,6497.5,card,network_error,25939.62,4,1,3,8410.2175,0.25,0.772572171884972,3,False
PAY005114,CUST00595,2026-04-06,9496.77,upi,insufficient_funds,290000.78,4,4,0,9747.935,1.0,0.9742340300791912,0,True
PAY004438,CUST00596,2026-04-01,793.49,card,expired_card,356201.99,3,3,0,1445.54,1.0,0.5489228938666519,0,True
PAY006760,CUST00596,2026-04-20,1881.83,upi,insufficient_funds,356201.99,5,4,1,1354.56,0.8,1.3892555516182377,1,True
PAY007054,CUST00596,2026-04-23,1077.82,wallet,network_error,356201.99,6,4,2,1442.4383333333333,0.6666666666666666,0.7472208517290745,2,False
PAY009002,CUST00596,2026-05-19,1846.64,upi,insufficient_funds,356201.99,9,6,3,1362.9677777777777,0.6666666666666666,1.3548669529156556,2,False
PAY001182,CUST00597,2026-03-09,4694.24,wallet,card_declined,62010.82,1,1,0,5169.3,1.0,0.9080997427117791,0,False
PAY006537,CUST00597,2026-04-18,5006.77,wallet,network_error,62010.82,6,5,1,5813.758333333334,0.8333333333333334,0.8611933473900274,0,True
PAY007055,CUST00597,2026-04-23,5624.5,upi,insufficient_funds,62010.82,7,5,2,5698.4742857142855,0.7142857142857143,0.9870185804120001,1,True
PAY008910,CUST00597,2026-05-17,4184.92,wallet,card_declined,62010.82,9,6,3,5649.185555555556,0.6666666666666666,0.7408005913143428,2,True
PAY009873,CUST00597,2026-07-03,5988.98,card,insufficient_funds,62010.82,14,10,4,5636.287857142857,0.7142857142857143,1.0625752537479392,0,True
PAY009136,CUST00598,2026-05-22,5387.96,upi,network_error,165760.25,12,12,0,4892.305,1.0,1.1013131846849287,0,True
PAY003774,CUST00599,2026-03-27,15982.03,upi,insufficient_funds,310972.01,3,3,0,18163.920000000002,1.0,0.8798778017080013,0,True
PAY005876,CUST00600,2026-04-12,2749.47,card,authentication_failed,460286.03,4,4,0,4291.91,1.0,0.6406168815282706,0,True
PAY005116,CUST00601,2026-04-06,2343.0,wallet,card_declined,423019.76,5,5,0,3405.8,1.0,0.6879440953667273,0,False
PAY006109,CUST00601,2026-04-14,2988.97,netbanking,expired_card,423019.76,7,6,1,3388.035714285714,0.8571428571428571,0.8822132504084752,1,True
PAY005391,CUST00602,2026-04-08,3220.61,card,insufficient_funds,296491.29,3,3,0,4505.3533333333335,1.0,0.7148407154155871,0,True
PAY009667,CUST00602,2026-06-08,5272.95,netbanking,network_error,296491.29,13,12,1,5191.720769230769,0.9230769230769231,1.0156459167162155,0,True
PAY003188,CUST00603,2026-03-23,11440.33,netbanking,network_error,200904.51,4,4,0,9164.2575,1.0,1.248364092781112,0,True
PAY003482,CUST00603,2026-03-25,8630.25,netbanking,card_declined,200904.51,5,4,1,9619.472,0.8,0.8971646260834275,1,True
PAY006214,CUST00604,2026-04-15,7605.6,upi,card_declined,173059.07,4,4,0,11039.5875,1.0,0.6889387850768881,0,True
PAY008036,CUST00604,2026-05-04,12360.5,card,authentication_failed,173059.07,6,5,1,11026.436666666666,0.8333333333333334,1.1209877110495956,1,True
PAY009522,CUST00604,2026-06-02,11517.13,upi,network_error,173059.07,10,8,2,11546.722,0.8,0.9974371947293785,1,True
PAY009626,CUST00604,2026-06-06,11982.23,netbanking,card_declined,173059.07,11,8,3,11544.031818181818,0.7272727272727273,1.0379588508347681,1,False
PAY009716,CUST00604,2026-06-10,9812.26,card,card_declined,173059.07,12,8,4,11580.548333333332,0.6666666666666666,0.8473053017495287,2,False
PAY000059,CUST00605,2026-02-28,6403.02,netbanking,expired_card,88225.69,0,0,0,6403.02,0.0,1.0,0,False
PAY001632,CUST00605,2026-03-12,7125.24,upi,card_declined,88225.69,3,2,1,7778.946666666667,0.6666666666666666,0.9159646293157085,1,True
PAY002908,CUST00605,2026-03-21,10066.01,wallet,authentication_failed,88225.69,4,2,2,7615.52,0.5,1.3217757946929427,2,True
PAY004583,CUST00605,2026-04-02,8659.29,wallet,authentication_failed,88225.69,5,2,3,8105.6179999999995,0.4,1.0683071913825697,2,False
PAY002049,CUST00606,2026-03-15,23224.1,upi,network_error,61443.19,1,1,0,17851.13,1.0,1.30098766856776,0,True
PAY003189,CUST00606,2026-03-23,8963.04,upi,expired_card,61443.19,2,1,1,20537.614999999998,0.5,0.4364206846802806,1,True
PAY006659,CUST00606,2026-04-19,16571.72,netbanking,card_declined,61443.19,5,3,2,14730.244,0.6,1.1250132720136883,1,True
PAY000845,CUST00607,2026-03-07,762.22,netbanking,authentication_failed,453431.75,0,0,0,762.22,0.0,1.0,0,True
PAY001521,CUST00607,2026-03-11,956.98,card,expired_card,453431.75,1,0,1,762.22,0.0,1.255516779932303,1,False
PAY002747,CUST00607,2026-03-20,888.63,wallet,insufficient_funds,453431.75,2,0,2,859.6,0.0,1.033771521637971,2,False
PAY004584,CUST00607,2026-04-02,729.57,wallet,expired_card,453431.75,5,2,3,889.336,0.4,0.8203536121330971,3,False
PAY008616,CUST00608,2026-05-12,12795.1,wallet,authentication_failed,365052.66,10,10,0,10960.118,1.0,1.1674235624105507,0,False
PAY003629,CUST00609,2026-03-26,18357.16,netbanking,expired_card,408443.32,2,2,0,18174.09,1.0,1.0100731315845801,0,True
PAY006215,CUST00609,2026-04-15,16716.91,upi,expired_card,408443.32,4,3,1,18736.2025,0.75,0.8922250920377275,1,False
PAY003190,CUST00610,2026-03-23,14841.47,netbanking,card_declined,77489.89,3,3,0,9181.103333333333,1.0,1.6165235768685755,0,False
PAY004440,CUST00610,2026-04-01,12898.6,wallet,network_error,77489.89,4,3,1,10596.195,0.75,1.2172860163483212,1,True
PAY004179,CUST00612,2026-03-30,5237.61,upi,authentication_failed,329476.96,3,3,0,4797.963333333333,1.0,1.0916319354948523,0,True
PAY006661,CUST00612,2026-04-19,4287.87,wallet,card_declined,329476.96,5,4,1,5096.354,0.8,0.8413603136673786,1,False
PAY001368,CUST00613,2026-03-10,4941.9,card,network_error,387559.8,2,2,0,5594.755,1.0,0.8833094568037384,0,True
PAY003345,CUST00613,2026-03-24,2067.01,card,card_declined,387559.8,4,3,1,5503.2725,0.75,0.37559652007055805,1,False
PAY007157,CUST00613,2026-04-24,4173.76,card,card_declined,387559.8,8,6,2,5235.77625,0.75,0.7971616434143839,0,False
PAY003914,CUST00614,2026-03-28,8784.34,netbanking,network_error,378450.68,2,2,0,10671.16,1.0,0.82318510827314,0,True
PAY000168,CUST00615,2026-03-01,4372.17,card,timeout,227208.1,0,0,0,4372.17,0.0,1.0,0,True
PAY000721,CUST00616,2026-03-06,18238.53,card,insufficient_funds,284423.43,0,0,0,18238.53,0.0,1.0,0,False
PAY002909,CUST00616,2026-03-21,16668.76,wallet,authentication_failed,284423.43,2,1,1,18417.57,0.5,0.90504664839064,1,False
PAY002313,CUST00618,2026-03-17,3466.07,upi,insufficient_funds,315472.62,3,3,0,3011.3633333333332,1.0,1.1509969460122713,0,True
PAY004442,CUST00618,2026-04-01,3427.02,wallet,expired_card,315472.62,5,4,1,2869.1620000000003,0.8,1.1944323813015785,1,False
PAY000722,CUST00619,2026-03-06,3462.04,wallet,timeout,38801.7,1,1,0,3985.2,1.0,0.868724279835391,0,True
PAY006663,CUST00619,2026-04-19,2596.86,netbanking,insufficient_funds,38801.7,7,6,1,3968.027142857143,0.8571428571428571,0.6544461281406845,0,True
PAY007772,CUST00619,2026-05-01,4301.48,wallet,network_error,38801.7,9,7,2,3695.082222222222,0.7777777777777778,1.1641094138936616,1,True
PAY008549,CUST00619,2026-05-11,4710.99,upi,timeout,38801.7,11,8,3,3682.02,0.7272727272727273,1.2794580148939982,2,False
PAY009095,CUST00619,2026-05-21,3854.11,netbanking,expired_card,38801.7,12,8,4,3767.7675,0.6666666666666666,1.0229160902311516,2,False
PAY009492,CUST00619,2026-06-01,2170.15,wallet,authentication_failed,38801.7,13,8,5,3774.409230769231,0.6153846153846154,0.5749641512925507,2,False
PAY002911,CUST00620,2026-03-21,585.43,netbanking,network_error,154896.12,3,3,0,593.38,1.0,0.986602177356837,0,False
PAY003347,CUST00620,2026-03-24,745.72,upi,network_error,154896.12,4,3,1,591.3924999999999,0.75,1.2609561331941141,1,False
PAY003776,CUST00620,2026-03-27,470.15,netbanking,network_error,154896.12,5,3,2,622.258,0.6,0.7555547698864458,2,True
PAY006867,CUST00620,2026-04-21,708.14,netbanking,network_error,154896.12,8,5,3,582.0725,0.625,1.216583844795966,2,False
PAY007960,CUST00620,2026-05-03,264.77,upi,insufficient_funds,154896.12,10,6,4,603.7639999999999,0.6,0.43853227419985297,1,False
PAY008866,CUST00620,2026-05-16,400.52,netbanking,insufficient_funds,154896.12,12,7,5,571.9858333333333,0.5833333333333334,0.700227132664999,2,False
PAY009493,CUST00620,2026-06-01,382.68,card,timeout,154896.12,14,8,6,565.4564285714285,0.5714285714285714,0.6767630195076292,2,True
PAY001369,CUST00621,2026-03-10,9168.15,upi,expired_card,32805.2,1,1,0,12901.66,1.0,0.7106178584771262,0,True
PAY004061,CUST00621,2026-03-29,15032.16,card,timeout,32805.2,4,3,1,10817.7825,0.75,1.3895786867595092,1,True
PAY000591,CUST00622,2026-03-05,11072.38,netbanking,expired_card,158651.89,1,1,0,12418.74,1.0,0.8915864250318469,0,True
PAY004835,CUST00622,2026-04-04,10417.77,wallet,expired_card,158651.89,5,4,1,10086.464,0.8,1.0328465951992691,1,True
PAY006868,CUST00622,2026-04-21,10776.14,wallet,card_declined,158651.89,8,6,2,9808.8625,0.75,1.0986126067115325,1,False
PAY007608,CUST00622,2026-04-29,11442.41,wallet,expired_card,158651.89,9,6,3,9916.337777777777,0.6666666666666666,1.1538947398143402,2,False
PAY000592,CUST00623,2026-03-05,7625.73,card,card_declined,33160.58,0,0,0,7625.73,0.0,1.0,0,True
PAY001522,CUST00623,2026-03-11,6250.36,netbanking,timeout,33160.58,1,0,1,7625.73,0.0,0.8196408737261875,1,True
PAY005646,CUST00623,2026-04-10,8462.38,wallet,expired_card,33160.58,6,4,2,6625.845,0.6666666666666666,1.277177476985954,1,True
PAY007261,CUST00623,2026-04-25,4928.73,card,network_error,33160.58,8,5,3,6730.50125,0.625,0.7322976130492509,1,False
PAY003777,CUST00625,2026-03-27,15780.76,upi,card_declined,428370.22,2,2,0,19596.435,1.0,0.8052872882235977,0,True
PAY002751,CUST00626,2026-03-20,7426.96,netbanking,authentication_failed,255998.57,3,3,0,6436.306666666666,1.0,1.1539164282621712,0,False
PAY008550,CUST00627,2026-05-11,8251.36,wallet,authentication_failed,279386.6,8,8,0,8816.32375,1.0,0.9359184433307591,0,True
PAY001371,CUST00628,2026-03-10,14079.39,netbanking,authentication_failed,448459.0,0,0,0,14079.39,0.0,1.0,0,True
PAY002053,CUST00628,2026-03-15,6463.52,card,authentication_failed,448459.0,1,0,1,14079.39,0.0,0.4590767071584778,1,False
PAY009306,CUST00628,2026-05-26,11414.6,wallet,network_error,448459.0,8,6,2,10797.911250000001,0.75,1.0571118557767363,0,True
PAY009668,CUST00628,2026-06-08,9635.26,upi,authentication_failed,448459.0,10,7,3,10462.243,0.7,0.920955477711615,1,True
PAY001636,CUST00630,2026-03-12,3820.14,wallet,authentication_failed,164155.75,2,2,0,3319.9300000000003,1.0,1.1506688394032403,0,True
PAY003053,CUST00630,2026-03-22,4195.35,wallet,card_declined,164155.75,3,2,1,3486.6666666666665,0.6666666666666666,1.2032552581261953,1,True
PAY008617,CUST00630,2026-05-12,2826.01,card,insufficient_funds,164155.75,10,8,2,3267.654,0.8,0.8648437074427098,0,False
PAY001186,CUST00631,2026-03-09,6302.63,netbanking,expired_card,79676.23,1,1,0,6724.55,1.0,0.9372567681108773,0,True
PAY002054,CUST00631,2026-03-15,6871.97,netbanking,card_declined,79676.23,2,1,1,6513.59,0.5,1.0550203497610382,1,False
PAY004586,CUST00631,2026-04-02,4581.09,upi,card_declined,79676.23,4,2,2,6397.84,0.5,0.7160369749790554,2,False
PAY005264,CUST00631,2026-04-07,6251.56,upi,authentication_failed,79676.23,6,3,3,6197.34,0.5,1.0087489148570195,3,False
PAY002609,CUST00634,2026-03-19,14515.72,upi,timeout,254751.76,1,1,0,17917.08,1.0,0.8101610307036636,0,True
PAY003349,CUST00634,2026-03-24,10861.64,upi,insufficient_funds,254751.76,2,1,1,16216.400000000001,0.5,0.6697935423398533,1,True
PAY005521,CUST00634,2026-04-09,12656.52,upi,network_error,254751.76,4,2,2,13424.87,0.5,0.9427666711111541,2,False
PAY006338,CUST00634,2026-04-16,9543.36,netbanking,authentication_failed,254751.76,6,3,3,12483.35,0.5,0.7644870968129549,3,True
PAY000063,CUST00635,2026-02-28,4469.32,upi,authentication_failed,127633.14,0,0,0,4469.32,0.0,1.0,0,True
PAY001637,CUST00635,2026-03-12,3525.11,netbanking,card_declined,127633.14,2,1,1,5212.615,0.5,0.6762651759241763,1,True
PAY000723,CUST00637,2026-03-06,6746.17,wallet,expired_card,83579.37,0,0,0,6746.17,0.0,1.0,0,False
PAY004444,CUST00637,2026-04-01,4513.68,upi,authentication_failed,83579.37,3,2,1,5039.166666666667,0.6666666666666666,0.8957195303456259,1,False
PAY007682,CUST00637,2026-04-30,3943.46,card,network_error,83579.37,6,4,2,5123.745,0.6666666666666666,0.7696440786963442,1,True
PAY009589,CUST00637,2026-06-04,5317.11,netbanking,expired_card,83579.37,11,8,3,4579.5427272727275,0.7272727272727273,1.1610569693639519,0,True
PAY009669,CUST00637,2026-06-08,4363.92,card,authentication_failed,83579.37,12,8,4,4641.006666666667,0.6666666666666666,0.9402959990002169,1,True
PAY004718,CUST00638,2026-04-03,2975.86,upi,card_declined,145032.32,4,4,0,3144.9474999999998,1.0,0.9462351915254549,0,True
PAY006441,CUST00638,2026-04-17,2964.07,upi,timeout,145032.32,6,5,1,2991.5249999999996,0.8333333333333334,0.9908224066320691,1,True
PAY007879,CUST00638,2026-05-02,2436.14,card,insufficient_funds,145032.32,9,7,2,3027.54,0.7777777777777778,0.8046598888866868,2,True
PAY008619,CUST00638,2026-05-12,2103.24,upi,authentication_failed,145032.32,10,7,3,2968.4,0.7,0.7085433230022907,2,True
PAY002752,CUST00639,2026-03-20,14974.07,card,card_declined,172491.74,2,2,0,13542.529999999999,1.0,1.1057069838501374,0,True
PAY004183,CUST00639,2026-03-30,13638.08,upi,timeout,172491.74,4,3,1,12012.8925,0.75,1.1352869427575416,1,True
PAY000483,CUST00641,2026-03-04,20670.08,netbanking,authentication_failed,37626.37,1,1,0,14635.76,1.0,1.4122997370823245,0,False
PAY004065,CUST00641,2026-03-29,17900.12,upi,network_error,37626.37,5,4,1,17027.766,0.8,1.0512312654519682,1,True
PAY006218,CUST00641,2026-04-15,18674.05,netbanking,expired_card,37626.37,8,6,2,16801.97625,0.75,1.1114198545543117,1,False
PAY007514,CUST00641,2026-04-28,24763.11,netbanking,timeout,37626.37,10,7,3,16429.706,0.7,1.5072156495070577,2,False
PAY007683,CUST00641,2026-04-30,18836.49,card,timeout,37626.37,11,7,4,17187.28818181818,0.6363636363636364,1.0959547428736578,2,True
PAY001008,CUST00642,2026-03-08,4580.26,card,card_declined,340797.78,0,0,0,4580.26,0.0,1.0,0,True
PAY005121,CUST00642,2026-04-06,3380.43,upi,authentication_failed,340797.78,5,4,1,5636.7,0.8,0.5997179200596093,1,False
PAY002056,CUST00643,2026-03-15,5346.01,upi,network_error,363248.16,1,1,0,4275.11,1.0,1.2504964784531862,0,True
PAY003351,CUST00643,2026-03-24,5685.6,wallet,timeout,363248.16,2,1,1,4810.5599999999995,0.5,1.181899820395131,1,True
PAY008197,CUST00643,2026-05-06,4567.7,wallet,expired_card,363248.16,8,6,2,4454.2775,0.75,1.0254637255985959,0,True
PAY008867,CUST00643,2026-05-16,2959.85,netbanking,authentication_failed,363248.16,9,6,3,4466.88,0.6666666666666666,0.6626213374883587,1,False
PAY001639,CUST00644,2026-03-12,8482.69,card,insufficient_funds,453639.64,2,2,0,6661.299999999999,1.0,1.2734286100310752,0,False
PAY008755,CUST00644,2026-05-14,5227.68,netbanking,timeout,453639.64,9,8,1,6408.815555555556,0.8888888888888888,0.8157014279289604,0,True
PAY005122,CUST00645,2026-04-06,7499.94,wallet,timeout,170014.21,3,3,0,7412.4766666666665,1.0,1.0117994750292636,0,True
PAY004066,CUST00646,2026-03-29,4931.69,netbanking,authentication_failed,75007.05,3,3,0,5652.88,1.0,0.8724207837420924,0,True
PAY007058,CUST00646,2026-04-23,5051.91,upi,card_declined,75007.05,6,5,1,5171.075,0.8333333333333334,0.9769554686404665,1,True
PAY002164,CUST00647,2026-03-16,1087.82,wallet,timeout,484009.77,2,2,0,1120.665,1.0,0.9706915090593531,0,True
PAY008481,CUST00647,2026-05-10,1209.84,netbanking,authentication_failed,484009.77,8,7,1,1003.2425000000001,0.875,1.2059297727119813,0,True
PAY009609,CUST00647,2026-06-05,1148.16,wallet,authentication_failed,484009.77,12,10,2,994.0408333333334,0.8333333333333334,1.1550430943061527,1,True
PAY005523,CUST00648,2026-04-09,19746.49,wallet,authentication_failed,199019.2,6,6,0,20386.468333333334,1.0,0.9686076900192211,0,False
PAY005881,CUST00648,2026-04-12,13559.07,upi,authentication_failed,199019.2,7,6,1,20295.042857142857,0.8571428571428571,0.6680976283441488,1,True
PAY003352,CUST00649,2026-03-24,2508.99,netbanking,authentication_failed,469311.09,3,3,0,3182.056666666667,1.0,0.7884806157862262,0,False
PAY003917,CUST00649,2026-03-28,2770.68,netbanking,insufficient_funds,469311.09,4,3,1,3013.79,0.75,0.9193341274607719,1,True
PAY003055,CUST00652,2026-03-22,18789.74,netbanking,expired_card,415334.69,3,3,0,13501.85,1.0,1.3916418861119033,0,True
PAY006220,CUST00653,2026-04-15,3942.79,netbanking,card_declined,344280.15,8,8,0,5093.58625,1.0,0.7740695467756141,0,False
PAY001190,CUST00654,2026-03-09,10422.28,wallet,network_error,324782.29,0,0,0,10422.28,0.0,1.0,0,True
PAY003196,CUST00654,2026-03-23,7830.83,netbanking,authentication_failed,324782.29,2,1,1,9865.58,0.5,0.7937526227550737,1,False
PAY007776,CUST00654,2026-05-01,10371.24,netbanking,timeout,324782.29,8,6,2,8714.4675,0.75,1.1901174684511704,0,False
PAY002756,CUST00655,2026-03-20,8809.73,wallet,timeout,184104.91,2,2,0,7356.98,1.0,1.1974655361303144,0,True
PAY008114,CUST00655,2026-05-05,7881.83,netbanking,authentication_failed,184104.91,8,7,1,7698.282499999999,0.875,1.0238426558131637,0,False
PAY008362,CUST00655,2026-05-08,8356.58,netbanking,expired_card,184104.91,9,7,2,7718.676666666666,0.7777777777777778,1.0826441320036293,1,True
PAY009184,CUST00655,2026-05-23,7045.88,netbanking,timeout,184104.91,11,8,3,7826.15,0.7272727272727273,0.9002996364751507,2,True
PAY003784,CUST00656,2026-03-27,14161.42,wallet,expired_card,94230.15,3,3,0,8210.926666666666,1.0,1.7247042355755218,0,True
PAY005400,CUST00656,2026-04-08,7258.89,netbanking,insufficient_funds,94230.15,5,4,1,8716.168000000001,0.8,0.8328074906312039,1,True
PAY009774,CUST00656,2026-06-14,7013.74,card,expired_card,94230.15,14,12,2,9051.650714285714,0.8571428571428571,0.7748575614976622,0,True
PAY007881,CUST00657,2026-05-02,9150.54,card,authentication_failed,474095.79,8,8,0,7147.92,1.0,1.280168216767955,0,True
PAY008038,CUST00657,2026-05-04,8902.14,card,network_error,474095.79,9,8,1,7370.4333333333325,0.8888888888888888,1.2078177221601625,1,True
PAY002059,CUST00658,2026-03-15,8376.17,upi,card_declined,117138.81,1,1,0,6454.98,1.0,1.297629117363648,0,False
PAY005653,CUST00658,2026-04-10,9788.45,card,timeout,117138.81,4,3,1,7918.6125,0.75,1.2361319612495245,1,True
PAY008818,CUST00658,2026-05-15,7944.79,wallet,authentication_failed,117138.81,8,6,2,8687.4275,0.75,0.9145158333695447,0,True
PAY009465,CUST00658,2026-05-31,6323.31,upi,insufficient_funds,117138.81,10,7,3,8539.162,0.7,0.7405070895715529,1,False
PAY009524,CUST00658,2026-06-02,7492.99,card,authentication_failed,117138.81,11,7,4,8337.72090909091,0.6363636363636364,0.8986856338439118,2,True
PAY001015,CUST00659,2026-03-08,12070.06,wallet,network_error,43196.72,0,0,0,12070.06,0.0,1.0,0,True
PAY003785,CUST00660,2026-03-27,1233.04,card,insufficient_funds,55064.68,3,3,0,1344.8466666666666,1.0,0.9168628889538832,0,False
PAY001528,CUST00662,2026-03-11,15413.99,card,card_declined,23685.01,1,1,0,17164.2,1.0,0.8980313676139872,0,True
PAY004991,CUST00662,2026-04-05,26160.8,wallet,timeout,23685.01,5,4,1,17527.086,0.8,1.492592664861689,1,True
PAY009671,CUST00662,2026-06-08,16692.66,card,timeout,23685.01,13,11,2,17752.252307692306,0.8461538461538461,0.9403122325366472,0,True
PAY001379,CUST00663,2026-03-10,8614.3,netbanking,network_error,384322.26,1,1,0,7983.23,1.0,1.0790494574251275,0,True
PAY004323,CUST00663,2026-03-31,9436.43,upi,network_error,384322.26,3,2,1,8595.293333333333,0.6666666666666666,1.0978601467159548,1,False
PAY005885,CUST00663,2026-04-12,7848.55,upi,authentication_failed,384322.26,4,2,2,8805.5775,0.5,0.8913157598124598,1,False
PAY002322,CUST00664,2026-03-17,8904.18,wallet,insufficient_funds,191476.34,1,1,0,8813.22,1.0,1.010320858891529,0,True
PAY003355,CUST00664,2026-03-24,11240.93,card,authentication_failed,191476.34,2,1,1,8858.7,0.5,1.268914174766049,1,True
PAY004992,CUST00664,2026-04-05,15038.92,netbanking,authentication_failed,191476.34,4,2,2,10530.2375,0.5,1.4281653191582813,2,True
PAY005654,CUST00664,2026-04-10,13822.18,wallet,insufficient_funds,191476.34,6,3,3,12245.08,0.5,1.1287945852538326,3,False
PAY007347,CUST00664,2026-04-26,12724.96,upi,network_error,191476.34,8,4,4,12810.428750000001,0.5,0.9933281897375994,2,False
PAY007778,CUST00664,2026-05-01,7690.35,upi,insufficient_funds,191476.34,9,4,5,12800.932222222222,0.4444444444444444,0.600764840130133,3,True
PAY000851,CUST00666,2026-03-07,5044.98,card,network_error,405476.64,0,0,0,5044.98,0.0,1.0,0,True
PAY001915,CUST00666,2026-03-14,3399.86,card,timeout,405476.64,1,0,1,5044.98,0.0,0.6739095100476118,1,True
PAY004324,CUST00666,2026-03-31,4794.0,card,network_error,405476.64,4,2,2,5137.5125,0.5,0.9331364157264824,2,True
PAY005269,CUST00667,2026-04-07,982.56,netbanking,authentication_failed,221648.34,4,4,0,1880.38,1.0,0.5225326795647688,0,True
PAY005270,CUST00668,2026-04-07,920.03,card,insufficient_funds,339799.65,3,3,0,1186.5733333333335,1.0,0.7753671637095051,0,False
PAY006670,CUST00668,2026-04-19,1114.96,upi,authentication_failed,339799.65,4,3,1,1119.9375,0.75,0.9955555555555556,1,True
PAY007687,CUST00668,2026-04-30,835.59,wallet,expired_card,339799.65,5,3,2,1118.942,0.6,0.7467679289900638,2,True
PAY009526,CUST00668,2026-06-02,904.51,wallet,expired_card,339799.65,10,7,3,1074.172,0.7,0.8420532279746632,0,False
PAY004186,CUST00669,2026-03-30,6706.76,upi,authentication_failed,224878.36,3,3,0,15699.843333333332,1.0,0.427186428399604,0,False
PAY007688,CUST00669,2026-04-30,11203.49,upi,authentication_failed,224878.36,7,6,1,15147.351428571428,0.8571428571428571,0.7396335955385317,0,False
PAY004841,CUST00670,2026-04-04,8224.63,netbanking,expired_card,375525.58,3,3,0,6560.876666666667,1.0,1.2535870460400869,0,True
PAY005126,CUST00670,2026-04-06,8852.66,upi,network_error,375525.58,4,3,1,6976.815,0.75,1.268868387652532,1,False
PAY007349,CUST00670,2026-04-26,3138.3,card,network_error,375525.58,6,4,2,7798.096666666667,0.6666666666666666,0.4024443571486888,2,True
PAY002758,CUST00671,2026-03-20,727.56,netbanking,insufficient_funds,269335.52,1,1,0,648.64,1.0,1.1216699555994079,0,False
PAY004068,CUST00671,2026-03-29,767.14,card,timeout,269335.52,2,1,1,688.0999999999999,0.5,1.1148670251416946,1,True
PAY007163,CUST00671,2026-04-24,707.37,upi,card_declined,269335.52,5,3,2,565.438,0.6,1.2510124894329706,1,True
PAY004187,CUST00673,2026-03-30,16357.94,netbanking,insufficient_funds,418381.13,5,5,0,17565.464,1.0,0.9312557869237044,0,True
PAY005655,CUST00673,2026-04-10,15886.06,wallet,card_declined,418381.13,6,5,1,17364.21,0.8333333333333334,0.9148737546942821,1,False
PAY007962,CUST00673,2026-05-03,18066.81,netbanking,network_error,418381.13,11,9,2,17789.09818181818,0.8181818181818182,1.0156113488915175,1,True
PAY001018,CUST00675,2026-03-08,5634.53,wallet,network_error,233531.59,1,1,0,10064.07,1.0,0.55986593892928,0,True
PAY004325,CUST00675,2026-03-31,6255.61,card,timeout,233531.59,3,2,1,7741.5,0.6666666666666666,0.8080617451398308,1,False
PAY008116,CUST00675,2026-05-05,7091.36,wallet,timeout,233531.59,9,7,2,7014.535555555555,0.7777777777777778,1.0109521783496556,0,True
PAY008620,CUST00675,2026-05-12,6497.92,card,expired_card,233531.59,10,7,3,7022.217999999999,0.7,0.9253372652344318,1,True
PAY001772,CUST00676,2026-03-13,13620.77,netbanking,card_declined,194026.85,1,1,0,10005.24,1.0,1.3613636454497844,0,False
PAY006343,CUST00676,2026-04-16,10193.91,upi,card_declined,194026.85,5,4,1,9599.438,0.8,1.0619277920228247,0,False
PAY006671,CUST00676,2026-04-19,7819.45,netbanking,card_declined,194026.85,6,4,2,9698.516666666666,0.6666666666666666,0.8062521588352858,1,False
PAY003198,CUST00677,2026-03-23,7319.74,upi,insufficient_funds,483302.74,5,5,0,13329.648000000001,1.0,0.5491322801622368,0,True
PAY002323,CUST00678,2026-03-17,4357.55,wallet,network_error,401623.32,3,3,0,5276.326666666667,1.0,0.8258681228986328,0,True
PAY003919,CUST00678,2026-03-28,3784.04,upi,network_error,401623.32,4,3,1,5046.6325,0.75,0.7498148517848289,1,True
PAY002761,CUST00680,2026-03-20,10768.72,upi,expired_card,437687.89,2,2,0,11816.68,1.0,0.9113151917459049,0,True
PAY003920,CUST00680,2026-03-28,18108.42,netbanking,card_declined,437687.89,3,2,1,11467.36,0.6666666666666666,1.579127192309302,1,False
PAY007265,CUST00680,2026-04-25,15701.73,wallet,expired_card,437687.89,6,4,2,12030.625,0.6666666666666666,1.3051466569691932,1,True
PAY002324,CUST00681,2026-03-17,25363.34,upi,timeout,55781.92,1,1,0,19849.6,1.0,1.2777758745768177,0,True
PAY000488,CUST00682,2026-03-04,10886.78,wallet,card_declined,426327.19,1,1,0,10059.33,1.0,1.0822569694005466,0,True
PAY001531,CUST00684,2026-03-11,29445.14,netbanking,expired_card,453126.57,2,2,0,20832.84,1.0,1.413400189316483,0,True
PAY001775,CUST00684,2026-03-13,24723.05,netbanking,network_error,453126.57,3,2,1,23703.60666666667,0.6666666666666666,1.0430079416887612,1,False
PAY002617,CUST00684,2026-03-19,24965.58,card,insufficient_funds,453126.57,5,3,2,22210.496,0.6,1.1240442356622744,2,False
PAY003492,CUST00684,2026-03-25,23500.35,wallet,card_declined,453126.57,6,3,3,22669.676666666666,0.5,1.0366424870344424,3,False
PAY004994,CUST00684,2026-04-05,24019.04,wallet,authentication_failed,453126.57,7,3,4,22788.344285714287,0.42857142857142855,1.054005490651518,4,False
PAY005997,CUST00684,2026-04-13,13244.3,wallet,expired_card,453126.57,8,3,5,22942.18125,0.375,0.5772903568181861,3,False
PAY008622,CUST00684,2026-05-12,31244.69,wallet,network_error,453126.57,11,5,6,21526.41727272727,0.45454545454545453,1.4514579739000608,1,True
PAY004595,CUST00686,2026-04-02,8634.24,netbanking,network_error,114908.81,3,3,0,8845.82,1.0,0.9760813582008225,0,True
PAY006120,CUST00686,2026-04-14,9855.79,netbanking,insufficient_funds,114908.81,4,3,1,8792.925,0.75,1.1208772962353257,1,True
PAY002466,CUST00687,2026-03-18,1134.71,netbanking,card_declined,178044.61,2,2,0,1322.725,1.0,0.8578578313708444,0,True
PAY004720,CUST00688,2026-04-03,8527.28,card,authentication_failed,31362.16,4,4,0,9556.8675,1.0,0.8922672622593125,0,True
PAY000369,CUST00690,2026-03-03,9431.6,upi,timeout,190581.77,0,0,0,9431.6,0.0,1.0,0,False
PAY001641,CUST00690,2026-03-12,10832.9,netbanking,expired_card,190581.77,1,0,1,9431.6,0.0,1.1485750031807964,1,False
PAY003922,CUST00690,2026-03-28,11469.47,wallet,card_declined,190581.77,3,1,2,10547.153333333334,0.3333333333333333,1.087446976214119,2,False
PAY005775,CUST00690,2026-04-11,11259.66,upi,timeout,190581.77,5,2,3,10632.34,0.4,1.0590011229889187,2,False
PAY007350,CUST00690,2026-04-26,5513.83,netbanking,card_declined,190581.77,7,3,4,9866.791428571427,0.42857142857142855,0.5588270553721764,2,False
PAY001197,CUST00693,2026-03-09,12681.2,card,insufficient_funds,73111.8,1,1,0,11596.83,1.0,1.093505725271475,0,True
PAY002765,CUST00693,2026-03-20,7453.21,upi,timeout,73111.8,3,2,1,11598.316666666666,0.6666666666666666,0.6426113559582641,1,False
PAY005402,CUST00693,2026-04-08,5260.71,card,network_error,73111.8,6,4,2,10544.523333333333,0.6666666666666666,0.4989044865944628,2,True
PAY000074,CUST00694,2026-02-28,1110.47,netbanking,authentication_failed,415731.98,0,0,0,1110.47,0.0,1.0,0,True
PAY001385,CUST00694,2026-03-10,1266.05,netbanking,card_declined,415731.98,2,1,1,1177.31,0.5,1.0753752197806865,1,False
PAY004599,CUST00695,2026-04-02,8296.65,upi,timeout,73702.38,5,5,0,9076.725999999999,1.0,0.9140575577581609,0,True
PAY007883,CUST00695,2026-05-02,6282.2,upi,timeout,73702.38,9,8,1,9341.456666666667,0.8888888888888888,0.6725075354057914,1,True
PAY004190,CUST00696,2026-03-30,17711.4,card,card_declined,227057.73,4,4,0,13250.435,1.0,1.3366655509800245,0,True
PAY005128,CUST00696,2026-04-06,19424.67,netbanking,insufficient_funds,227057.73,5,4,1,14142.628,0.8,1.3734837683632772,1,False
PAY004996,CUST00697,2026-04-05,14441.68,upi,card_declined,44216.76,4,4,0,13053.08,1.0,1.1063810227164776,0,False
PAY006873,CUST00697,2026-04-21,11283.09,card,timeout,44216.76,6,5,1,12816.26,0.8333333333333334,0.8803730573505844,1,True
PAY007781,CUST00697,2026-05-01,14044.04,wallet,authentication_failed,44216.76,7,5,2,12597.235714285713,0.7142857142857143,1.1148509338500001,2,True
PAY008554,CUST00697,2026-05-11,13056.69,netbanking,network_error,44216.76,9,6,3,12923.24,0.6666666666666666,1.0103263577864374,2,False
PAY009186,CUST00697,2026-05-23,15752.93,upi,network_error,44216.76,11,7,4,12424.362727272726,0.6363636363636364,1.2679064790518981,2,False
PAY004844,CUST00700,2026-04-04,7346.49,card,insufficient_funds,60037.5,4,4,0,13974.4825,1.0,0.525707481475611,0,True
PAY009611,CUST00700,2026-06-05,15047.83,upi,insufficient_funds,60037.5,11,10,1,12986.013636363636,0.9090909090909091,1.1587720775113646,0,False
PAY002923,CUST00701,2026-03-21,18304.01,wallet,card_declined,154069.84,1,1,0,16393.69,1.0,1.1165277615960776,0,True
PAY003204,CUST00701,2026-03-23,20418.46,netbanking,authentication_failed,154069.84,2,1,1,17348.85,0.5,1.176934494217196,1,True
PAY005275,CUST00701,2026-04-07,11628.97,upi,timeout,154069.84,5,3,2,18714.69,0.6,0.6213819197646341,2,False
PAY006874,CUST00701,2026-04-21,12371.64,netbanking,authentication_failed,154069.84,7,4,3,18102.73,0.5714285714285714,0.6834129437935604,2,True
PAY008040,CUST00701,2026-05-04,11153.61,netbanking,timeout,154069.84,9,5,4,16868.76777777778,0.5555555555555556,0.6611988585611634,2,False
PAY009631,CUST00701,2026-06-06,14703.15,upi,timeout,154069.84,13,8,5,15706.241538461538,0.6153846153846154,0.9361342090655386,0,True
PAY002327,CUST00702,2026-03-17,9299.1,card,timeout,212813.64,2,2,0,11052.779999999999,1.0,0.8413358449186541,0,True
PAY003358,CUST00702,2026-03-24,15520.83,wallet,card_declined,212813.64,4,3,1,10577.8375,0.75,1.467297072771254,1,False
PAY000075,CUST00703,2026-02-28,7056.26,netbanking,authentication_failed,231271.24,0,0,0,7056.26,0.0,1.0,0,True
PAY006122,CUST00703,2026-04-14,6987.02,wallet,insufficient_funds,231271.24,5,4,1,6450.755999999999,0.8,1.0831319615871382,0,False
PAY007885,CUST00703,2026-05-02,5906.23,upi,authentication_failed,231271.24,7,5,2,6544.898571428572,0.7142857142857143,0.9024173462035534,1,True
PAY009719,CUST00703,2026-06-10,7609.91,netbanking,authentication_failed,231271.24,12,9,3,6215.876666666667,0.75,1.224269786562689,0,True
PAY000076,CUST00704,2026-02-28,1033.23,wallet,timeout,453047.71,0,0,0,1033.23,0.0,1.0,0,False
PAY002767,CUST00705,2026-03-20,11568.23,wallet,network_error,13135.5,1,1,0,9650.95,1.0,1.1986623078557033,0,True
PAY004721,CUST00705,2026-04-03,9381.69,upi,authentication_failed,13135.5,4,3,1,11776.3525,0.75,0.7966549914330434,1,False
PAY005131,CUST00705,2026-04-06,9799.71,upi,expired_card,13135.5,5,3,2,11297.42,0.6,0.8674290236177816,2,False
PAY006674,CUST00705,2026-04-19,9467.38,upi,timeout,13135.5,8,5,3,10684.2325,0.625,0.8861076357145915,3,False
PAY001386,CUST00706,2026-03-10,12088.26,upi,network_error,124759.38,0,0,0,12088.26,0.0,1.0,0,True
PAY003206,CUST00706,2026-03-23,11393.17,netbanking,card_declined,124759.38,2,1,1,12963.835,0.5,0.8788425647194678,1,False
PAY006876,CUST00706,2026-04-21,12916.67,wallet,timeout,124759.38,6,4,2,12051.425000000001,0.6666666666666666,1.0717960739082721,1,False
PAY001200,CUST00708,2026-03-09,5095.81,wallet,network_error,124079.3,0,0,0,5095.81,0.0,1.0,0,True
PAY002925,CUST00708,2026-03-21,5939.65,card,timeout,124079.3,1,0,1,5095.81,0.0,1.165594871080358,1,False
PAY008821,CUST00708,2026-05-15,5042.29,netbanking,timeout,124079.3,9,7,2,4777.043333333333,0.7777777777777778,1.0555252795836756,0,True
PAY000371,CUST00709,2026-03-03,7769.51,upi,timeout,333863.79,0,0,0,7769.51,0.0,1.0,0,True
PAY001782,CUST00709,2026-03-13,5759.83,card,authentication_failed,333863.79,1,0,1,7769.51,0.0,0.7413376133115216,1,True
PAY004722,CUST00709,2026-04-03,4692.9,wallet,expired_card,333863.79,3,1,2,6273.099999999999,0.3333333333333333,0.7480990259999044,1,False
PAY005890,CUST00709,2026-04-12,7802.67,upi,insufficient_funds,333863.79,4,1,3,5878.05,0.25,1.3274249113226324,2,False
PAY006877,CUST00709,2026-04-21,5910.56,netbanking,network_error,333863.79,5,1,4,6262.974,0.2,0.9437305663411664,2,False
PAY007783,CUST00709,2026-05-01,5467.38,card,timeout,333863.79,7,2,5,6173.604285714287,0.2857142857142857,0.8856058384972149,3,True
PAY008699,CUST00709,2026-05-13,6527.27,card,expired_card,333863.79,9,3,6,5628.9911111111105,0.3333333333333333,1.1595807971904184,2,False
PAY009404,CUST00709,2026-05-29,4923.2,upi,insufficient_funds,333863.79,11,4,7,5774.108181818182,0.36363636363636365,0.8526338345205297,2,False
PAY004846,CUST00710,2026-04-04,10333.7,card,insufficient_funds,487453.97,4,4,0,11120.81,1.0,0.9292218822190111,0,False
PAY002926,CUST00711,2026-03-21,15090.24,netbanking,card_declined,265399.43,2,2,0,14940.11,1.0,1.010048788128066,0,True
PAY004723,CUST00712,2026-04-03,7765.21,wallet,timeout,494224.09,4,4,0,8015.015,1.0,0.9688328718037333,0,True
PAY006123,CUST00712,2026-04-14,7155.66,netbanking,expired_card,494224.09,5,4,1,7965.054000000001,0.8,0.8983818565448519,1,True
PAY006768,CUST00712,2026-04-20,5836.33,wallet,insufficient_funds,494224.09,7,5,2,7895.5314285714285,0.7142857142857143,0.7391940685436537,2,False
PAY000732,CUST00715,2026-03-06,16766.47,card,timeout,130556.88,1,1,0,17699.72,1.0,0.9472731772028032,0,False
PAY003496,CUST00715,2026-03-25,13125.83,card,insufficient_funds,130556.88,4,3,1,16125.990000000002,0.75,0.8139549881898723,1,True
PAY004193,CUST00715,2026-03-30,12915.3,upi,insufficient_funds,130556.88,5,3,2,15525.958000000002,0.6,0.8318520506109831,2,True
PAY001026,CUST00716,2026-03-08,12071.87,card,network_error,395317.41,0,0,0,12071.87,0.0,1.0,0,True
PAY005659,CUST00716,2026-04-10,10671.89,netbanking,card_declined,395317.41,6,5,1,12802.376666666665,0.8333333333333334,0.8335866283161486,0,False
PAY007616,CUST00716,2026-04-29,15414.62,netbanking,insufficient_funds,395317.41,9,7,2,12452.882222222222,0.7777777777777778,1.23783552473439,1,False
PAY008760,CUST00716,2026-05-14,9033.19,card,expired_card,395317.41,12,9,3,12480.500833333334,0.75,0.7237842551858062,1,True
PAY000856,CUST00717,2026-03-07,4355.55,upi,authentication_failed,367805.81,0,0,0,4355.55,0.0,1.0,0,False
PAY003209,CUST00717,2026-03-23,3428.69,wallet,card_declined,367805.81,3,2,1,3818.4600000000005,0.6666666666666666,0.8979248178585083,1,False
PAY005277,CUST00717,2026-04-07,4678.01,wallet,timeout,367805.81,6,4,2,3621.2816666666663,0.6666666666666666,1.2918105882401674,1,True
PAY004331,CUST00718,2026-03-31,2162.21,netbanking,authentication_failed,386893.18,3,3,0,3235.1733333333336,1.0,0.6683444060699478,0,True
PAY000373,CUST00719,2026-03-03,14645.28,netbanking,timeout,169596.71,0,0,0,14645.28,0.0,1.0,0,True
PAY002771,CUST00719,2026-03-20,19348.06,netbanking,insufficient_funds,169596.71,2,1,1,15525.885000000002,0.5,1.2461808135252836,1,False
PAY004332,CUST00719,2026-03-31,19479.83,upi,timeout,169596.71,3,1,2,16799.943333333333,0.3333333333333333,1.1595176015474657,2,True
PAY005532,CUST00719,2026-04-09,20257.48,card,card_declined,169596.71,4,1,3,17469.915,0.25,1.1595637414377802,2,False
PAY008489,CUST00719,2026-05-10,9607.21,card,authentication_failed,169596.71,8,4,4,19279.572500000002,0.5,0.49831032301157085,0,False
PAY008701,CUST00719,2026-05-13,13275.59,card,expired_card,169596.71,9,4,5,18204.865555555556,0.4444444444444444,0.7292330701090349,1,False
PAY009008,CUST00719,2026-05-19,16661.65,card,timeout,169596.71,10,4,6,17711.938000000002,0.4,0.9407016894481,2,False
PAY009696,CUST00719,2026-06-09,13888.62,wallet,expired_card,169596.71,12,5,7,17246.43,0.4166666666666667,0.8053040542303538,3,False
PAY004073,CUST00720,2026-03-29,18744.89,netbanking,insufficient_funds,275276.8,3,3,0,17362.423333333336,1.0,1.0796240616949206,0,True
PAY001390,CUST00722,2026-03-10,6262.92,wallet,authentication_failed,234988.34,0,0,0,6262.92,0.0,1.0,0,True
PAY003794,CUST00722,2026-03-27,9190.28,netbanking,authentication_failed,234988.34,3,2,1,7539.093333333333,0.6666666666666666,1.2190166103085782,1,True
PAY004848,CUST00722,2026-04-04,10841.14,wallet,authentication_failed,234988.34,4,2,2,7951.89,0.5,1.3633412937050184,2,False
PAY006125,CUST00722,2026-04-14,7574.14,upi,insufficient_funds,234988.34,5,2,3,8529.74,0.4,0.8879684492141613,2,False
PAY007168,CUST00722,2026-04-24,7397.31,card,insufficient_funds,234988.34,7,3,4,7956.902857142857,0.42857142857142855,0.9296720260144292,3,False
PAY003361,CUST00724,2026-03-24,6494.09,upi,network_error,36234.77,4,4,0,7031.155,1.0,0.9236163901947831,0,True
PAY005001,CUST00724,2026-04-05,7388.2,card,card_declined,36234.77,5,4,1,6923.742,0.8,1.0670819334400385,1,True
PAY000600,CUST00725,2026-03-05,10845.95,card,expired_card,231551.39,0,0,0,10845.95,0.0,1.0,0,True
PAY003640,CUST00725,2026-03-26,9887.67,wallet,insufficient_funds,231551.39,3,2,1,10330.356666666667,0.6666666666666666,0.9571470104129997,1,True
PAY003930,CUST00725,2026-03-28,10353.0,netbanking,timeout,231551.39,4,2,2,10219.685000000001,0.5,1.0130449226174778,2,False
PAY005892,CUST00725,2026-04-12,8998.6,card,card_declined,231551.39,8,5,3,10625.455,0.625,0.846890791970791,2,False
PAY007786,CUST00725,2026-05-01,11130.59,card,network_error,231551.39,10,6,4,10770.16,0.6,1.0334656123957304,1,False
PAY003064,CUST00726,2026-03-22,20824.71,netbanking,card_declined,26684.11,3,3,0,15538.976666666667,1.0,1.3401596801848599,0,False
PAY006000,CUST00726,2026-04-13,17013.73,card,expired_card,26684.11,5,4,1,15597.107999999998,0.8,1.0908259402961114,1,True
PAY006555,CUST00726,2026-04-18,13572.4,wallet,insufficient_funds,26684.11,6,4,2,15833.211666666664,0.6666666666666666,0.8572107975145494,2,False
PAY007787,CUST00726,2026-05-01,15170.03,card,network_error,26684.11,8,5,3,15269.047499999999,0.625,0.9935151488657038,2,False
PAY008490,CUST00726,2026-05-10,12065.75,wallet,timeout,26684.11,9,5,4,15258.045555555556,0.5555555555555556,0.7907795238956263,3,False
PAY004456,CUST00730,2026-04-01,1913.96,netbanking,network_error,377879.0,2,2,0,2493.34,1.0,0.767628963558921,0,True
PAY009141,CUST00730,2026-05-22,3516.61,upi,network_error,377879.0,9,8,1,2570.307777777778,0.8888888888888888,1.36816689051938,0,True
PAY009237,CUST00730,2026-05-24,1262.68,upi,insufficient_funds,377879.0,10,8,2,2664.938,0.8,0.4738121487254113,1,False
PAY000374,CUST00731,2026-03-03,8314.42,upi,expired_card,181702.22,0,0,0,8314.42,0.0,1.0,0,True
PAY000179,CUST00732,2026-03-01,2758.47,wallet,timeout,433570.15,0,0,0,2758.47,0.0,1.0,0,True
PAY000734,CUST00732,2026-03-06,3179.43,card,insufficient_funds,433570.15,1,0,1,2758.47,0.0,1.1526063361211107,1,False
PAY002931,CUST00732,2026-03-21,3093.07,card,expired_card,433570.15,3,1,2,2565.4566666666665,0.3333333333333333,1.205660590642082,2,False
PAY004074,CUST00732,2026-03-29,3261.71,card,card_declined,433570.15,5,2,3,2587.4559999999997,0.4,1.260585687254199,3,False
PAY006881,CUST00732,2026-04-21,3999.08,wallet,authentication_failed,433570.15,9,5,4,2740.49,0.5555555555555556,1.4592572861057695,1,False
PAY009336,CUST00732,2026-05-27,3192.52,card,insufficient_funds,433570.15,13,8,5,2895.7669230769234,0.6153846153846154,1.1024782328156988,0,False
PAY009494,CUST00732,2026-06-01,3112.66,wallet,expired_card,433570.15,14,8,6,2916.9635714285714,0.5714285714285714,1.0670890889719227,1,False
PAY000375,CUST00733,2026-03-03,14982.36,card,network_error,66615.13,0,0,0,14982.36,0.0,1.0,0,False
PAY004075,CUST00733,2026-03-29,9492.13,wallet,expired_card,66615.13,3,2,1,12208.506666666668,0.6666666666666666,0.7775013160222707,1,False
PAY005778,CUST00733,2026-04-11,14845.99,wallet,timeout,66615.13,6,4,2,11755.14,0.6666666666666666,1.2629360432968046,1,False
PAY006882,CUST00733,2026-04-21,11590.96,netbanking,timeout,66615.13,8,5,3,12005.75875,0.625,0.965450017892455,2,False
PAY009238,CUST00733,2026-05-24,10497.08,upi,card_declined,66615.13,13,9,4,12139.091538461538,0.6923076923076923,0.864733573080079,0,False
PAY007617,CUST00734,2026-04-29,19972.77,card,authentication_failed,445295.83,8,8,0,20671.885,1.0,0.9661803942891518,0,True
PAY001032,CUST00735,2026-03-08,19056.58,upi,insufficient_funds,447845.56,2,2,0,16195.07,1.0,1.1766901902863034,0,True
PAY005780,CUST00735,2026-04-11,20193.84,netbanking,timeout,447845.56,6,5,1,17193.131666666668,0.8333333333333334,1.1745294802313986,0,True
PAY007170,CUST00735,2026-04-24,15800.38,card,authentication_failed,447845.56,8,6,2,18082.455,0.75,0.8737961742473573,1,True
PAY007696,CUST00738,2026-04-30,9153.59,card,expired_card,262041.55,6,6,0,8399.256666666666,1.0,1.089809534732637,0,True
PAY000377,CUST00739,2026-03-03,19900.91,upi,insufficient_funds,364905.26,0,0,0,19900.91,0.0,1.0,0,True
PAY002626,CUST00739,2026-03-19,22602.37,upi,timeout,364905.26,3,2,1,17848.413333333334,0.6666666666666666,1.2663517802889668,1,True
PAY002068,CUST00741,2026-03-15,7026.73,netbanking,network_error,275009.83,2,2,0,8059.52,1.0,0.8718546513936313,0,True
PAY004726,CUST00741,2026-04-03,8656.43,card,timeout,275009.83,5,4,1,7290.028,0.8,1.1874343966854448,1,True
PAY006678,CUST00741,2026-04-19,4957.88,wallet,expired_card,275009.83,7,5,2,6926.9857142857145,0.7142857142857143,0.7157341164678926,1,True
PAY002069,CUST00742,2026-03-15,10868.7,upi,expired_card,44634.11,2,2,0,12758.755000000001,1.0,0.8518621135055889,0,False
PAY008204,CUST00742,2026-05-06,12454.38,upi,expired_card,44634.11,9,8,1,10281.166666666666,0.8888888888888888,1.2113780861445684,0,False
PAY000604,CUST00743,2026-03-05,19125.04,wallet,expired_card,156715.45,0,0,0,19125.04,0.0,1.0,0,True
PAY008916,CUST00744,2026-05-17,6247.39,wallet,network_error,215927.46,10,10,0,12663.547,1.0,0.49333650358781783,0,False
PAY009056,CUST00744,2026-05-20,15548.24,upi,network_error,215927.46,11,10,1,12080.259999999998,0.9090909090909091,1.2870782582494087,1,False
PAY009337,CUST00744,2026-05-27,11485.02,card,authentication_failed,215927.46,13,11,2,12311.82846153846,0.8461538461538461,0.9328443809852153,2,False
PAY000380,CUST00745,2026-03-03,13593.07,wallet,timeout,179015.76,0,0,0,13593.07,0.0,1.0,0,True
PAY001393,CUST00745,2026-03-10,6038.02,wallet,authentication_failed,179015.76,2,1,1,12201.335,0.5,0.49486552086308594,1,False
PAY004728,CUST00746,2026-04-03,728.29,wallet,card_declined,435668.4,4,4,0,1298.0075,1.0,0.5610830445894959,0,True
PAY005281,CUST00746,2026-04-07,728.68,wallet,card_declined,435668.4,5,4,1,1184.0639999999999,0.8,0.6154059240041079,1,True
PAY000282,CUST00747,2026-03-02,17228.86,netbanking,card_declined,499084.55,0,0,0,17228.86,0.0,1.0,0,False
PAY001789,CUST00747,2026-03-13,18624.92,netbanking,network_error,499084.55,1,0,1,17228.86,0.0,1.081030317734313,1,True
PAY005662,CUST00747,2026-04-10,8568.01,card,insufficient_funds,499084.55,5,3,2,19868.654000000002,0.6,0.43123253341670753,1,True
PAY001206,CUST00751,2026-03-09,9399.69,upi,insufficient_funds,341308.25,1,1,0,18068.65,1.0,0.5202209351556425,0,True
PAY002935,CUST00753,2026-03-21,1258.73,upi,authentication_failed,391749.43,2,2,0,1987.01,1.0,0.633479449021394,0,False
PAY006458,CUST00753,2026-04-17,1744.55,netbanking,authentication_failed,391749.43,5,4,1,1564.09,0.8,1.1153769923725616,1,False
PAY007525,CUST00753,2026-04-28,1887.6,card,authentication_failed,391749.43,6,4,2,1594.1666666666667,0.6666666666666666,1.1840669106116046,1,True
PAY007789,CUST00753,2026-05-01,1501.66,card,insufficient_funds,391749.43,7,4,3,1636.0857142857144,0.5714285714285714,0.9178369977123099,2,True
PAY008438,CUST00753,2026-05-09,1342.37,netbanking,network_error,391749.43,8,4,4,1619.2825,0.5,0.8289906177581737,3,False
PAY001207,CUST00754,2026-03-09,1137.35,netbanking,expired_card,38280.51,0,0,0,1137.35,0.0,1.0,0,True
PAY002629,CUST00755,2026-03-19,7622.63,netbanking,network_error,186332.59,2,2,0,8139.969999999999,1.0,0.9364444832106261,0,True
PAY003364,CUST00755,2026-03-24,9911.88,wallet,card_declined,186332.59,3,2,1,7967.5233333333335,0.6666666666666666,1.244035264827171,1,False
PAY004602,CUST00755,2026-04-02,8903.73,netbanking,network_error,186332.59,4,2,2,8453.6125,0.5,1.0532455799221931,2,False
PAY007070,CUST00755,2026-04-23,9308.86,upi,timeout,186332.59,7,4,3,8209.302857142857,0.5714285714285714,1.133940379833889,2,True
PAY008128,CUST00755,2026-05-05,5243.22,netbanking,insufficient_funds,186332.59,8,4,4,8346.7475,0.5,0.6281752263381635,1,True
PAY009009,CUST00755,2026-05-19,7059.6,card,timeout,186332.59,10,5,5,8281.229000000001,0.5,0.8524821617660856,2,True
PAY002775,CUST00756,2026-03-20,5266.23,netbanking,authentication_failed,285786.1,2,2,0,4078.415,1.0,1.2912442701392575,0,True
PAY003506,CUST00756,2026-03-25,4873.1,upi,expired_card,285786.1,3,2,1,4474.3533333333335,0.6666666666666666,1.0891182785445346,1,False
PAY005897,CUST00758,2026-04-12,1480.5,upi,timeout,189146.62,4,4,0,968.92,1.0,1.5279899269289519,0,True
PAY008560,CUST00758,2026-05-11,1227.37,netbanking,insufficient_funds,189146.62,8,7,1,1011.3575,0.875,1.2135866891776645,1,False
PAY000493,CUST00759,2026-03-04,6471.53,netbanking,expired_card,289091.28,0,0,0,6471.53,0.0,1.0,0,True
PAY000739,CUST00759,2026-03-06,7670.74,netbanking,network_error,289091.28,1,0,1,6471.53,0.0,1.1853054841745305,1,False
PAY003801,CUST00759,2026-03-27,8535.67,upi,insufficient_funds,289091.28,6,4,2,7214.014999999999,0.6666666666666666,1.183206577751779,2,False
PAY008047,CUST00759,2026-05-04,9814.07,netbanking,timeout,289091.28,10,7,3,7061.348,0.7,1.3898295339643365,0,True
PAY002937,CUST00760,2026-03-21,7823.08,card,expired_card,202026.85,3,3,0,7694.633333333334,1.0,1.0166930198103439,0,False
PAY000180,CUST00761,2026-03-01,14090.89,upi,network_error,128557.77,0,0,0,14090.89,0.0,1.0,0,False
PAY005137,CUST00761,2026-04-06,11475.24,wallet,insufficient_funds,128557.77,6,5,1,11149.205,0.8333333333333334,1.0292428922062156,0,False
PAY006226,CUST00761,2026-04-15,16521.16,wallet,insufficient_funds,128557.77,8,6,2,11572.838749999999,0.75,1.4275805925318021,1,True
PAY007619,CUST00761,2026-04-29,13789.59,wallet,authentication_failed,128557.77,10,7,3,12307.502,0.7,1.1204215120176295,2,False
PAY005536,CUST00762,2026-04-09,13252.17,netbanking,authentication_failed,369159.06,7,7,0,17006.821428571428,1.0,0.7792267388505874,0,False
PAY001036,CUST00764,2026-03-08,5386.08,wallet,insufficient_funds,134579.45,1,1,0,5373.69,1.0,1.0023056782211106,0,True
PAY002632,CUST00764,2026-03-19,5932.38,card,card_declined,134579.45,2,1,1,5379.885,0.5,1.1026964331021945,1,True
PAY006002,CUST00764,2026-04-13,2695.45,wallet,network_error,134579.45,5,3,2,5127.814,0.6,0.5256528415422244,1,True
PAY008493,CUST00764,2026-05-10,3011.56,netbanking,authentication_failed,134579.45,8,5,3,4366.79,0.625,0.6896507503223192,1,True
PAY009495,CUST00764,2026-06-01,4269.93,wallet,insufficient_funds,134579.45,11,7,4,4264.539090909091,0.6363636363636364,1.0012641246746692,1,False
PAY003213,CUST00766,2026-03-23,6781.68,upi,network_error,146360.55,4,4,0,10305.205,1.0,0.6580829784560327,0,True
PAY001928,CUST00767,2026-03-14,3717.89,card,expired_card,248144.1,1,1,0,3214.5,1.0,1.1565997822367398,0,True
PAY002633,CUST00767,2026-03-19,2550.12,netbanking,timeout,248144.1,2,1,1,3466.1949999999997,0.5,0.7357116376891664,1,False
PAY002634,CUST00768,2026-03-19,5770.51,netbanking,expired_card,427149.01,1,1,0,4799.9,1.0,1.2022146294714475,0,True
PAY004082,CUST00768,2026-03-29,4967.91,wallet,timeout,427149.01,2,1,1,5285.205,0.5,0.9399654318044428,1,True
PAY007271,CUST00768,2026-04-25,5896.09,netbanking,expired_card,427149.01,6,4,2,4510.5616666666665,0.6666666666666666,1.307174235876759,1,False
PAY008292,CUST00768,2026-05-07,1893.91,netbanking,network_error,427149.01,7,4,3,4708.494285714286,0.5714285714285714,0.4022326215296003,1,False
PAY009593,CUST00768,2026-06-04,5557.34,wallet,authentication_failed,427149.01,11,7,4,4265.358181818182,0.6363636363636364,1.3029011311849756,1,False
PAY009634,CUST00768,2026-06-06,3321.5,upi,timeout,427149.01,12,7,5,4373.0233333333335,0.5833333333333334,0.7595431688374252,2,True
PAY001929,CUST00769,2026-03-14,803.34,netbanking,timeout,449846.12,1,1,0,598.5,1.0,1.3422556390977445,0,True
PAY006886,CUST00769,2026-04-21,743.2,netbanking,timeout,449846.12,6,5,1,909.945,0.8333333333333334,0.8167526608751079,0,False
PAY008373,CUST00769,2026-05-08,376.92,wallet,timeout,449846.12,8,6,2,866.57625,0.75,0.43495306962312896,1,False
PAY009469,CUST00769,2026-05-31,584.74,upi,timeout,449846.12,11,8,3,780.3227272727272,0.7272727272727273,0.7493566181824537,1,True
PAY001209,CUST00770,2026-03-09,2206.64,upi,expired_card,48456.42,0,0,0,2206.64,0.0,1.0,0,True
PAY006564,CUST00770,2026-04-18,3138.14,wallet,card_declined,48456.42,5,4,1,2319.7599999999998,0.8,1.3527864951546713,0,True
PAY007967,CUST00770,2026-05-03,3235.55,upi,insufficient_funds,48456.42,8,6,2,2636.23625,0.75,1.2273368898557557,1,False
PAY000494,CUST00771,2026-03-04,8793.31,wallet,insufficient_funds,423533.0,0,0,0,8793.31,0.0,1.0,0,False
PAY002177,CUST00771,2026-03-16,9545.82,upi,network_error,423533.0,1,0,1,8793.31,0.0,1.0855775583938245,1,False
PAY002635,CUST00772,2026-03-19,9514.4,card,insufficient_funds,176975.52,1,1,0,13269.42,1.0,0.7170170210905977,0,True
PAY005419,CUST00772,2026-04-08,18305.66,upi,network_error,176975.52,4,3,1,11023.1375,0.75,1.660657866238174,1,False
PAY006003,CUST00772,2026-04-13,13422.11,upi,expired_card,176975.52,5,3,2,12479.642,0.6,1.0755204356022392,2,True
PAY008209,CUST00774,2026-05-06,9660.58,wallet,expired_card,426424.22,8,8,0,10751.342499999999,1.0,0.8985463908344471,0,True
PAY001539,CUST00776,2026-03-11,4342.03,netbanking,insufficient_funds,397879.71,1,1,0,3262.55,1.0,1.33087002498046,0,True
PAY005142,CUST00776,2026-04-06,2886.64,card,insufficient_funds,397879.71,7,6,1,3230.7000000000003,0.8571428571428571,0.893502956015724,1,False
PAY006358,CUST00776,2026-04-16,2686.82,wallet,card_declined,397879.71,9,7,2,3156.1755555555555,0.7777777777777778,0.8512897817963936,1,False
PAY007444,CUST00776,2026-04-27,2412.12,upi,timeout,397879.71,10,7,3,3109.2400000000002,0.7,0.7757908685080598,2,True
PAY001211,CUST00777,2026-03-09,6334.64,upi,network_error,65074.42,1,1,0,6349.87,1.0,0.9976015257005262,0,True
PAY002180,CUST00777,2026-03-16,5238.14,card,timeout,65074.42,2,1,1,6342.255,0.5,0.8259112886504879,1,True
PAY005899,CUST00777,2026-04-12,9683.56,netbanking,network_error,65074.42,6,4,2,5692.610000000001,0.6666666666666666,1.7010756050388132,1,True
PAY006133,CUST00777,2026-04-14,6284.34,card,timeout,65074.42,7,4,3,6262.745714285715,0.5714285714285714,1.0034480540484068,2,True
PAY007272,CUST00777,2026-04-25,4680.17,wallet,expired_card,65074.42,8,4,4,6265.445,0.5,0.7469812599105092,2,False
PAY008958,CUST00777,2026-05-18,6679.02,card,authentication_failed,65074.42,11,6,5,6628.067272727273,0.5454545454545454,1.007687418545431,1,False
PAY006359,CUST00778,2026-04-16,11488.34,card,timeout,73744.05,4,4,0,11175.2075,1.0,1.0280202850819549,0,True
PAY008703,CUST00778,2026-05-13,6387.73,wallet,network_error,73744.05,8,7,1,10398.8375,0.875,0.6142734704720599,1,False
PAY009010,CUST00779,2026-05-19,6672.51,upi,authentication_failed,18010.59,10,10,0,5305.733,1.0,1.2576038032822232,0,True
PAY001213,CUST00781,2026-03-09,12500.98,card,expired_card,278065.23,0,0,0,12500.98,0.0,1.0,0,True
PAY004202,CUST00781,2026-03-30,11287.08,card,network_error,278065.23,2,1,1,12641.58,0.5,0.8928535831755208,1,True
PAY004340,CUST00782,2026-03-31,10708.97,netbanking,timeout,47676.66,5,5,0,10514.992,1.0,1.018447755357303,0,False
PAY000284,CUST00783,2026-03-02,17040.49,netbanking,card_declined,499799.55,0,0,0,17040.49,0.0,1.0,0,False
PAY000496,CUST00783,2026-03-04,9848.35,upi,expired_card,499799.55,1,0,1,17040.49,0.0,0.5779381930918653,1,True
PAY001934,CUST00783,2026-03-14,11402.94,wallet,authentication_failed,499799.55,2,0,2,13444.420000000002,0.0,0.848154104081842,2,True
PAY009674,CUST00783,2026-06-08,8999.04,netbanking,card_declined,499799.55,13,10,3,10788.988461538462,0.7692307692307693,0.8340948766495184,0,True
PAY006566,CUST00784,2026-04-18,3036.65,card,authentication_failed,265219.35,7,7,0,2093.582857142857,1.0,1.4504560875819172,0,True
PAY006360,CUST00785,2026-04-16,6974.92,netbanking,authentication_failed,412553.0,5,5,0,8533.318000000001,1.0,0.8173749062205345,0,True
PAY007791,CUST00785,2026-05-01,5531.16,upi,authentication_failed,412553.0,8,7,1,7713.726250000001,0.875,0.7170542252520303,1,True
PAY003803,CUST00787,2026-03-27,3191.72,netbanking,authentication_failed,227737.38,4,4,0,5106.03,1.0,0.6250883759006508,0,False
PAY006684,CUST00792,2026-04-19,22818.03,netbanking,insufficient_funds,32429.36,5,5,0,17140.66,1.0,1.3312223683335414,0,True
PAY003217,CUST00793,2026-03-23,3763.93,wallet,insufficient_funds,80742.66,3,3,0,4443.706666666666,1.0,0.847024856126117,0,True
PAY006462,CUST00793,2026-04-17,4926.78,card,authentication_failed,80742.66,7,6,1,4075.04,0.8571428571428571,1.2090138992500687,1,False
PAY009429,CUST00794,2026-05-30,7385.41,netbanking,insufficient_funds,164717.07,10,10,0,7536.997,1.0,0.9798876130639298,0,False
PAY009374,CUST00795,2026-05-28,14032.96,netbanking,card_declined,176281.43,14,14,0,12446.464285714286,1.0,1.127465573986875,0,False
PAY001936,CUST00796,2026-03-14,1706.23,netbanking,card_declined,447988.33,1,1,0,2201.24,1.0,0.7751222038487399,0,True
PAY002187,CUST00796,2026-03-16,2071.0,upi,network_error,447988.33,2,1,1,1953.735,0.5,1.0600209342618114,1,True
PAY005666,CUST00797,2026-04-10,10716.81,upi,insufficient_funds,129049.63,5,5,0,8902.272,1.0,1.2038286405987144,0,True
PAY006231,CUST00797,2026-04-15,8677.42,upi,timeout,129049.63,6,5,1,9204.695,0.8333333333333334,0.942716733145422,1,True
PAY007073,CUST00797,2026-04-23,9285.13,wallet,network_error,129049.63,8,6,2,9343.63875,0.75,0.993738119423763,2,True
PAY000497,CUST00798,2026-03-04,14234.61,upi,expired_card,277666.5,0,0,0,14234.61,0.0,1.0,0,True
PAY006687,CUST00798,2026-04-19,14958.95,netbanking,network_error,277666.5,5,4,1,15177.27,0.8,0.9856153313474689,0,True
PAY009531,CUST00798,2026-06-02,19149.63,wallet,card_declined,277666.5,10,8,2,16212.653,0.8,1.181153386802271,0,False
PAY009749,CUST00798,2026-06-12,19960.44,netbanking,timeout,277666.5,11,8,3,16479.65090909091,0.7272727272727273,1.2112174044286903,1,True
PAY003805,CUST00799,2026-03-27,12819.72,card,insufficient_funds,154898.18,5,5,0,8208.102,1.0,1.5618373163491388,0,False
PAY004343,CUST00799,2026-03-31,5546.58,upi,insufficient_funds,154898.18,6,5,1,8976.705,0.8333333333333334,0.6178859614970081,1,True
PAY003218,CUST00800,2026-03-23,13802.62,netbanking,timeout,253773.71,2,2,0,10933.765,1.0,1.2623849149858262,0,True
PAY005422,CUST00800,2026-04-08,7606.53,card,network_error,253773.71,4,3,1,12218.285,0.75,0.6225530015055304,1,False
PAY001217,CUST00801,2026-03-09,21537.79,wallet,expired_card,471095.46,1,1,0,17634.28,1.0,1.2213591935707044,0,False
PAY002640,CUST00801,2026-03-19,13731.59,netbanking,card_declined,471095.46,2,1,1,19586.035,0.5,0.701090853763919,1,False
PAY003510,CUST00801,2026-03-25,15160.08,netbanking,network_error,471095.46,3,1,2,17634.553333333333,0.3333333333333333,0.8596804077449461,2,False
PAY008563,CUST00801,2026-05-11,18549.1,wallet,expired_card,471095.46,9,6,3,16278.202222222222,0.6666666666666666,1.1395054408820193,0,False
PAY009060,CUST00801,2026-05-20,24571.5,upi,card_declined,471095.46,11,7,4,16562.54,0.6363636363636364,1.4835586812167698,1,False
PAY009496,CUST00801,2026-06-01,7516.2,card,authentication_failed,471095.46,12,7,5,17229.953333333335,0.5833333333333334,0.4362286916621557,2,False
PAY001043,CUST00802,2026-03-08,10388.71,upi,card_declined,331072.77,0,0,0,10388.71,0.0,1.0,0,True
PAY003937,CUST00802,2026-03-28,9465.22,card,timeout,331072.77,3,2,1,9631.076666666666,0.6666666666666666,0.9827790108617139,1,True
PAY004738,CUST00802,2026-04-03,9987.13,upi,insufficient_funds,331072.77,4,2,2,9589.6125,0.5,1.0414529262783037,2,True
PAY001801,CUST00804,2026-03-13,4519.65,wallet,network_error,283990.93,1,1,0,3609.14,1.0,1.2522789362562825,0,False
PAY004739,CUST00804,2026-04-03,2116.98,wallet,network_error,283990.93,4,3,1,4343.2325,0.75,0.48742037180832476,1,False
PAY005009,CUST00805,2026-04-05,8346.66,wallet,insufficient_funds,19044.88,4,4,0,6461.700000000001,1.0,1.2917127071823202,0,True
PAY006006,CUST00805,2026-04-13,6903.22,wallet,timeout,19044.88,5,4,1,6838.692,0.8,1.00943572250366,1,True
PAY008133,CUST00805,2026-05-05,5765.2,wallet,card_declined,19044.88,8,6,2,7111.845,0.75,0.8106475886355791,2,False
PAY004604,CUST00806,2026-04-02,4459.59,card,timeout,322519.6,5,5,0,4531.0380000000005,1.0,0.9842314277655583,0,True
PAY001649,CUST00808,2026-03-12,18492.75,netbanking,card_declined,211210.46,1,1,0,18840.63,1.0,0.981535649285613,0,True
PAY008633,CUST00809,2026-05-12,26959.8,netbanking,expired_card,251528.84,10,10,0,21444.254,1.0,1.257203911126962,0,True
PAY008874,CUST00809,2026-05-16,24477.52,card,card_declined,251528.84,11,10,1,21945.66727272727,0.9090909090909091,1.1153691385095936,1,True
PAY006234,CUST00810,2026-04-15,3975.82,card,insufficient_funds,148387.47,4,4,0,4636.5650000000005,1.0,0.8574925618426572,0,True
PAY002337,CUST00811,2026-03-17,13443.03,wallet,insufficient_funds,244057.68,2,2,0,14620.165,1.0,0.9194855188022844,0,True
PAY005668,CUST00811,2026-04-10,12618.95,upi,authentication_failed,244057.68,5,4,1,14014.372,0.8,0.9004292165214397,1,True
PAY004206,CUST00812,2026-03-30,9493.85,card,timeout,344070.47,3,3,0,8604.496666666666,1.0,1.1033591350878942,0,True
PAY005011,CUST00812,2026-04-05,7035.87,netbanking,card_declined,344070.47,4,3,1,8826.835,0.75,0.7970999797775761,1,False
PAY008053,CUST00812,2026-05-04,9696.46,netbanking,timeout,344070.47,8,6,2,7465.80625,0.75,1.2987827001269956,1,True
PAY008875,CUST00812,2026-05-16,7126.13,card,insufficient_funds,344070.47,9,6,3,7713.656666666667,0.6666666666666666,0.9238329248946782,1,False
PAY009276,CUST00812,2026-05-25,7117.66,card,insufficient_funds,344070.47,11,7,4,7413.3381818181815,0.6363636363636364,0.9601153792574367,2,False
PAY000618,CUST00813,2026-03-05,3276.96,netbanking,insufficient_funds,41121.65,0,0,0,3276.96,0.0,1.0,0,False
PAY003220,CUST00813,2026-03-23,2869.64,card,card_declined,41121.65,3,2,1,1998.38,0.6666666666666666,1.4359831463485422,1,False
PAY004740,CUST00813,2026-04-03,2334.39,card,insufficient_funds,41121.65,6,4,2,2397.435,0.6666666666666666,0.9737031452364715,2,False
PAY005287,CUST00813,2026-04-07,2431.54,card,network_error,41121.65,7,4,3,2388.4285714285716,0.5714285714285714,1.018050122614989,2,True
PAY006774,CUST00813,2026-04-20,2912.41,upi,authentication_failed,41121.65,9,5,4,2368.5766666666664,0.5555555555555556,1.2296034327226057,3,False
PAY005425,CUST00814,2026-04-08,7253.17,card,authentication_failed,222604.72,4,4,0,10761.9275,1.0,0.673965699917603,0,True
PAY004469,CUST00815,2026-04-01,11309.17,wallet,insufficient_funds,105991.39,2,2,0,12929.705,1.0,0.8746657406336804,0,True
PAY006134,CUST00815,2026-04-14,12134.47,card,authentication_failed,105991.39,5,4,1,13308.662,0.8,0.9117723479640553,1,True
PAY009338,CUST00815,2026-05-27,14876.26,netbanking,card_declined,105991.39,11,9,2,12565.998181818182,0.8181818181818182,1.183850242913814,0,True
PAY006008,CUST00816,2026-04-13,2759.59,card,card_declined,159728.34,4,4,0,2815.1475,1.0,0.980264799624176,0,True
PAY009635,CUST00816,2026-06-06,2357.5,card,insufficient_funds,159728.34,12,11,1,2744.2566666666667,0.9166666666666666,0.8590668754258894,0,False
PAY003512,CUST00817,2026-03-25,11982.52,netbanking,card_declined,368428.88,3,3,0,14103.246666666666,1.0,0.8496284779816657,0,True
PAY000864,CUST00818,2026-03-07,1377.85,netbanking,insufficient_funds,487810.19,1,1,0,1389.76,1.0,0.9914301749942436,0,True
PAY001802,CUST00818,2026-03-13,1908.66,wallet,insufficient_funds,487810.19,2,1,1,1383.8049999999998,0.5,1.379283930900669,1,True
PAY004741,CUST00818,2026-04-03,1303.81,card,card_declined,487810.19,5,3,2,1537.09,0.6,0.8482326994515611,2,False
PAY005669,CUST00818,2026-04-10,820.88,upi,timeout,487810.19,7,4,3,1535.7914285714287,0.5714285714285714,0.5344996623425428,2,False
PAY007969,CUST00818,2026-05-03,1685.06,upi,expired_card,487810.19,9,5,4,1463.2822222222223,0.5555555555555556,1.15156186168993,2,False
PAY008565,CUST00818,2026-05-11,1287.77,netbanking,authentication_failed,487810.19,10,5,5,1485.46,0.5,0.8669166453489154,1,False
PAY005428,CUST00819,2026-04-08,14203.05,upi,expired_card,188417.4,4,4,0,12972.35,1.0,1.0948710141184903,0,True
PAY008440,CUST00819,2026-05-09,18273.83,netbanking,network_error,188417.4,9,8,1,12086.628888888888,0.8888888888888888,1.511904615256198,0,True
PAY009147,CUST00819,2026-05-22,12538.0,netbanking,insufficient_funds,188417.4,11,9,2,13034.003636363637,0.8181818181818182,0.961945412154111,1,False
PAY009571,CUST00819,2026-06-03,10775.96,netbanking,authentication_failed,188417.4,14,11,3,12840.578571428572,0.7857142857142857,0.8392114062506083,2,True
PAY002643,CUST00820,2026-03-19,11687.52,netbanking,network_error,162962.36,3,3,0,16620.576666666664,1.0,0.7031958177143073,0,True
PAY007362,CUST00820,2026-04-26,23212.5,upi,timeout,162962.36,9,8,1,17344.81111111111,0.8888888888888888,1.338296499817749,0,True
PAY000288,CUST00821,2026-03-02,16588.43,upi,insufficient_funds,137398.48,0,0,0,16588.43,0.0,1.0,0,True
PAY001803,CUST00821,2026-03-13,25007.58,upi,network_error,137398.48,2,1,1,21362.489999999998,0.5,1.170630389996672,1,True
PAY006236,CUST00821,2026-04-15,15410.01,netbanking,card_declined,137398.48,7,5,2,22229.46857142857,0.7142857142857143,0.6932243994265528,0,True
PAY007623,CUST00821,2026-04-29,21243.14,wallet,timeout,137398.48,9,6,3,22186.382222222222,0.6666666666666666,0.9574855326670855,1,True
PAY008295,CUST00821,2026-05-07,24358.05,card,expired_card,137398.48,10,6,4,22092.058,0.6,1.102570435040502,2,False
PAY009064,CUST00821,2026-05-20,21408.93,upi,insufficient_funds,137398.48,12,7,5,21834.000833333335,0.5833333333333334,0.9805317020651391,2,True
PAY001411,CUST00822,2026-03-10,341.2,card,expired_card,52921.77,1,1,0,699.43,1.0,0.4878258010093934,0,True
PAY002783,CUST00822,2026-03-20,519.24,card,insufficient_funds,52921.77,2,1,1,520.3149999999999,0.5,0.9979339438609305,1,False
PAY003653,CUST00822,2026-03-26,563.11,wallet,timeout,52921.77,3,1,2,519.9566666666666,0.3333333333333333,1.0829940956618183,2,False
PAY007531,CUST00822,2026-04-28,387.36,card,timeout,52921.77,7,4,3,524.8771428571429,0.5714285714285714,0.7380012737674667,0,True
PAY002074,CUST00823,2026-03-15,21609.31,wallet,timeout,195154.17,2,2,0,20397.855,1.0,1.059391293839475,0,True
PAY002644,CUST00825,2026-03-19,16841.27,netbanking,card_declined,84051.33,1,1,0,15013.24,1.0,1.121761192121088,0,False
PAY005289,CUST00825,2026-04-07,22453.25,netbanking,expired_card,84051.33,4,3,1,15141.25,0.75,1.482919177742921,1,True
PAY007275,CUST00825,2026-04-25,15192.01,netbanking,card_declined,84051.33,6,4,2,16100.945,0.6666666666666666,0.9435477234410775,1,True
PAY007624,CUST00825,2026-04-29,23845.3,card,network_error,84051.33,7,4,3,15971.097142857141,0.5714285714285714,1.4930282989772239,2,True
PAY008135,CUST00825,2026-05-05,8516.56,wallet,timeout,84051.33,9,5,4,16684.53,0.5555555555555556,0.5104465034376156,3,True
PAY008566,CUST00825,2026-05-11,23896.64,netbanking,timeout,84051.33,11,6,5,15695.412727272727,0.5454545454545454,1.5225238364376759,3,False
PAY001412,CUST00826,2026-03-10,2945.0,card,authentication_failed,290955.08,1,1,0,5684.81,1.0,0.5180472170573862,0,True
PAY004092,CUST00826,2026-03-29,5229.33,netbanking,network_error,290955.08,4,3,1,4221.1225,0.75,1.2388481973693015,1,True
PAY001804,CUST00827,2026-03-13,16671.37,card,network_error,382745.08,1,1,0,15542.03,1.0,1.0726636095799582,0,True
PAY006010,CUST00827,2026-04-13,16740.16,wallet,card_declined,382745.08,6,5,1,17877.843333333334,0.8333333333333334,0.936363502458257,0,True
PAY007532,CUST00827,2026-04-28,15539.02,upi,expired_card,382745.08,8,6,2,18212.14875,0.75,0.853222769773391,1,True
PAY008377,CUST00827,2026-05-08,23615.18,card,expired_card,382745.08,9,6,3,17915.134444444444,0.6666666666666666,1.3181692871595034,2,False
PAY008634,CUST00827,2026-05-12,22853.5,upi,authentication_failed,382745.08,10,6,4,18485.139000000003,0.6,1.2363174547943618,3,False
PAY001805,CUST00828,2026-03-13,11305.85,card,insufficient_funds,259788.8,2,2,0,7421.015,1.0,1.5234910588376387,0,True
PAY005290,CUST00828,2026-04-07,7428.74,netbanking,expired_card,259788.8,5,4,1,7905.736,0.8,0.9396645676000311,1,True
PAY005903,CUST00828,2026-04-12,9792.12,upi,authentication_failed,259788.8,6,4,2,7826.236666666667,0.6666666666666666,1.2511913985052843,2,False
PAY001052,CUST00829,2026-03-08,16323.5,netbanking,network_error,157727.54,0,0,0,16323.5,0.0,1.0,0,False
PAY003224,CUST00829,2026-03-23,15612.14,wallet,network_error,157727.54,2,1,1,12404.91,0.5,1.258545205084116,1,True
PAY003944,CUST00829,2026-03-28,18045.46,card,timeout,157727.54,3,1,2,13473.986666666666,0.3333333333333333,1.339281420297284,2,False
PAY003089,CUST00830,2026-03-22,967.01,netbanking,timeout,472890.24,4,4,0,1141.655,1.0,0.8470247141211662,0,True
PAY004865,CUST00830,2026-04-04,840.0,card,expired_card,472890.24,7,6,1,1062.9357142857143,0.8571428571428571,0.7902641605795271,1,True
PAY008297,CUST00830,2026-05-07,1136.83,upi,expired_card,472890.24,13,11,2,1027.3261538461538,0.8461538461538461,1.1065911207885444,0,True
PAY002192,CUST00831,2026-03-16,4747.86,wallet,insufficient_funds,483509.88,1,1,0,10020.22,1.0,0.4738279199458694,0,True
PAY003090,CUST00831,2026-03-22,6997.54,upi,card_declined,483509.88,2,1,1,7384.039999999999,0.5,0.9476573799708562,1,False
PAY004743,CUST00831,2026-04-03,7151.47,wallet,timeout,483509.88,3,1,2,7255.206666666666,0.3333333333333333,0.9857017626881294,2,False
PAY005433,CUST00831,2026-04-08,7270.72,wallet,insufficient_funds,483509.88,4,1,3,7229.2725,0.25,1.0057332878239131,3,True
PAY006011,CUST00831,2026-04-13,5747.13,card,card_declined,483509.88,5,1,4,7237.562,0.2,0.7940698815429837,4,False
PAY008442,CUST00831,2026-05-09,8100.7,netbanking,network_error,483509.88,9,4,5,7680.912222222221,0.4444444444444444,1.0546533752284344,1,False
PAY009014,CUST00831,2026-05-19,9971.45,netbanking,card_declined,483509.88,10,4,6,7722.8910000000005,0.4,1.2911550868709658,1,False
PAY002942,CUST00832,2026-03-21,4417.2,card,network_error,179683.07,3,3,0,3601.193333333333,1.0,1.2265934070002722,0,True
PAY003809,CUST00832,2026-03-27,4147.1,card,expired_card,179683.07,4,3,1,3805.1949999999997,0.75,1.089852162635555,1,True
PAY007177,CUST00832,2026-04-24,5067.64,card,expired_card,179683.07,8,6,2,3866.33625,0.75,1.31070855515994,1,False
PAY007626,CUST00832,2026-04-29,4084.57,upi,authentication_failed,179683.07,9,6,3,3999.8144444444447,0.6666666666666666,1.0211898718635004,1,False
PAY008215,CUST00832,2026-05-06,3526.56,netbanking,expired_card,179683.07,10,6,4,4008.29,0.6,0.8798165801376647,2,False
PAY004866,CUST00834,2026-04-04,8089.04,upi,expired_card,328858.72,4,4,0,11964.63,1.0,0.6760794107297927,0,True
PAY007277,CUST00834,2026-04-25,13750.6,netbanking,timeout,328858.72,8,7,1,11308.7025,0.875,1.215930828492482,1,True
PAY004093,CUST00835,2026-03-29,17391.4,netbanking,authentication_failed,270661.92,4,4,0,11817.775,1.0,1.4716306580553449,0,True
PAY000190,CUST00838,2026-03-01,15701.26,card,authentication_failed,186138.99,0,0,0,15701.26,0.0,1.0,0,True
PAY000501,CUST00838,2026-03-04,17995.52,netbanking,timeout,186138.99,1,0,1,15701.26,0.0,1.1461194834045165,1,False
PAY001942,CUST00838,2026-03-14,14020.41,upi,insufficient_funds,186138.99,2,0,2,16848.39,0.0,0.8321513212835173,2,True
PAY005292,CUST00838,2026-04-07,14581.83,upi,card_declined,186138.99,5,2,3,15514.545999999998,0.4,0.939881192785145,1,True
PAY006367,CUST00838,2026-04-16,16380.77,netbanking,timeout,186138.99,6,2,4,15359.093333333332,0.3333333333333333,1.0665193344746045,1,True
PAY000749,CUST00839,2026-03-06,15458.97,upi,card_declined,287289.41,0,0,0,15458.97,0.0,1.0,0,True
PAY002194,CUST00839,2026-03-16,12004.9,netbanking,expired_card,287289.41,1,0,1,15458.97,0.0,0.7765653209754596,1,True
PAY004471,CUST00839,2026-04-01,13915.05,wallet,expired_card,287289.41,3,1,2,15000.616666666667,0.3333333333333333,0.9276318640233678,2,False
PAY006238,CUST00839,2026-04-15,15806.92,upi,authentication_failed,287289.41,5,2,3,15141.653999999999,0.4,1.0439361512289214,2,False
PAY000750,CUST00840,2026-03-06,2730.42,upi,network_error,278845.35,0,0,0,2730.42,0.0,1.0,0,True
PAY002490,CUST00840,2026-03-18,2220.99,wallet,card_declined,278845.35,2,1,1,2473.7200000000003,0.5,0.8978340313374188,1,True
PAY006239,CUST00840,2026-04-15,2441.45,card,card_declined,278845.35,5,3,2,2635.81,0.6,0.9262617563481435,1,False
PAY004094,CUST00841,2026-03-29,13502.29,card,timeout,254606.49,4,4,0,12566.0025,1.0,1.0745095745444901,0,False
PAY002195,CUST00842,2026-03-16,5216.9,wallet,timeout,143461.74,2,2,0,3197.55,1.0,1.631530390455192,0,True
PAY002943,CUST00843,2026-03-21,15407.07,netbanking,network_error,341797.33,2,2,0,13411.75,1.0,1.1487740227785337,0,True
PAY003514,CUST00843,2026-03-25,13819.89,upi,card_declined,341797.33,3,2,1,14076.856666666667,0.6666666666666666,0.9817454512217098,1,False
PAY006893,CUST00843,2026-04-21,11961.96,card,insufficient_funds,341797.33,6,4,2,14337.823333333334,0.6666666666666666,0.8342940013907271,1,True
PAY008443,CUST00843,2026-05-09,24206.86,card,expired_card,341797.33,8,5,3,14940.7775,0.625,1.6201874366979898,1,False
PAY009675,CUST00843,2026-06-08,17286.0,netbanking,authentication_failed,341797.33,12,8,4,15810.001666666669,0.6666666666666666,1.0933585185158634,1,True
PAY003810,CUST00844,2026-03-27,1466.86,wallet,expired_card,487665.99,3,3,0,1618.6733333333332,1.0,0.9062112594264439,0,True
PAY000502,CUST00845,2026-03-04,19064.88,card,network_error,398474.13,0,0,0,19064.88,0.0,1.0,0,True
PAY008569,CUST00845,2026-05-11,16679.63,wallet,card_declined,398474.13,12,11,1,15507.731666666667,0.9166666666666666,1.0755686491437229,0,True
PAY002788,CUST00847,2026-03-20,10375.73,upi,expired_card,103533.65,2,2,0,17997.085,1.0,0.5765228091104754,0,False
PAY004607,CUST00847,2026-04-02,12724.31,netbanking,network_error,103533.65,4,3,1,14706.385,0.75,0.8652235066605423,1,True
PAY002342,CUST00848,2026-03-17,1453.63,card,network_error,252538.56,1,1,0,1287.47,1.0,1.1290593178870187,0,False
PAY004095,CUST00848,2026-03-29,1220.5,card,network_error,252538.56,2,1,1,1370.5500000000002,0.5,0.8905184050198824,1,True
PAY005547,CUST00848,2026-04-09,951.68,netbanking,card_declined,252538.56,3,1,2,1320.5333333333335,0.3333333333333333,0.7206785137318253,2,False
PAY006368,CUST00848,2026-04-16,984.35,upi,expired_card,252538.56,4,1,3,1228.32,0.25,0.801379119447701,3,False
PAY000191,CUST00849,2026-03-01,3019.7,card,insufficient_funds,72833.0,0,0,0,3019.7,0.0,1.0,0,False
PAY001544,CUST00849,2026-03-11,3767.07,upi,network_error,72833.0,1,0,1,3019.7,0.0,1.247498095837335,1,False
PAY002945,CUST00849,2026-03-21,3872.48,card,authentication_failed,72833.0,3,1,2,3034.14,0.3333333333333333,1.2763023459695335,2,False
PAY008218,CUST00849,2026-05-06,2539.62,wallet,timeout,72833.0,9,6,3,3611.3799999999997,0.6666666666666666,0.7032270212494947,0,True
PAY001419,CUST00850,2026-03-10,13339.03,netbanking,network_error,239503.35,1,1,0,12395.7,1.0,1.0761013899981444,0,True
PAY001056,CUST00851,2026-03-08,2975.63,upi,insufficient_funds,305098.96,0,0,0,2975.63,0.0,1.0,0,True
PAY004747,CUST00851,2026-04-03,3049.05,wallet,card_declined,305098.96,3,2,1,3259.0499999999997,0.6666666666666666,0.9355640447369633,1,True
PAY008300,CUST00852,2026-05-07,13360.99,netbanking,card_declined,167343.09,7,7,0,16680.74142857143,1.0,0.8009829813148935,0,True
PAY004097,CUST00854,2026-03-29,10470.66,netbanking,expired_card,370963.08,3,3,0,9257.94,1.0,1.130992423800543,0,False
PAY005672,CUST00854,2026-04-10,7100.48,card,expired_card,370963.08,6,5,1,9283.851666666667,0.8333333333333334,0.7648204920694732,1,False
PAY006135,CUST00854,2026-04-14,10651.62,card,authentication_failed,370963.08,7,5,2,8971.941428571428,0.7142857142857143,1.1872146162345178,2,True
PAY009340,CUST00854,2026-05-27,8519.23,netbanking,card_declined,370963.08,13,10,3,9859.134615384615,0.7692307692307693,0.8640951089871751,0,False
PAY000751,CUST00855,2026-03-06,10970.32,upi,expired_card,171504.86,0,0,0,10970.32,0.0,1.0,0,False
PAY005436,CUST00856,2026-04-08,8332.33,card,expired_card,268508.22,7,7,0,9548.66857142857,1.0,0.8726169452495098,0,True
PAY007535,CUST00856,2026-04-28,3905.75,upi,network_error,268508.22,11,10,1,9012.24181818182,0.9090909090909091,0.43338273415170836,1,True
PAY007973,CUST00856,2026-05-03,8452.23,wallet,authentication_failed,268508.22,12,10,2,8586.700833333334,0.8333333333333334,0.9843396391765132,2,True
PAY004353,CUST00857,2026-03-31,1690.56,card,network_error,153396.33,3,3,0,1731.0633333333335,1.0,0.9766020499923938,0,False
PAY001058,CUST00858,2026-03-08,5317.82,wallet,expired_card,187337.12,0,0,0,5317.82,0.0,1.0,0,False
PAY002078,CUST00858,2026-03-15,4469.71,netbanking,expired_card,187337.12,1,0,1,5317.82,0.0,0.8405154743861207,1,True
PAY002494,CUST00858,2026-03-18,4459.59,wallet,authentication_failed,187337.12,2,0,2,4893.764999999999,0.0,0.9112799654253935,2,False
PAY002344,CUST00859,2026-03-17,7945.88,card,authentication_failed,490049.53,2,2,0,9213.119999999999,1.0,0.8624526761835297,0,True
PAY003380,CUST00859,2026-03-24,8427.04,netbanking,network_error,490049.53,3,2,1,8790.706666666667,0.6666666666666666,0.958630553781797,1,True
PAY004609,CUST00859,2026-04-02,5962.49,upi,insufficient_funds,490049.53,4,2,2,8699.79,0.5,0.6853602213386759,2,False
PAY008570,CUST00859,2026-05-11,6695.33,netbanking,network_error,490049.53,10,7,3,7997.977000000001,0.7,0.8371279387275057,0,True
PAY009102,CUST00859,2026-05-21,9165.54,card,insufficient_funds,490049.53,11,7,4,7879.554545454546,0.6363636363636364,1.1632053496332857,1,False
PAY000192,CUST00860,2026-03-01,2259.93,netbanking,authentication_failed,399393.63,0,0,0,2259.93,0.0,1.0,0,True
PAY002793,CUST00860,2026-03-20,2271.71,card,card_declined,399393.63,3,2,1,2289.4566666666665,0.6666666666666666,0.9922485247591496,1,False
PAY000293,CUST00861,2026-03-02,9528.6,card,card_declined,345581.61,0,0,0,9528.6,0.0,1.0,0,False
PAY001550,CUST00861,2026-03-11,8365.09,wallet,authentication_failed,345581.61,3,2,1,8018.803333333333,0.6666666666666666,1.0431843321592873,1,True
PAY003381,CUST00861,2026-03-24,6170.21,card,card_declined,345581.61,5,3,2,7952.18,0.6,0.7759142775943201,2,False
PAY005907,CUST00861,2026-04-12,7920.48,netbanking,expired_card,345581.61,8,5,3,7602.42375,0.625,1.0418361644205902,1,False
PAY007181,CUST00861,2026-04-24,7209.52,wallet,authentication_failed,345581.61,9,5,4,7637.763333333332,0.5555555555555556,0.9439307930026637,1,False
PAY007707,CUST00861,2026-04-30,7775.18,wallet,expired_card,345581.61,10,5,5,7594.939,0.5,1.0237317245075965,2,True
PAY005551,CUST00865,2026-04-09,12847.95,wallet,expired_card,293844.02,4,4,0,14315.842499999999,1.0,0.8974637713428324,0,True
PAY007974,CUST00865,2026-05-03,11970.44,wallet,expired_card,293844.02,7,6,1,13687.651428571427,0.8571428571428571,0.8745430187543393,1,False
PAY009700,CUST00865,2026-06-09,19264.24,wallet,network_error,293844.02,12,10,2,12207.920833333332,0.8333333333333334,1.5780115437347546,0,False
PAY003517,CUST00866,2026-03-25,3298.01,upi,expired_card,316367.49,3,3,0,4169.366666666667,1.0,0.7910098256329898,0,False
PAY003095,CUST00867,2026-03-22,3743.79,netbanking,insufficient_funds,421377.73,3,3,0,3884.92,1.0,0.9636723536134592,0,False
PAY001807,CUST00868,2026-03-13,6909.43,card,expired_card,341959.81,1,1,0,6085.56,1.0,1.135381131728222,0,True
PAY002794,CUST00868,2026-03-20,6276.02,wallet,timeout,341959.81,2,1,1,6497.495000000001,0.5,0.9659137867747493,1,True
PAY005155,CUST00868,2026-04-06,9162.13,upi,network_error,341959.81,4,2,2,7254.717500000001,0.5,1.2629202997911357,2,False
PAY006243,CUST00868,2026-04-15,6697.29,card,network_error,341959.81,5,2,3,7636.2,0.4,0.8770448652471124,2,False
PAY002346,CUST00869,2026-03-17,10863.53,card,authentication_failed,474361.56,1,1,0,8401.08,1.0,1.2931111238078914,0,True
PAY002946,CUST00869,2026-03-21,13536.02,upi,insufficient_funds,474361.56,2,1,1,9632.305,0.5,1.405273192657417,1,True
PAY007083,CUST00869,2026-04-23,16655.35,netbanking,network_error,474361.56,6,4,2,13246.175000000001,0.6666666666666666,1.2573705239437043,0,False
PAY007975,CUST00869,2026-05-03,6932.83,upi,network_error,474361.56,7,4,3,13733.199999999999,0.5714285714285714,0.5048226196370839,1,False
PAY009149,CUST00869,2026-05-22,20489.84,upi,authentication_failed,474361.56,9,5,4,12824.437777777777,0.5555555555555556,1.5977183838425146,2,False
PAY000754,CUST00870,2026-03-06,2828.31,upi,authentication_failed,14374.0,0,0,0,2828.31,0.0,1.0,0,False
PAY001225,CUST00870,2026-03-09,2824.22,netbanking,authentication_failed,14374.0,1,0,1,2828.31,0.0,0.9985539067499672,1,True
PAY002795,CUST00870,2026-03-20,4345.03,card,card_declined,14374.0,2,0,2,2826.265,0.0,1.537375299202304,2,True
PAY003946,CUST00870,2026-03-28,5131.26,netbanking,authentication_failed,14374.0,3,0,3,3332.52,0.0,1.5397536999027763,3,False
PAY005294,CUST00870,2026-04-07,2922.63,wallet,authentication_failed,14374.0,4,0,4,3782.205,0.0,0.7727317794778443,3,True
PAY007365,CUST00870,2026-04-26,3695.56,wallet,network_error,14374.0,7,2,5,3659.4171428571426,0.2857142857142857,1.0098766704455666,2,False
PAY000623,CUST00871,2026-03-05,19590.36,netbanking,insufficient_funds,79958.47,0,0,0,19590.36,0.0,1.0,0,True
PAY005156,CUST00873,2026-04-06,16412.63,netbanking,timeout,460657.87,6,6,0,18168.59,1.0,0.903351883662959,0,True
PAY000295,CUST00874,2026-03-02,15880.37,upi,network_error,369239.45,0,0,0,15880.37,0.0,1.0,0,True
PAY001423,CUST00874,2026-03-10,17740.95,upi,expired_card,369239.45,1,0,1,15880.37,0.0,1.1171622575544524,1,False
PAY001652,CUST00874,2026-03-12,15029.89,wallet,insufficient_funds,369239.45,2,0,2,16810.66,0.0,0.8940690014550291,2,False
PAY003813,CUST00874,2026-03-27,17076.45,card,card_declined,369239.45,4,1,3,16416.73,0.25,1.0401858348160689,3,False
PAY004100,CUST00874,2026-03-29,24017.83,netbanking,insufficient_funds,369239.45,5,1,4,16548.674,0.2,1.4513446817551667,4,False
PAY001424,CUST00875,2026-03-10,7641.11,upi,network_error,73350.83,0,0,0,7641.11,0.0,1.0,0,False
PAY004615,CUST00875,2026-04-02,6881.81,netbanking,timeout,73350.83,3,2,1,7058.016666666666,0.6666666666666666,0.975034535197565,1,True
PAY006017,CUST00875,2026-04-13,5595.51,wallet,network_error,73350.83,4,2,2,7013.965,0.5,0.7977670262112799,1,True
PAY006468,CUST00875,2026-04-17,7567.4,card,insufficient_funds,73350.83,5,2,3,6730.274,0.4,1.1243821573980493,2,False
PAY001226,CUST00876,2026-03-09,10893.68,netbanking,card_declined,165899.52,1,1,0,14623.4,1.0,0.7449485071871111,0,False
PAY001552,CUST00877,2026-03-11,17957.78,wallet,insufficient_funds,265111.19,1,1,0,17028.06,1.0,1.0545992908176267,0,False
PAY002649,CUST00877,2026-03-19,19783.58,wallet,network_error,265111.19,2,1,1,17492.92,0.5,1.1309478348954893,1,True
PAY003228,CUST00877,2026-03-23,23844.11,card,network_error,265111.19,3,1,2,18256.47333333333,0.3333333333333333,1.306063310511596,2,False
PAY003229,CUST00878,2026-03-23,7997.88,card,network_error,90725.3,2,2,0,7716.61,1.0,1.0364499436928911,0,True
PAY000508,CUST00879,2026-03-04,15617.24,wallet,card_declined,174451.87,0,0,0,15617.24,0.0,1.0,0,True
PAY001553,CUST00879,2026-03-11,5198.17,card,expired_card,174451.87,2,1,1,11109.615,0.5,0.4678983025064325,1,True
PAY005908,CUST00881,2026-04-12,3559.24,card,authentication_failed,323438.0,4,4,0,4297.235,1.0,0.8282628248164227,0,True
PAY007085,CUST00881,2026-04-23,3744.09,netbanking,network_error,323438.0,5,4,1,4149.636,0.8,0.9022695002646015,1,True
PAY007976,CUST00881,2026-05-03,4028.09,wallet,network_error,323438.0,6,4,2,4082.045,0.6666666666666666,0.9867823603120495,2,True
PAY000194,CUST00882,2026-03-01,4369.58,upi,network_error,306987.91,0,0,0,4369.58,0.0,1.0,0,False
PAY002650,CUST00882,2026-03-19,5084.72,netbanking,authentication_failed,306987.91,2,1,1,3862.85,0.5,1.3163130848984559,1,True
PAY003947,CUST00882,2026-03-28,5324.2,wallet,network_error,306987.91,4,2,2,4540.3575,0.5,1.1726389386738818,2,True
PAY005020,CUST00882,2026-04-05,4742.99,upi,insufficient_funds,306987.91,5,2,3,4697.126,0.4,1.0097642686187256,2,False
PAY006579,CUST00882,2026-04-18,5905.68,wallet,insufficient_funds,306987.91,7,3,4,4550.414285714286,0.42857142857142855,1.2978334782704244,3,False
PAY007086,CUST00882,2026-04-23,3901.68,wallet,timeout,306987.91,8,3,5,4719.8225,0.375,0.8266582058965141,3,False
PAY003232,CUST00883,2026-03-23,9426.77,wallet,card_declined,127026.97,2,2,0,11590.57,1.0,0.8133137541984562,0,True
PAY007901,CUST00883,2026-05-02,10409.37,netbanking,insufficient_funds,127026.97,7,6,1,11013.08,0.8571428571428571,0.9451824557707744,0,True
PAY000195,CUST00885,2026-03-01,4972.02,upi,expired_card,152319.21,0,0,0,4972.02,0.0,1.0,0,True
PAY003948,CUST00885,2026-03-28,6174.33,upi,timeout,152319.21,4,3,1,6222.615,0.75,0.9922404005390018,1,True
PAY005021,CUST00886,2026-04-05,8355.73,card,card_declined,107602.51,6,6,0,13003.284999999998,1.0,0.6425860849777576,0,True
PAY002080,CUST00887,2026-03-15,13085.63,card,insufficient_funds,161935.17,1,1,0,12878.07,1.0,1.0161173219278976,0,False
PAY003949,CUST00887,2026-03-28,10458.19,card,network_error,161935.17,4,3,1,15664.09,0.75,0.6676538503034648,1,True
PAY008771,CUST00887,2026-05-14,17437.02,wallet,expired_card,161935.17,10,8,2,13305.206,0.8,1.310541152087386,0,True
PAY000196,CUST00888,2026-03-01,11282.55,upi,insufficient_funds,467181.69,0,0,0,11282.55,0.0,1.0,0,False
PAY002202,CUST00888,2026-03-16,12744.51,netbanking,authentication_failed,467181.69,3,2,1,13242.35,0.6666666666666666,0.962405464286928,1,False
PAY004217,CUST00888,2026-03-30,9150.64,card,timeout,467181.69,5,3,2,13414.086,0.6,0.6821664927450144,2,False
PAY005553,CUST00888,2026-04-09,8589.12,netbanking,insufficient_funds,467181.69,6,3,3,12703.511666666667,0.5,0.6761217075540924,2,False
PAY001951,CUST00889,2026-03-14,18713.8,card,network_error,140361.48,1,1,0,14265.32,1.0,1.3118387810438181,0,False
PAY006137,CUST00889,2026-04-14,16460.69,netbanking,insufficient_funds,140361.48,6,5,1,16585.703333333335,0.8333333333333334,0.99246258474417,0,False
PAY007183,CUST00889,2026-04-24,14709.13,wallet,authentication_failed,140361.48,7,5,2,16567.844285714287,0.7142857142857143,0.8878119413931856,1,False
PAY005793,CUST00890,2026-04-11,1397.06,wallet,timeout,339928.01,6,6,0,2964.7166666666667,1.0,0.4712288414294789,0,True
PAY007087,CUST00890,2026-04-23,3623.99,netbanking,network_error,339928.01,7,6,1,2740.7657142857142,0.8571428571428571,1.3222545732787916,1,False
PAY008139,CUST00890,2026-05-05,3271.68,upi,network_error,339928.01,9,7,2,2828.4444444444443,0.7777777777777778,1.1567064739157762,2,False
PAY009433,CUST00890,2026-05-30,2676.11,upi,timeout,339928.01,13,10,3,2831.089230769231,0.7692307692307693,0.9452580903897819,1,True
PAY006580,CUST00891,2026-04-18,14270.63,upi,expired_card,490179.47,5,5,0,12660.488000000001,1.0,1.1271785100226783,0,True
PAY003519,CUST00892,2026-03-25,4477.12,wallet,card_declined,477531.39,3,3,0,8188.240000000001,1.0,0.5467743984055181,0,True
PAY000387,CUST00893,2026-03-03,11267.86,wallet,insufficient_funds,148774.06,1,1,0,15224.88,1.0,0.740095160027534,0,True
PAY003234,CUST00893,2026-03-23,16494.95,upi,card_declined,148774.06,4,3,1,11873.779999999999,0.75,1.3891911421636582,1,True
PAY005299,CUST00893,2026-04-07,16319.13,upi,network_error,148774.06,7,5,2,13974.75,0.7142857142857143,1.1677582783234046,1,True
PAY006375,CUST00893,2026-04-16,14892.69,wallet,insufficient_funds,148774.06,8,5,3,14267.7975,0.625,1.0437974046099265,2,True
PAY001812,CUST00895,2026-03-13,16415.43,card,expired_card,223976.18,1,1,0,16439.39,1.0,0.9985425249963655,0,True
PAY003098,CUST00895,2026-03-22,20721.44,card,authentication_failed,223976.18,2,1,1,16427.41,0.5,1.2613942185651907,1,True
PAY005158,CUST00895,2026-04-06,18717.38,upi,insufficient_funds,223976.18,4,2,2,20350.69,0.5,0.9197417876248914,2,False
PAY006581,CUST00895,2026-04-18,17820.69,upi,expired_card,223976.18,5,2,3,20024.028,0.4,0.8899652956937535,2,True
PAY003818,CUST00896,2026-03-27,2042.14,netbanking,network_error,242144.24,3,3,0,1718.6266666666668,1.0,1.1882394470003181,0,True
PAY003521,CUST00897,2026-03-25,13563.25,card,card_declined,271596.07,2,2,0,18574.36,1.0,0.7302135847480075,0,True
PAY001062,CUST00898,2026-03-08,12325.51,upi,card_declined,349604.79,0,0,0,12325.51,0.0,1.0,0,True
PAY002349,CUST00898,2026-03-17,10839.66,upi,expired_card,349604.79,1,0,1,12325.51,0.0,0.8794492073755974,1,False
PAY005159,CUST00898,2026-04-06,9905.68,wallet,insufficient_funds,349604.79,4,2,2,9893.2775,0.5,1.0012536290425493,2,False
PAY008879,CUST00898,2026-05-16,10345.28,wallet,timeout,349604.79,9,6,3,9443.140000000001,0.6666666666666666,1.0955339007999456,0,True
PAY008962,CUST00898,2026-05-18,7367.75,card,authentication_failed,349604.79,10,6,4,9533.354000000001,0.6,0.7728392337051576,1,False
PAY002653,CUST00899,2026-03-19,6958.94,wallet,insufficient_funds,309760.13,3,3,0,6891.576666666667,1.0,1.0097747346640076,0,True
PAY005301,CUST00899,2026-04-07,1273.45,upi,timeout,309760.13,5,4,1,7053.339999999999,0.8,0.18054567056174808,1,True
PAY005679,CUST00899,2026-04-10,7034.6,wallet,insufficient_funds,309760.13,6,4,2,6090.025000000001,0.6666666666666666,1.1551019905501207,2,True
PAY008140,CUST00901,2026-05-05,822.12,card,card_declined,267865.54,11,11,0,3626.7045454545455,1.0,0.22668513238289206,0,True
PAY001656,CUST00902,2026-03-12,13779.85,upi,authentication_failed,30983.1,1,1,0,10197.79,1.0,1.3512584589406136,0,False
PAY002952,CUST00902,2026-03-21,13311.58,netbanking,network_error,30983.1,2,1,1,11988.82,0.5,1.1103327933858378,1,True
PAY003385,CUST00902,2026-03-24,13340.52,wallet,timeout,30983.1,3,1,2,12429.74,0.3333333333333333,1.0732742599603853,2,True
PAY005681,CUST00902,2026-04-10,8102.17,netbanking,insufficient_funds,30983.1,6,3,3,11983.786666666667,0.5,0.6760943118702603,3,True
PAY007978,CUST00902,2026-05-03,9460.19,upi,network_error,30983.1,9,5,4,11099.346666666666,0.5555555555555556,0.852319535924637,1,True
PAY008301,CUST00902,2026-05-07,12334.95,card,authentication_failed,30983.1,10,5,5,10935.431,0.5,1.1279802323292059,2,True
PAY009015,CUST00902,2026-05-19,13036.77,upi,network_error,30983.1,11,5,6,11062.660000000002,0.45454545454545453,1.1784480405255153,2,False
PAY002654,CUST00903,2026-03-19,10349.38,upi,card_declined,360092.24,2,2,0,12136.36,1.0,0.8527581581297851,0,True
PAY006138,CUST00903,2026-04-14,14035.0,upi,card_declined,360092.24,6,5,1,10493.238333333333,0.8333333333333334,1.3375279922324583,1,True
PAY006692,CUST00903,2026-04-19,11825.91,upi,expired_card,360092.24,7,5,2,10999.204285714284,0.7142857142857143,1.0751605018700705,1,False
PAY006896,CUST00903,2026-04-21,9824.65,netbanking,insufficient_funds,360092.24,8,5,3,11102.5425,0.625,0.884900913461939,2,True
PAY007540,CUST00903,2026-04-28,11500.91,card,card_declined,360092.24,10,6,4,11401.269,0.6,1.008739465755961,3,False
PAY009244,CUST00903,2026-05-24,11017.37,netbanking,network_error,360092.24,13,8,5,11385.542307692307,0.6153846153846154,0.9676631733700062,1,True
PAY001427,CUST00904,2026-03-10,5187.6,wallet,insufficient_funds,386529.2,0,0,0,5187.6,0.0,1.0,0,False
PAY001953,CUST00904,2026-03-14,5000.34,wallet,card_declined,386529.2,1,0,1,5187.6,0.0,0.9639023826046726,1,False
PAY005682,CUST00904,2026-04-10,4864.2,upi,expired_card,386529.2,7,5,2,4738.6900000000005,0.7142857142857143,1.0264862229856773,1,True
PAY004618,CUST00905,2026-04-02,18489.19,card,timeout,277424.52,3,3,0,17738.923333333336,1.0,1.0422949382309372,0,True
PAY004358,CUST00906,2026-03-31,17046.69,netbanking,timeout,206419.19,3,3,0,16319.273333333333,1.0,1.0445740843852933,0,True
PAY004754,CUST00907,2026-04-03,8336.36,card,timeout,439807.81,4,4,0,7893.61,1.0,1.056089672532593,0,True
PAY008772,CUST00907,2026-05-14,11816.98,netbanking,network_error,439807.81,9,8,1,7292.385555555556,0.8888888888888888,1.6204546386055347,0,True
PAY009105,CUST00907,2026-05-21,9546.98,netbanking,expired_card,439807.81,10,8,2,7744.844999999999,0.8,1.2326883236527006,1,True
PAY009739,CUST00907,2026-06-11,6283.88,upi,expired_card,439807.81,13,10,3,7808.864615384615,0.7692307692307693,0.8047110955951048,2,True
PAY002204,CUST00910,2026-03-16,6574.65,wallet,authentication_failed,454428.79,2,2,0,5754.975,1.0,1.142428941915473,0,False
PAY003237,CUST00911,2026-03-23,10882.61,wallet,timeout,289196.01,3,3,0,15156.266666666668,1.0,0.7180270867056091,0,False
PAY005554,CUST00911,2026-04-09,14452.9,netbanking,card_declined,289196.01,5,4,1,14296.818,0.8,1.0109172544548024,1,False
PAY008223,CUST00911,2026-05-06,16095.02,card,network_error,289196.01,9,7,2,14274.622222222222,0.7777777777777778,1.1275268619679368,1,False
PAY009068,CUST00911,2026-05-20,6761.46,card,expired_card,289196.01,12,9,3,14412.0725,0.75,0.4691525108550488,1,True
PAY009436,CUST00911,2026-05-30,10584.04,wallet,authentication_failed,289196.01,13,9,4,13823.563846153847,0.6923076923076923,0.7656520502088046,2,True
PAY005024,CUST00912,2026-04-05,15614.15,card,expired_card,362943.25,3,3,0,11771.303333333335,1.0,1.3264588939599153,0,True
PAY005025,CUST00913,2026-04-05,1771.05,card,authentication_failed,457048.71,4,4,0,995.8725,1.0,1.7783903059879653,0,False
PAY007367,CUST00913,2026-04-26,1308.93,upi,network_error,457048.71,7,6,1,1165.2514285714285,0.8571428571428571,1.1233026348697277,1,True
PAY001815,CUST00914,2026-03-13,7430.4,wallet,network_error,441711.26,1,1,0,8251.05,1.0,0.9005399312814732,0,True
PAY003238,CUST00914,2026-03-23,6598.44,upi,expired_card,441711.26,2,1,1,7840.724999999999,0.5,0.8415599322766708,1,True
PAY006141,CUST00914,2026-04-14,8596.69,wallet,expired_card,441711.26,5,3,2,8039.503999999999,0.6,1.0693060168886042,1,True
PAY007368,CUST00914,2026-04-26,7425.04,netbanking,timeout,441711.26,6,3,3,8132.368333333333,0.5,0.9130230820419063,1,False
PAY008880,CUST00914,2026-05-16,8152.02,wallet,insufficient_funds,441711.26,8,4,4,8405.9125,0.5,0.9697959620683656,1,False
PAY009376,CUST00914,2026-05-28,7730.86,card,network_error,441711.26,9,4,5,8377.702222222222,0.4444444444444444,0.922790019856943,1,True
PAY009573,CUST00914,2026-06-03,10493.58,upi,card_declined,441711.26,10,4,6,8313.018,0.4,1.2623069022586022,2,False
PAY004103,CUST00915,2026-03-29,18528.35,wallet,timeout,460219.23,4,4,0,15732.2975,1.0,1.1777269022531514,0,True
PAY002507,CUST00916,2026-03-18,26648.52,card,authentication_failed,201512.31,1,1,0,18972.95,1.0,1.4045533246016038,0,True
PAY005910,CUST00916,2026-04-12,19439.77,card,expired_card,201512.31,4,3,1,25629.985,0.75,0.758477619085614,1,True
PAY006377,CUST00917,2026-04-16,24503.48,card,card_declined,468621.33,6,6,0,19272.951666666664,1.0,1.2713921782089945,0,True
PAY008881,CUST00917,2026-05-16,25431.27,netbanking,insufficient_funds,468621.33,10,9,1,21426.364999999998,0.9,1.1869148126618771,1,True
PAY005911,CUST00919,2026-04-12,20556.94,card,network_error,9587.25,5,5,0,19623.874,1.0,1.0475474924064432,0,True
PAY002956,CUST00922,2026-03-21,18395.87,netbanking,expired_card,273933.74,1,1,0,19182.27,1.0,0.9590038092467679,0,True
PAY005797,CUST00922,2026-04-11,20931.02,netbanking,insufficient_funds,273933.74,4,3,1,18729.927499999998,0.75,1.1175174063006919,1,False
PAY007980,CUST00923,2026-05-03,11470.5,netbanking,insufficient_funds,469587.45,10,10,0,13561.144,1.0,0.8458357200542963,0,False
PAY002353,CUST00924,2026-03-17,22413.82,netbanking,expired_card,236670.28,1,1,0,15772.53,1.0,1.4210668802024786,0,False
PAY006142,CUST00924,2026-04-14,19618.9,card,expired_card,236670.28,4,3,1,19036.725,0.75,1.030581678308638,1,True
PAY007285,CUST00924,2026-04-25,29140.79,upi,timeout,236670.28,6,4,2,19203.093333333334,0.6666666666666666,1.5175049922512485,1,True
PAY008965,CUST00924,2026-05-18,18953.03,upi,network_error,236670.28,12,9,3,20903.004166666666,0.75,0.9067132096841741,1,True
PAY000091,CUST00925,2026-02-28,12401.41,netbanking,network_error,60760.15,0,0,0,12401.41,0.0,1.0,0,True
PAY006143,CUST00925,2026-04-14,16278.28,upi,timeout,60760.15,6,5,1,12832.386666666667,0.8333333333333334,1.2685309773500175,0,True
PAY000887,CUST00926,2026-03-07,13482.89,netbanking,insufficient_funds,232162.66,0,0,0,13482.89,0.0,1.0,0,False
PAY002659,CUST00926,2026-03-19,14031.74,upi,network_error,232162.66,1,0,1,13482.89,0.0,1.0407071480965877,1,False
PAY006379,CUST00926,2026-04-16,14822.69,card,insufficient_funds,232162.66,5,3,2,12521.554,0.6,1.183773994825243,1,False
PAY007541,CUST00926,2026-04-28,11518.45,card,timeout,232162.66,6,3,3,12905.076666666666,0.5,0.8925518458756413,1,False
PAY002354,CUST00928,2026-03-17,1545.66,card,expired_card,396429.99,2,2,0,2678.205,1.0,0.5771253507479823,0,True
PAY000202,CUST00929,2026-03-01,3058.27,netbanking,insufficient_funds,379854.96,0,0,0,3058.27,0.0,1.0,0,True
PAY000511,CUST00929,2026-03-04,3105.97,netbanking,card_declined,379854.96,1,0,1,3058.27,0.0,1.0155970532359797,1,False
PAY001955,CUST00929,2026-03-14,3090.63,upi,insufficient_funds,379854.96,3,1,2,2627.91,0.3333333333333333,1.1760790894665343,2,True
PAY003389,CUST00929,2026-03-24,2947.6,upi,authentication_failed,379854.96,5,2,3,2923.47,0.4,1.0082538900689935,3,False
PAY005441,CUST00929,2026-04-08,2282.63,upi,timeout,379854.96,8,4,4,2913.97,0.5,0.7833402540177148,2,False
PAY006787,CUST00929,2026-04-20,2682.3,upi,expired_card,379854.96,10,5,5,2787.058,0.5,0.9624126946766088,2,False
PAY007542,CUST00929,2026-04-28,3076.49,card,network_error,379854.96,11,5,6,2777.5345454545454,0.45454545454545453,1.1076333884072467,2,False
PAY008503,CUST00929,2026-05-10,2360.93,netbanking,timeout,379854.96,13,6,7,2805.2130769230766,0.46153846153846156,0.841622342139374,2,False
PAY003666,CUST00931,2026-03-26,11689.62,card,insufficient_funds,414359.96,2,2,0,9326.615,1.0,1.2533614821668957,0,False
PAY000512,CUST00932,2026-03-04,12446.62,card,timeout,47935.2,1,1,0,15436.55,1.0,0.8063084044038339,0,True
PAY005442,CUST00932,2026-04-08,9005.17,card,insufficient_funds,47935.2,4,3,1,13584.057499999999,0.75,0.6629219583324055,0,False
PAY004107,CUST00933,2026-03-29,17006.26,wallet,insufficient_funds,96466.69,2,2,0,12523.465,1.0,1.3579516531566942,0,True
PAY005684,CUST00933,2026-04-10,12626.27,card,timeout,96466.69,4,3,1,15055.289999999999,0.75,0.838660032453709,1,True
PAY007188,CUST00933,2026-04-24,11196.19,netbanking,card_declined,96466.69,6,4,2,16158.206666666665,0.6666666666666666,0.6929104343675103,2,False
PAY007982,CUST00933,2026-05-03,9585.34,netbanking,network_error,96466.69,8,5,3,15471.61375,0.625,0.6195436465055237,2,False
PAY008386,CUST00933,2026-05-08,13938.12,card,expired_card,96466.69,9,5,4,14817.583333333334,0.5555555555555556,0.9406473165327229,3,False
PAY001432,CUST00934,2026-03-10,10528.45,netbanking,timeout,165182.83,1,1,0,10151.11,1.0,1.0371722895328688,0,True
PAY001658,CUST00934,2026-03-12,7794.95,wallet,network_error,165182.83,2,1,1,10339.78,0.5,0.7538796763567502,1,True
PAY007286,CUST00934,2026-04-25,9052.79,netbanking,network_error,165182.83,9,7,2,10741.716666666667,0.7777777777777778,0.8427693897468282,0,True
PAY007456,CUST00934,2026-04-27,8048.83,card,expired_card,165182.83,10,7,3,10572.824,0.7,0.7612753224682449,1,True
PAY008058,CUST00934,2026-05-04,11618.94,wallet,authentication_failed,165182.83,11,7,4,10343.37,0.6363636363636364,1.1233224761368876,2,False
PAY008387,CUST00934,2026-05-08,8444.51,card,insufficient_funds,165182.83,12,7,5,10449.667500000001,0.5833333333333334,0.8081127940195225,3,True
PAY001070,CUST00935,2026-03-08,4588.95,netbanking,network_error,134088.71,1,1,0,4170.78,1.0,1.100261821529786,0,True
PAY008774,CUST00936,2026-05-14,6891.71,netbanking,expired_card,378109.54,8,8,0,8457.62125,1.0,0.8148520483818071,0,True
PAY004480,CUST00937,2026-04-01,12863.0,netbanking,authentication_failed,154463.19,4,4,0,12561.895,1.0,1.0239697115761595,0,True
PAY002209,CUST00938,2026-03-16,7143.49,netbanking,card_declined,10660.69,2,2,0,6069.415,1.0,1.1769651605632503,0,False
PAY008059,CUST00938,2026-05-04,6521.94,wallet,authentication_failed,10660.69,8,7,1,5488.98125,0.875,1.1881876987646842,0,True
PAY006024,CUST00939,2026-04-13,12789.35,upi,authentication_failed,347920.45,5,5,0,14060.830000000002,1.0,0.9095729057246265,0,True
PAY007458,CUST00939,2026-04-27,15573.71,netbanking,expired_card,347920.45,7,6,1,13844.228571428572,0.8571428571428571,1.1249243624986585,1,False
PAY008448,CUST00939,2026-05-09,17233.05,netbanking,authentication_failed,347920.45,8,6,2,14060.41375,0.75,1.2256431643058867,2,True
PAY009107,CUST00939,2026-05-21,12021.09,netbanking,timeout,347920.45,10,7,3,14965.149,0.7,0.8032723229150609,2,False
PAY009341,CUST00939,2026-05-27,12983.56,wallet,authentication_failed,347920.45,12,8,4,15277.753333333334,0.6666666666666666,0.8498343779168228,3,False
PAY001237,CUST00940,2026-03-09,12276.48,netbanking,timeout,63521.3,0,0,0,12276.48,0.0,1.0,0,True
PAY002355,CUST00940,2026-03-17,6699.32,upi,card_declined,63521.3,1,0,1,12276.48,0.0,0.5457036544677302,1,False
PAY003241,CUST00940,2026-03-23,8689.12,wallet,authentication_failed,63521.3,2,0,2,9487.9,0.0,0.9158106641090232,2,False
PAY004756,CUST00940,2026-04-03,9256.02,card,authentication_failed,63521.3,3,0,3,9221.64,0.0,1.0037281871771182,3,False
PAY006247,CUST00940,2026-04-15,8767.66,upi,network_error,63521.3,4,0,4,9230.235,0.0,0.9498848079165915,3,False
PAY008640,CUST00940,2026-05-12,8993.49,netbanking,insufficient_funds,63521.3,8,3,5,8716.955,0.375,1.0317238072239676,1,True
PAY004626,CUST00942,2026-04-02,2039.83,upi,insufficient_funds,448083.59,4,4,0,1350.52,1.0,1.5104034001717856,0,False
PAY000890,CUST00943,2026-03-07,3247.02,netbanking,expired_card,158934.08,1,1,0,3364.58,1.0,0.9650595319475239,0,True
PAY002960,CUST00943,2026-03-21,3991.46,wallet,network_error,158934.08,4,3,1,2907.4224999999997,0.75,1.3728517269161948,1,True
PAY007905,CUST00944,2026-05-02,2184.01,card,network_error,458484.54,8,8,0,2506.79375,1.0,0.8712364150421232,0,True
PAY009070,CUST00944,2026-05-20,1775.99,card,card_declined,458484.54,11,10,1,2588.0327272727272,0.9090909090909091,0.6862316620978518,1,False
PAY004481,CUST00945,2026-04-01,13148.34,netbanking,timeout,309239.6,3,3,0,19992.173333333336,1.0,0.6576743699034221,0,True
PAY006025,CUST00945,2026-04-13,20932.87,netbanking,card_declined,309239.6,4,3,1,18281.215,0.75,1.1450480725706689,1,True
PAY008143,CUST00945,2026-05-05,24661.01,wallet,insufficient_funds,309239.6,7,5,2,18652.00857142857,0.7142857142857143,1.322163771561638,1,True
PAY008506,CUST00945,2026-05-10,17209.02,upi,timeout,309239.6,8,5,3,19403.13375,0.625,0.886919619363032,2,True
PAY009316,CUST00945,2026-05-26,19698.05,upi,authentication_failed,309239.6,11,7,4,19181.160909090908,0.6363636363636364,1.0269477480199913,2,True
PAY009595,CUST00945,2026-06-04,21922.56,upi,expired_card,309239.6,12,7,5,19224.235,0.5833333333333334,1.1403605917218553,3,False
PAY009639,CUST00945,2026-06-06,26067.47,card,timeout,309239.6,13,7,6,19431.798461538463,0.5384615384615384,1.341485197656593,3,False
PAY000513,CUST00946,2026-03-04,9675.96,wallet,card_declined,71116.55,1,1,0,11969.82,1.0,0.8083630330280656,0,True
PAY002357,CUST00946,2026-03-17,10538.82,netbanking,expired_card,71116.55,3,2,1,12707.730000000001,0.6666666666666666,0.8293235691976457,1,True
PAY007092,CUST00946,2026-04-23,10396.14,netbanking,network_error,71116.55,7,5,2,11048.295714285714,0.7142857142857143,0.9409722792409999,0,False
PAY005557,CUST00947,2026-04-09,24976.83,netbanking,authentication_failed,375128.74,5,5,0,17290.98,1.0,1.44450054305771,0,True
PAY001072,CUST00948,2026-03-08,2274.26,wallet,authentication_failed,210843.58,0,0,0,2274.26,0.0,1.0,0,True
PAY005914,CUST00948,2026-04-12,2489.5,wallet,authentication_failed,210843.58,6,5,1,2232.008333333333,0.8333333333333334,1.1153632192233454,0,True
PAY006249,CUST00948,2026-04-15,2187.86,netbanking,expired_card,210843.58,7,5,2,2268.792857142857,0.7142857142857143,0.9643277891641561,1,True
PAY008641,CUST00948,2026-05-12,2666.48,card,authentication_failed,210843.58,11,8,3,2308.7063636363637,0.7272727272727273,1.1549671461034652,2,True
PAY009016,CUST00948,2026-05-19,2937.8,netbanking,card_declined,210843.58,12,8,4,2338.5208333333335,0.6666666666666666,1.2562641983447513,1,False
PAY000206,CUST00949,2026-03-01,12310.99,netbanking,network_error,238059.9,0,0,0,12310.99,0.0,1.0,0,True
PAY002511,CUST00949,2026-03-18,6998.62,wallet,card_declined,238059.9,2,1,1,12137.825,0.5,0.5765958892964761,1,True
PAY005558,CUST00949,2026-04-09,6272.12,netbanking,timeout,238059.9,5,3,2,11253.492,0.6,0.5573487767174846,1,True
PAY000628,CUST00950,2026-03-05,17074.33,wallet,network_error,333726.75,0,0,0,17074.33,0.0,1.0,0,True
PAY002211,CUST00950,2026-03-16,17358.82,upi,insufficient_funds,333726.75,1,0,1,17074.33,0.0,1.0166618543743735,1,False
PAY002662,CUST00950,2026-03-19,24069.78,upi,expired_card,333726.75,2,0,2,17216.575,0.0,1.3980585569429458,2,True
PAY000629,CUST00951,2026-03-05,7614.96,card,expired_card,127495.39,1,1,0,13015.61,1.0,0.5850636274442765,0,False
PAY001818,CUST00952,2026-03-13,630.85,netbanking,network_error,437201.85,2,2,0,956.545,1.0,0.6595089619411528,0,True
PAY004627,CUST00952,2026-04-02,493.62,wallet,card_declined,437201.85,6,5,1,904.8133333333334,0.8333333333333334,0.5455489898468929,1,True
PAY002512,CUST00953,2026-03-18,2745.86,upi,authentication_failed,226140.25,4,4,0,2303.2799999999997,1.0,1.1921520614080792,0,True
PAY004368,CUST00954,2026-03-31,10208.01,card,timeout,43660.85,4,4,0,7799.8775000000005,1.0,1.3087397846953366,0,True
PAY007459,CUST00954,2026-04-27,10503.69,upi,expired_card,43660.85,8,7,1,8162.47375,0.875,1.2868268029652163,1,True
PAY004111,CUST00955,2026-03-29,21232.63,upi,timeout,35570.23,2,2,0,18434.93,1.0,1.1517608149312202,0,True
PAY008507,CUST00956,2026-05-10,11848.16,card,authentication_failed,255216.09,8,8,0,9517.73125,1.0,1.244851287432601,0,False
PAY001819,CUST00957,2026-03-13,12574.78,upi,network_error,79176.93,1,1,0,12811.63,1.0,0.9815128910216734,0,True
PAY003526,CUST00957,2026-03-25,8343.15,netbanking,network_error,79176.93,2,1,1,12693.205,0.5,0.6572926223124892,1,True
PAY005167,CUST00957,2026-04-06,12064.75,card,timeout,79176.93,3,1,2,11243.186666666666,0.3333333333333333,1.0730721064846385,2,True
PAY007983,CUST00957,2026-05-03,8957.67,card,insufficient_funds,79176.93,9,6,3,10155.09,0.6666666666666666,0.8820867171044274,1,False
PAY002086,CUST00958,2026-03-15,5482.25,netbanking,expired_card,262569.06,1,1,0,4159.84,1.0,1.3178992461248509,0,False
PAY005168,CUST00958,2026-04-06,4511.14,upi,card_declined,262569.06,4,3,1,5130.78,0.75,0.8792308381961418,1,False
PAY000209,CUST00959,2026-03-01,8875.92,upi,authentication_failed,106673.74,0,0,0,8875.92,0.0,1.0,0,True
PAY001958,CUST00960,2026-03-14,10596.15,card,expired_card,50016.11,2,2,0,14038.105,1.0,0.7548134167681464,0,False
PAY003103,CUST00960,2026-03-22,13887.67,card,card_declined,50016.11,3,2,1,12890.786666666667,0.6666666666666666,1.0773330099326754,1,True
PAY004369,CUST00960,2026-03-31,13573.99,card,card_declined,50016.11,4,2,2,13140.0075,0.5,1.033027568667674,2,False
PAY005802,CUST00960,2026-04-11,15873.74,card,authentication_failed,50016.11,5,2,3,13226.804,0.4,1.2001190915054007,3,False
PAY002663,CUST00961,2026-03-19,8305.0,card,network_error,405302.58,3,3,0,7527.740000000001,1.0,1.1032527690913871,0,False
PAY005169,CUST00961,2026-04-06,3889.85,wallet,insufficient_funds,405302.58,6,5,1,7920.565,0.8333333333333334,0.49110764194220996,1,True
PAY009071,CUST00961,2026-05-20,9416.54,upi,card_declined,405302.58,11,9,2,7398.723636363637,0.8181818181818182,1.2727249270021512,0,True
PAY003394,CUST00962,2026-03-24,7989.49,wallet,network_error,259057.68,5,5,0,8407.922,1.0,0.9502336011204671,0,True
PAY005687,CUST00962,2026-04-10,8457.47,wallet,timeout,259057.68,8,7,1,8141.813749999999,0.875,1.0387697704335228,1,False
PAY007908,CUST00962,2026-05-02,7267.55,upi,expired_card,259057.68,10,8,2,8517.208,0.8,0.8532784452369837,1,False
PAY003669,CUST00964,2026-03-26,25364.42,wallet,insufficient_funds,404423.1,3,3,0,23650.876666666667,1.0,1.072451577904864,0,False
PAY006030,CUST00964,2026-04-13,26683.68,card,network_error,404423.1,7,6,1,26759.55142857143,0.8571428571428571,0.9971646972941998,1,True
PAY006148,CUST00966,2026-04-14,7649.63,card,expired_card,374173.22,5,5,0,6346.868,1.0,1.2052606104302153,0,True
PAY008709,CUST00967,2026-05-13,18054.64,card,card_declined,27418.45,11,11,0,13991.685454545455,1.0,1.2903834965882983,0,True
PAY008966,CUST00967,2026-05-18,13674.44,netbanking,card_declined,27418.45,12,11,1,14330.265,0.9166666666666666,0.9542349705326455,1,False
PAY009246,CUST00967,2026-05-24,11339.33,card,network_error,27418.45,13,11,2,14279.816923076924,0.8461538461538461,0.7940809088157885,2,True
PAY001665,CUST00968,2026-03-12,16562.24,card,timeout,36561.16,2,2,0,11548.904999999999,1.0,1.4340961329234245,0,True
PAY001821,CUST00969,2026-03-13,33055.03,wallet,insufficient_funds,467618.49,1,1,0,19423.4,1.0,1.7018148212980218,0,False
PAY003105,CUST00969,2026-03-22,22790.08,wallet,insufficient_funds,467618.49,3,2,1,23337.36333333333,0.6666666666666666,0.9765490503140245,1,True
PAY005688,CUST00969,2026-04-10,22285.83,card,network_error,467618.49,5,3,2,22243.786,0.6,1.0018901458591627,2,True
PAY006031,CUST00969,2026-04-13,12970.98,netbanking,insufficient_funds,467618.49,6,3,3,22250.793333333335,0.5,0.5829446081173435,2,True
PAY006905,CUST00969,2026-04-21,27068.86,upi,timeout,467618.49,8,4,4,21438.99875,0.5,1.2625990754349012,3,False
PAY008710,CUST00969,2026-05-13,22041.5,upi,timeout,467618.49,12,7,5,21098.856666666667,0.5833333333333334,1.0446774604058324,2,False
PAY002088,CUST00970,2026-03-15,8593.31,card,timeout,467218.9,2,2,0,10231.075,1.0,0.8399224910383316,0,True
PAY003529,CUST00970,2026-03-25,8556.58,card,timeout,467218.9,4,3,1,9336.904999999999,0.75,0.9164257320814554,1,True
PAY006032,CUST00970,2026-04-13,13193.53,netbanking,expired_card,467218.9,7,5,2,10034.58,0.7142857142857143,1.3148063994706307,2,True
PAY006250,CUST00970,2026-04-15,7763.81,upi,card_declined,467218.9,8,5,3,10429.44875,0.625,0.7444123065468825,2,False
PAY007374,CUST00970,2026-04-26,3689.13,upi,authentication_failed,467218.9,9,5,4,10133.266666666666,0.5555555555555556,0.3640612767189258,2,False
PAY008643,CUST00970,2026-05-12,8404.08,card,timeout,467218.9,11,6,5,9443.804545454546,0.5454545454545454,0.889904059275032,3,True
PAY009195,CUST00971,2026-05-23,12935.33,wallet,card_declined,207389.13,12,12,0,12003.597499999998,1.0,1.0776211048396118,0,True
PAY000519,CUST00973,2026-03-04,16717.65,card,authentication_failed,324711.0,0,0,0,16717.65,0.0,1.0,0,True
PAY002214,CUST00973,2026-03-16,12877.43,netbanking,expired_card,324711.0,1,0,1,16717.65,0.0,0.7702894844670154,1,False
PAY006588,CUST00973,2026-04-18,13095.27,wallet,card_declined,324711.0,6,4,2,14057.519999999999,0.6666666666666666,0.931549092585321,0,False
PAY007290,CUST00973,2026-04-25,17515.41,card,authentication_failed,324711.0,7,4,3,13920.055714285714,0.5714285714285714,1.2582859120329875,1,False
PAY007635,CUST00974,2026-04-29,13053.71,wallet,insufficient_funds,496464.02,8,8,0,17075.47375,1.0,0.7644713225013742,0,True
PAY000097,CUST00975,2026-02-28,14488.48,card,expired_card,435462.04,0,0,0,14488.48,0.0,1.0,0,False
PAY002808,CUST00976,2026-03-20,11246.46,card,authentication_failed,190944.54,1,1,0,12571.96,1.0,0.8945669569422747,0,True
PAY004114,CUST00976,2026-03-29,13260.85,card,expired_card,190944.54,2,1,1,11909.21,0.5,1.1134953535960825,1,False
PAY001247,CUST00977,2026-03-09,17625.57,wallet,authentication_failed,332587.31,0,0,0,17625.57,0.0,1.0,0,True
PAY002668,CUST00977,2026-03-19,23456.45,upi,network_error,332587.31,1,0,1,17625.57,0.0,1.3308193720827186,1,True
PAY005171,CUST00977,2026-04-06,19050.89,netbanking,card_declined,332587.31,3,1,2,19649.423333333336,0.3333333333333333,0.9695393944555114,2,False
PAY005560,CUST00977,2026-04-09,12328.57,card,timeout,332587.31,4,1,3,19499.79,0.25,0.632241167725396,2,False
PAY007375,CUST00978,2026-04-26,17655.94,card,authentication_failed,328499.38,7,7,0,20201.73285714286,1.0,0.8739814611377396,0,False
PAY007717,CUST00978,2026-04-30,24467.82,wallet,card_declined,328499.38,8,7,1,19883.50875,0.875,1.230558464687476,1,True
PAY009109,CUST00978,2026-05-21,12457.67,wallet,card_declined,328499.38,10,8,2,20788.166999999998,0.8,0.5992673620526524,2,True
PAY006792,CUST00979,2026-04-20,10934.79,upi,timeout,93344.45,5,5,0,9728.310000000001,1.0,1.1240174295432608,0,False
PAY000520,CUST00980,2026-03-04,11531.43,card,expired_card,266777.06,0,0,0,11531.43,0.0,1.0,0,False
PAY002089,CUST00980,2026-03-15,7635.13,netbanking,insufficient_funds,266777.06,3,2,1,9550.496666666668,0.6666666666666666,0.799448475454505,1,True
PAY003396,CUST00980,2026-03-24,6523.06,wallet,authentication_failed,266777.06,4,2,2,9071.655,0.5,0.7190595321360876,2,False
PAY006998,CUST00980,2026-04-22,10459.49,netbanking,network_error,266777.06,10,7,3,9058.39,0.7,1.1546742853862553,1,True
PAY001078,CUST00981,2026-03-08,647.49,wallet,card_declined,115231.66,1,1,0,814.3,1.0,0.7951492079086332,0,False
PAY002090,CUST00981,2026-03-15,797.07,wallet,timeout,115231.66,2,1,1,730.895,0.5,1.090539680802304,1,False
PAY005691,CUST00981,2026-04-10,796.51,wallet,authentication_failed,115231.66,7,5,2,766.8900000000001,0.7142857142857143,1.0386235314060686,1,True
PAY001079,CUST00982,2026-03-08,17865.73,upi,timeout,16253.99,0,0,0,17865.73,0.0,1.0,0,True
PAY005174,CUST00982,2026-04-06,14911.36,netbanking,card_declined,16253.99,4,3,1,20703.685,0.75,0.7202273411713905,1,False
PAY006384,CUST00982,2026-04-16,13110.29,wallet,insufficient_funds,16253.99,6,4,2,18958.825,0.6666666666666666,0.691513846454092,1,True
PAY000396,CUST00985,2026-03-03,11515.4,wallet,insufficient_funds,127518.46,0,0,0,11515.4,0.0,1.0,0,False
PAY001249,CUST00985,2026-03-09,7546.6,netbanking,insufficient_funds,127518.46,1,0,1,11515.4,0.0,0.655348489848377,1,False
PAY004378,CUST00985,2026-03-31,9727.63,netbanking,authentication_failed,127518.46,4,2,2,11481.4775,0.5,0.8472454873512576,2,True
PAY009378,CUST00985,2026-05-28,9275.55,upi,authentication_failed,127518.46,12,9,3,11654.325833333334,0.75,0.7958890228957186,0,True
PAY000899,CUST00987,2026-03-07,18086.19,netbanking,authentication_failed,363886.85,0,0,0,18086.19,0.0,1.0,0,False
PAY002092,CUST00987,2026-03-15,19130.0,upi,expired_card,363886.85,1,0,1,18086.19,0.0,1.057713094908325,1,False
PAY004762,CUST00987,2026-04-03,30189.07,upi,network_error,363886.85,4,2,2,19264.77,0.5,1.5670610134457872,2,False
PAY007098,CUST00987,2026-04-23,23587.62,wallet,network_error,363886.85,7,4,3,22121.457142857143,0.5714285714285714,1.06627786079708,1,False
PAY007379,CUST00987,2026-04-26,16970.14,netbanking,authentication_failed,363886.85,8,4,4,22304.7275,0.5,0.7608315322390735,2,False
PAY008578,CUST00987,2026-05-11,18514.24,card,expired_card,363886.85,10,5,5,21520.379999999997,0.5,0.8603119461645196,2,True
PAY000397,CUST00988,2026-03-03,6035.81,wallet,network_error,405691.7,0,0,0,6035.81,0.0,1.0,0,False
PAY007291,CUST00988,2026-04-25,6989.56,wallet,expired_card,405691.7,6,5,1,6171.68,0.8333333333333334,1.1325214528296996,0,True
PAY001080,CUST00990,2026-03-08,13898.52,netbanking,authentication_failed,12744.67,0,0,0,13898.52,0.0,1.0,0,True
PAY003106,CUST00990,2026-03-22,14114.17,wallet,network_error,12744.67,3,2,1,12614.056666666665,0.6666666666666666,1.1189239412010465,1,True
PAY004234,CUST00990,2026-03-30,14737.15,card,timeout,12744.67,5,3,2,13863.264000000001,0.6,1.0630360930874576,2,True
PAY008148,CUST00990,2026-05-05,15475.98,card,authentication_failed,12744.67,10,7,3,13833.499,0.7,1.1187321443403437,0,False
PAY000900,CUST00991,2026-03-07,4964.07,upi,card_declined,54943.87,0,0,0,4964.07,0.0,1.0,0,True
PAY002671,CUST00991,2026-03-19,6825.07,card,timeout,54943.87,3,2,1,5304.143333333333,0.6666666666666666,1.286743130998848,1,True
PAY009155,CUST00991,2026-05-22,5792.64,upi,timeout,54943.87,11,9,2,5903.71,0.8181818181818182,0.9811864065138701,0,False
PAY001439,CUST00992,2026-03-10,3592.56,upi,timeout,300903.52,0,0,0,3592.56,0.0,1.0,0,True
PAY006910,CUST00992,2026-04-21,4102.39,wallet,expired_card,300903.52,6,5,1,3970.34,0.8333333333333334,1.0332591163477183,0,True
PAY007720,CUST00992,2026-04-30,3296.66,card,insufficient_funds,300903.52,7,5,2,3989.2042857142856,0.7142857142857143,0.8263953821080681,1,True
PAY006911,CUST00993,2026-04-21,2205.91,wallet,card_declined,29094.78,10,10,0,2481.727,1.0,0.8888608618111501,0,False
PAY002810,CUST00994,2026-03-20,8167.91,netbanking,card_declined,204121.35,3,3,0,8168.2300000000005,1.0,0.9999608238259695,0,True
PAY007807,CUST00994,2026-05-01,6264.11,card,timeout,204121.35,9,8,1,7929.91,0.8888888888888888,0.7899345642006025,0,True
PAY006702,CUST00995,2026-04-19,17426.7,netbanking,card_declined,112548.26,6,6,0,14915.148333333333,1.0,1.1683893187340075,0,True
PAY005919,CUST00996,2026-04-12,10576.53,netbanking,authentication_failed,32939.8,5,5,0,13336.066,1.0,0.7930772088260511,0,True
PAY007193,CUST00996,2026-04-24,10231.93,wallet,network_error,32939.8,6,5,1,12876.143333333333,0.8333333333333334,0.7946424434024371,1,True
PAY007462,CUST00996,2026-04-27,11192.75,netbanking,insufficient_funds,32939.8,7,5,2,12498.39857142857,0.7142857142857143,0.8955347307923679,2,False
PAY009741,CUST00996,2026-06-11,17896.26,wallet,card_declined,32939.8,12,9,3,13139.661666666667,0.75,1.3620031058638369,0,True
PAY008884,CUST00998,2026-05-16,1360.51,wallet,network_error,367101.15,9,9,0,1135.711111111111,1.0,1.1979366818635413,0,True
PAY009197,CUST00998,2026-05-23,1274.17,netbanking,network_error,367101.15,10,9,1,1158.191,0.9,1.1001380601299786,1,False
PAY002811,CUST01000,2026-03-20,5733.53,upi,insufficient_funds,163729.23,2,2,0,4379.51,1.0,1.3091715739888707,0,False
PAY007380,CUST01000,2026-04-26,3317.47,wallet,insufficient_funds,163729.23,7,6,1,4983.742857142856,0.8571428571428571,0.6656583405472651,0,True
PAY009019,CUST01000,2026-05-19,3555.36,card,network_error,163729.23,10,8,2,4817.861999999999,0.8,0.7379538890902232,1,True
PAY009441,CUST01000,2026-05-30,6452.54,card,authentication_failed,163729.23,11,8,3,4703.08909090909,0.7272727272727273,1.3719791131476837,1,True
