payment_id,customer_id,payment_date,amount,payment_method,status,failure_reason,recovery_action,recovered,recovered_amount
PAY000001,CUST00147,2026-05-07,24645.25,upi,success,,no_action,False,0.0
PAY000002,CUST00063,2026-03-10,14006.61,upi,failed,network_error,reminder,True,14006.61
PAY000003,CUST00996,2026-06-10,8741.49,wallet,failed,expired_card,payment_link,False,0.0
PAY000004,CUST00153,2026-04-24,7637.23,upi,failed,network_error,reminder,True,7637.23
PAY000005,CUST00308,2026-06-12,21467.02,upi,failed,insufficient_funds,reminder,True,21467.02
PAY000006,CUST00571,2026-04-19,13343.8,wallet,success,,no_action,False,0.0
PAY000007,CUST00339,2026-03-21,16238.31,wallet,success,,no_action,False,0.0
PAY000008,CUST00549,2026-06-02,18169.7,upi,success,,no_action,False,0.0
PAY000009,CUST00690,2026-07-26,15203.24,card,failed,card_declined,reminder,False,0.0
PAY000010,CUST00742,2026-05-22,16851.97,upi,success,,no_action,False,0.0
PAY000011,CUST00311,2026-04-15,23934.09,card,success,,no_action,False,0.0
PAY000012,CUST00986,2026-04-19,18588.59,wallet,failed,timeout,reminder,True,18588.59
PAY000013,CUST00407,2026-08-11,22895.14,netbanking,failed,network_error,reminder,True,22895.14
PAY000014,CUST00368,2026-07-03,7848.87,netbanking,success,,no_action,False,0.0
PAY000015,CUST00478,2026-05-31,2645.48,wallet,failed,expired_card,reminder,False,0.0
PAY000016,CUST00321,2026-03-02,10465.47,upi,success,,no_action,False,0.0
PAY000017,CUST00268,2026-04-17,13922.13,wallet,success,,no_action,False,0.0
PAY000018,CUST00338,2026-08-12,5904.46,upi,success,,no_action,False,0.0
PAY000019,CUST00967,2026-08-09,17184.2,netbanking,failed,network_error,reminder,False,0.0
PAY000020,CUST00758,2026-07-15,12366.77,upi,failed,expired_card,reminder,True,12366.77
PAY000021,CUST00501,2026-03-17,4764.38,card,success,,no_action,False,0.0
PAY000022,CUST00968,2026-08-06,20486.3,card,failed,network_error,reminder,True,20486.3
PAY000023,CUST00237,2026-07-05,1885.6,upi,success,,no_action,False,0.0
PAY000024,CUST00467,2026-07-17,9455.38,wallet,failed,insufficient_funds,payment_link,True,9455.38
PAY000025,CUST00422,2026-05-10,493.9,netbanking,success,,no_action,False,0.0
PAY000026,CUST00018,2026-03-22,12654.96,wallet,failed,card_declined,reminder,True,12654.96
PAY000027,CUST00537,2026-05-01,3892.66,upi,success,,no_action,False,0.0
PAY000028,CUST00835,2026-06-09,8990.14,wallet,success,,no_action,False,0.0
PAY000029,CUST00471,2026-03-18,14212.05,upi,success,,no_action,False,0.0
PAY000030,CUST00670,2026-06-03,24793.53,card,success,,no_action,False,0.0
PAY000031,CUST00387,2026-07-03,13907.0,card,failed,timeout,reminder,True,13907.0
PAY000032,CUST00866,2026-03-22,10960.96,netbanking,success,,no_action,False,0.0
PAY000033,CUST00917,2026-08-22,13298.35,card,success,,no_action,False,0.0
PAY000034,CUST00909,2026-03-17,14256.25,netbanking,success,,no_action,False,0.0
PAY000035,CUST00701,2026-05-17,23154.5,card,success,,no_action,False,0.0
PAY000036,CUST00017,2026-06-07,24044.44,upi,success,,no_action,False,0.0
PAY000037,CUST00952,2026-07-21,2108.05,upi,success,,no_action,False,0.0
PAY000038,CUST00855,2026-04-02,21266.17,netbanking,success,,no_action,False,0.0
PAY000039,CUST00810,2026-05-25,24714.25,card,success,,no_action,False,0.0
PAY000040,CUST00055,2026-08-02,2622.61,upi,failed,expired_card,reminder,True,2622.61
PAY000041,CUST00978,2026-05-06,14971.09,netbanking,success,,no_action,False,0.0
PAY000042,CUST00803,2026-07-17,24816.13,wallet,success,,no_action,False,0.0
PAY000043,CUST00964,2026-08-14,9510.59,upi,success,,no_action,False,0.0
PAY000044,CUST00390,2026-05-05,2325.21,netbanking,failed,timeout,retry,True,2325.21
PAY000045,CUST00158,2026-05-18,9624.0,upi,success,,no_action,False,0.0
PAY000046,CUST00370,2026-05-06,2842.46,card,failed,network_error,retry,True,2842.46
PAY000047,CUST00105,2026-07-18,3486.17,upi,success,,no_action,False,0.0
PAY000048,CUST00569,2026-05-27,12908.53,card,success,,no_action,False,0.0
PAY000049,CUST00568,2026-03-01,2507.99,netbanking,success,,no_action,False,0.0
PAY000050,CUST00299,2026-07-19,10462.49,card,success,,no_action,False,0.0
PAY000051,CUST00927,2026-04-10,24819.71,upi,success,,no_action,False,0.0
PAY000052,CUST00702,2026-05-05,9642.15,upi,success,,no_action,False,0.0
PAY000053,CUST00505,2026-06-13,3819.18,upi,success,,no_action,False,0.0
PAY000054,CUST00307,2026-04-30,12208.94,card,success,,no_action,False,0.0
PAY000055,CUST00739,2026-04-01,15700.84,upi,success,,no_action,False,0.0
PAY000056,CUST00312,2026-08-03,367.83,wallet,success,,no_action,False,0.0
PAY000057,CUST00390,2026-08-11,2533.09,netbanking,success,,no_action,False,0.0
PAY000058,CUST00998,2026-08-22,14940.94,netbanking,success,,no_action,False,0.0
PAY000059,CUST00206,2026-08-22,12079.44,upi,failed,expired_card,payment_link,True,12079.44
PAY000060,CUST00649,2026-05-08,12376.98,upi,success,,no_action,False,0.0
PAY000061,CUST00837,2026-07-20,19689.49,netbanking,success,,no_action,False,0.0
PAY000062,CUST00205,2026-07-16,14887.23,upi,success,,no_action,False,0.0
PAY000063,CUST00028,2026-05-11,23834.51,wallet,failed,card_declined,payment_link,True,23834.51
PAY000064,CUST00852,2026-04-02,17382.31,wallet,success,,no_action,False,0.0
PAY000065,CUST00649,2026-08-13,9246.56,netbanking,success,,no_action,False,0.0
PAY000066,CUST00158,2026-07-29,8520.23,card,success,,no_action,False,0.0
PAY000067,CUST00491,2026-05-29,14639.65,wallet,success,,no_action,False,0.0
PAY000068,CUST00719,2026-04-30,22408.44,card,success,,no_action,False,0.0
PAY000069,CUST00674,2026-03-09,16684.41,upi,success,,no_action,False,0.0
PAY000070,CUST00577,2026-06-16,24593.48,wallet,failed,expired_card,payment_link,False,0.0
PAY000071,CUST00109,2026-07-08,461.58,netbanking,success,,no_action,False,0.0
PAY000072,CUST00572,2026-06-06,14596.85,upi,success,,no_action,False,0.0
PAY000073,CUST00475,2026-03-04,19354.09,upi,success,,no_action,False,0.0
PAY000074,CUST00495,2026-04-03,2792.82,wallet,failed,insufficient_funds,payment_link,True,2792.82
PAY000075,CUST00357,2026-07-09,7934.88,wallet,success,,no_action,False,0.0
PAY000076,CUST00495,2026-06-18,1349.78,netbanking,success,,no_action,False,0.0
PAY000077,CUST00740,2026-03-09,17479.73,netbanking,success,,no_action,False,0.0
PAY000078,CUST00830,2026-08-10,17827.32,card,success,,no_action,False,0.0
PAY000079,CUST00112,2026-04-11,16993.06,upi,failed,timeout,retry,True,16993.06
PAY000080,CUST00566,2026-08-06,4171.37,wallet,failed,card_declined,payment_link,True,4171.37
PAY000081,CUST00189,2026-08-02,4822.4,wallet,success,,no_action,False,0.0
PAY000082,CUST00905,2026-08-25,5093.65,wallet,success,,no_action,False,0.0
PAY000083,CUST00220,2026-07-13,5303.46,card,success,,no_action,False,0.0
PAY000084,CUST00192,2026-05-04,9271.67,upi,success,,no_action,False,0.0
PAY000085,CUST00687,2026-08-01,21593.39,netbanking,success,,no_action,False,0.0
PAY000086,CUST00402,2026-06-23,14757.72,netbanking,success,,no_action,False,0.0
PAY000087,CUST00633,2026-04-01,4478.68,netbanking,failed,authentication_failed,reminder,True,4478.68
PAY000088,CUST00321,2026-04-03,12443.78,upi,success,,no_action,False,0.0
PAY000089,CUST00524,2026-06-14,9833.89,upi,success,,no_action,False,0.0
PAY000090,CUST00191,2026-07-01,12269.42,upi,success,,no_action,False,0.0
PAY000091,CUST00296,2026-08-03,3679.35,netbanking,success,,no_action,False,0.0
PAY000092,CUST00055,2026-06-04,3075.78,netbanking,failed,network_error,retry,True,3075.78
PAY000093,CUST00987,2026-07-01,14127.24,wallet,success,,no_action,False,0.0
PAY000094,CUST00426,2026-03-19,17811.53,wallet,success,,no_action,False,0.0
PAY000095,CUST00579,2026-05-07,965.35,upi,success,,no_action,False,0.0
PAY000096,CUST00231,2026-07-02,13532.69,upi,failed,authentication_failed,reminder,False,0.0
PAY000097,CUST00563,2026-07-15,12867.99,card,success,,no_action,False,0.0
PAY000098,CUST00844,2026-06-18,24774.16,card,success,,no_action,False,0.0
PAY000099,CUST00560,2026-08-12,5619.84,wallet,success,,no_action,False,0.0
PAY000100,CUST00770,2026-05-26,6338.78,card,success,,no_action,False,0.0
PAY000101,CUST00883,2026-04-27,20454.87,wallet,failed,insufficient_funds,reminder,False,0.0
PAY000102,CUST00215,2026-08-01,20305.43,netbanking,success,,no_action,False,0.0
PAY000103,CUST00648,2026-07-21,10818.54,upi,failed,card_declined,reminder,False,0.0
PAY000104,CUST00360,2026-08-25,13400.56,upi,success,,no_action,False,0.0
PAY000105,CUST00300,2026-08-18,7375.46,netbanking,failed,authentication_failed,reminder,False,0.0
PAY000106,CUST00835,2026-03-30,14707.24,wallet,failed,expired_card,reminder,False,0.0
PAY000107,CUST00719,2026-05-19,32122.37,upi,success,,no_action,False,0.0
PAY000108,CUST00849,2026-07-23,6339.36,wallet,success,,no_action,False,0.0
PAY000109,CUST00648,2026-03-21,10424.69,wallet,success,,no_action,False,0.0
PAY000110,CUST00413,2026-05-31,12987.21,netbanking,success,,no_action,False,0.0
PAY000111,CUST00466,2026-03-21,23766.3,netbanking,success,,no_action,False,0.0
PAY000112,CUST00749,2026-06-15,24309.33,netbanking,failed,authentication_failed,reminder,True,24309.33
PAY000113,CUST00845,2026-05-09,5453.92,netbanking,success,,no_action,False,0.0
PAY000114,CUST00346,2026-06-30,13773.3,upi,success,,no_action,False,0.0
PAY000115,CUST00808,2026-08-05,8724.74,card,success,,no_action,False,0.0
PAY000116,CUST00803,2026-04-07,32462.65,wallet,success,,no_action,False,0.0
PAY000117,CUST00452,2026-08-21,11521.65,wallet,success,,no_action,False,0.0
PAY000118,CUST00932,2026-05-07,3471.44,netbanking,success,,no_action,False,0.0
PAY000119,CUST00096,2026-08-15,16433.78,netbanking,success,,no_action,False,0.0
PAY000120,CUST00926,2026-05-15,16293.0,card,success,,no_action,False,0.0
PAY000121,CUST00744,2026-03-21,17546.15,upi,success,,no_action,False,0.0
PAY000122,CUST00721,2026-03-31,2560.56,upi,success,,no_action,False,0.0
PAY000123,CUST00608,2026-08-23,5809.53,wallet,success,,no_action,False,0.0
PAY000124,CUST00352,2026-06-28,20464.3,wallet,success,,no_action,False,0.0
PAY000125,CUST00073,2026-05-31,5877.88,card,failed,insufficient_funds,reminder,True,5877.88
PAY000126,CUST00903,2026-04-01,7621.53,wallet,success,,no_action,False,0.0
PAY000127,CUST00657,2026-07-20,24824.92,upi,success,,no_action,False,0.0
PAY000128,CUST00009,2026-04-21,15335.92,upi,success,,no_action,False,0.0
PAY000129,CUST00644,2026-06-19,18757.07,wallet,success,,no_action,False,0.0
PAY000130,CUST00881,2026-03-29,5587.67,card,success,,no_action,False,0.0
PAY000131,CUST00604,2026-04-30,18304.23,netbanking,failed,expired_card,reminder,False,0.0
PAY000132,CUST00284,2026-07-29,16186.59,upi,success,,no_action,False,0.0
PAY000133,CUST00739,2026-08-13,9316.74,card,success,,no_action,False,0.0
PAY000134,CUST00897,2026-05-12,7680.9,upi,success,,no_action,False,0.0
PAY000135,CUST00662,2026-03-26,1553.31,upi,success,,no_action,False,0.0
PAY000136,CUST00247,2026-03-01,12589.65,card,success,,no_action,False,0.0
PAY000137,CUST00370,2026-07-21,1915.4,netbanking,success,,no_action,False,0.0
PAY000138,CUST00431,2026-03-16,9262.23,upi,success,,no_action,False,0.0
PAY000139,CUST00018,2026-03-13,12115.16,upi,success,,no_action,False,0.0
PAY000140,CUST00972,2026-07-04,19774.39,netbanking,success,,no_action,False,0.0
PAY000141,CUST00786,2026-07-13,10502.71,wallet,success,,no_action,False,0.0
PAY000142,CUST00551,2026-03-18,15477.97,netbanking,success,,no_action,False,0.0
PAY000143,CUST00524,2026-06-06,9577.33,upi,failed,card_declined,payment_link,True,9577.33
PAY000144,CUST00601,2026-06-17,15930.5,card,success,,no_action,False,0.0
PAY000145,CUST00748,2026-03-20,23845.01,upi,success,,no_action,False,0.0
PAY000146,CUST00947,2026-03-12,10975.19,wallet,success,,no_action,False,0.0
PAY000147,CUST00317,2026-04-02,16718.77,upi,success,,no_action,False,0.0
PAY000148,CUST00719,2026-05-03,36822.03,netbanking,success,,no_action,False,0.0
PAY000149,CUST00171,2026-03-28,9422.36,netbanking,success,,no_action,False,0.0
PAY000150,CUST00790,2026-05-04,22517.46,netbanking,failed,expired_card,reminder,True,22517.46
PAY000151,CUST00730,2026-07-06,24381.25,card,success,,no_action,False,0.0
PAY000152,CUST00369,2026-05-02,1574.89,upi,success,,no_action,False,0.0
PAY000153,CUST00792,2026-07-06,2752.04,card,success,,no_action,False,0.0
PAY000154,CUST00003,2026-06-26,1292.14,card,success,,no_action,False,0.0
PAY000155,CUST00373,2026-03-07,9697.89,upi,success,,no_action,False,0.0
PAY000156,CUST00567,2026-04-30,20117.26,wallet,success,,no_action,False,0.0
PAY000157,CUST00427,2026-03-17,22913.2,netbanking,success,,no_action,False,0.0
PAY000158,CUST00586,2026-07-08,9445.64,card,success,,no_action,False,0.0
PAY000159,CUST00048,2026-05-16,23861.17,card,failed,expired_card,payment_link,False,0.0
PAY000160,CUST00336,2026-04-18,2342.36,wallet,success,,no_action,False,0.0
PAY000161,CUST00299,2026-04-29,10724.47,netbanking,success,,no_action,False,0.0
PAY000162,CUST00476,2026-07-15,9333.19,wallet,failed,card_declined,payment_link,True,9333.19
PAY000163,CUST00779,2026-06-10,19940.14,upi,success,,no_action,False,0.0
PAY000164,CUST00025,2026-08-22,5978.34,netbanking,success,,no_action,False,0.0
PAY000165,CUST00899,2026-08-13,437.95,netbanking,success,,no_action,False,0.0
PAY000166,CUST00386,2026-07-11,21255.35,netbanking,success,,no_action,False,0.0
PAY000167,CUST00244,2026-03-21,10611.43,card,failed,card_declined,reminder,False,0.0
PAY000168,CUST00045,2026-03-19,23047.61,wallet,failed,expired_card,payment_link,True,23047.61
PAY000169,CUST00595,2026-06-06,2570.31,upi,success,,no_action,False,0.0
PAY000170,CUST00077,2026-03-31,14879.01,card,success,,no_action,False,0.0
PAY000171,CUST00243,2026-05-20,7433.57,netbanking,failed,network_error,retry,True,7433.57
PAY000172,CUST00326,2026-04-18,11428.39,upi,success,,no_action,False,0.0
PAY000173,CUST00140,2026-04-09,19542.44,card,success,,no_action,False,0.0
PAY000174,CUST00461,2026-05-28,11758.17,wallet,success,,no_action,False,0.0
PAY000175,CUST00988,2026-05-04,19304.35,wallet,success,,no_action,False,0.0
PAY000176,CUST00873,2026-05-14,3173.86,upi,success,,no_action,False,0.0
PAY000177,CUST00847,2026-05-20,17676.68,card,success,,no_action,False,0.0
PAY000178,CUST00152,2026-08-18,2462.08,upi,failed,network_error,retry,True,2462.08
PAY000179,CUST00307,2026-07-16,11493.98,card,failed,network_error,retry,True,11493.98
PAY000180,CUST00256,2026-03-13,2549.19,card,failed,card_declined,reminder,True,2549.19
PAY000181,CUST00851,2026-06-08,19567.81,upi,success,,no_action,False,0.0
PAY000182,CUST00382,2026-05-03,17219.87,card,success,,no_action,False,0.0
PAY000183,CUST00940,2026-06-19,20356.13,card,failed,card_declined,payment_link,False,0.0
PAY000184,CUST00829,2026-06-24,3394.03,netbanking,success,,no_action,False,0.0
PAY000185,CUST00052,2026-06-07,4366.13,wallet,success,,no_action,False,0.0
PAY000186,CUST00509,2026-04-21,931.16,wallet,success,,no_action,False,0.0
PAY000187,CUST00931,2026-04-05,4841.35,netbanking,success,,no_action,False,0.0
PAY000188,CUST00036,2026-07-03,15429.84,upi,success,,no_action,False,0.0
PAY000189,CUST00422,2026-05-08,1104.22,wallet,success,,no_action,False,0.0
PAY000190,CUST00393,2026-07-10,3603.45,upi,success,,no_action,False,0.0
PAY000191,CUST00256,2026-07-15,1611.54,card,failed,timeout,reminder,True,1611.54
PAY000192,CUST00801,2026-04-13,12220.05,netbanking,success,,no_action,False,0.0
PAY000193,CUST00027,2026-05-08,8108.16,upi,success,,no_action,False,0.0
PAY000194,CUST00060,2026-07-25,20254.62,wallet,success,,no_action,False,0.0
PAY000195,CUST00239,2026-04-28,24354.7,card,success,,no_action,False,0.0
PAY000196,CUST00273,2026-06-05,13435.5,card,failed,card_declined,reminder,True,13435.5
PAY000197,CUST00364,2026-07-27,23393.11,upi,success,,no_action,False,0.0
PAY000198,CUST00326,2026-05-27,6909.24,netbanking,failed,insufficient_funds,payment_link,False,0.0
PAY000199,CUST00971,2026-04-15,14277.75,upi,success,,no_action,False,0.0
PAY000200,CUST00857,2026-04-11,24702.55,wallet,success,,no_action,False,0.0
PAY000201,CUST00503,2026-04-23,1141.5,card,success,,no_action,False,0.0
PAY000202,CUST00021,2026-08-02,13255.92,card,success,,no_action,False,0.0
PAY000203,CUST00207,2026-05-19,20199.85,netbanking,success,,no_action,False,0.0
PAY000204,CUST00061,2026-07-10,743.44,upi,success,,no_action,False,0.0
PAY000205,CUST00882,2026-08-14,9249.27,card,success,,no_action,False,0.0
PAY000206,CUST00406,2026-04-01,14733.21,netbanking,success,,no_action,False,0.0
PAY000207,CUST01000,2026-04-11,4106.1,wallet,failed,network_error,retry,True,4106.1
PAY000208,CUST00725,2026-07-26,24224.82,netbanking,success,,no_action,False,0.0
PAY000209,CUST00835,2026-02-26,13224.27,netbanking,success,,no_action,False,0.0
PAY000210,CUST00972,2026-07-21,24304.69,wallet,success,,no_action,False,0.0
PAY000211,CUST00034,2026-07-20,4715.63,netbanking,failed,authentication_failed,reminder,True,4715.63
PAY000212,CUST00107,2026-03-17,23429.86,upi,success,,no_action,False,0.0
PAY000213,CUST00244,2026-05-22,9015.2,card,failed,timeout,retry,True,9015.2
PAY000214,CUST00458,2026-03-15,482.61,upi,success,,no_action,False,0.0
PAY000215,CUST00359,2026-06-13,6565.12,card,failed,insufficient_funds,payment_link,True,6565.12
PAY000216,CUST00993,2026-06-02,4325.19,wallet,success,,no_action,False,0.0
PAY000217,CUST00360,2026-06-28,16295.33,wallet,success,,no_action,False,0.0
PAY000218,CUST00808,2026-03-16,11219.16,upi,success,,no_action,False,0.0
PAY000219,CUST00819,2026-05-03,21174.91,netbanking,success,,no_action,False,0.0
PAY000220,CUST00975,2026-06-02,2797.18,netbanking,success,,no_action,False,0.0
PAY000221,CUST00165,2026-08-02,18353.23,card,success,,no_action,False,0.0
PAY000222,CUST00915,2026-08-12,12171.87,card,success,,no_action,False,0.0
PAY000223,CUST00169,2026-03-23,15261.48,wallet,success,,no_action,False,0.0
PAY000224,CUST00340,2026-07-17,5297.65,upi,success,,no_action,False,0.0
PAY000225,CUST00740,2026-05-13,11742.56,netbanking,success,,no_action,False,0.0
PAY000226,CUST00244,2026-05-29,12236.4,wallet,success,,no_action,False,0.0
PAY000227,CUST00004,2026-08-05,10804.63,netbanking,success,,no_action,False,0.0
PAY000228,CUST00615,2026-04-10,12112.14,card,success,,no_action,False,0.0
PAY000229,CUST00654,2026-03-27,7436.92,card,success,,no_action,False,0.0
PAY000230,CUST00316,2026-08-14,19664.94,wallet,success,,no_action,False,0.0
PAY000231,CUST00272,2026-06-03,2460.19,wallet,success,,no_action,False,0.0
PAY000232,CUST00379,2026-06-25,4827.26,card,success,,no_action,False,0.0
PAY000233,CUST00270,2026-04-05,5810.81,netbanking,success,,no_action,False,0.0
PAY000234,CUST00771,2026-05-25,17472.48,card,success,,no_action,False,0.0
PAY000235,CUST00828,2026-06-05,13627.94,upi,success,,no_action,False,0.0
PAY000236,CUST00839,2026-04-27,13160.04,wallet,success,,no_action,False,0.0
PAY000237,CUST00488,2026-07-22,7611.53,wallet,failed,timeout,retry,True,7611.53
PAY000238,CUST00923,2026-06-20,13017.07,upi,success,,no_action,False,0.0
PAY000239,CUST00178,2026-04-16,23736.72,upi,success,,no_action,False,0.0
PAY000240,CUST00130,2026-08-05,1258.36,card,failed,network_error,reminder,True,1258.36
PAY000241,CUST00152,2026-03-15,2880.37,netbanking,success,,no_action,False,0.0
PAY000242,CUST00090,2026-05-07,9824.86,wallet,success,,no_action,False,0.0
PAY000243,CUST00533,2026-06-13,11562.3,card,failed,authentication_failed,reminder,True,11562.3
PAY000244,CUST00116,2026-07-25,10478.17,upi,success,,no_action,False,0.0
PAY000245,CUST00777,2026-05-10,24127.83,card,failed,authentication_failed,reminder,False,0.0
PAY000246,CUST00889,2026-06-30,13483.71,netbanking,failed,expired_card,reminder,True,13483.71
PAY000247,CUST00586,2026-08-03,8839.01,netbanking,success,,no_action,False,0.0
PAY000248,CUST00624,2026-05-21,17084.16,wallet,success,,no_action,False,0.0
PAY000249,CUST00708,2026-05-14,6091.97,wallet,failed,expired_card,reminder,True,6091.97
PAY000250,CUST00319,2026-04-25,7152.6,wallet,failed,timeout,reminder,True,7152.6
PAY000251,CUST00138,2026-06-12,7651.92,wallet,failed,expired_card,reminder,True,7651.92
PAY000252,CUST00620,2026-06-10,16209.76,upi,success,,no_action,False,0.0
PAY000253,CUST00759,2026-03-14,12214.62,netbanking,failed,authentication_failed,payment_link,True,12214.62
PAY000254,CUST00319,2026-07-10,6777.6,wallet,success,,no_action,False,0.0
PAY000255,CUST00901,2026-04-18,14303.07,upi,success,,no_action,False,0.0
PAY000256,CUST00858,2026-05-29,1629.16,card,success,,no_action,False,0.0
PAY000257,CUST00722,2026-03-29,5137.92,netbanking,failed,authentication_failed,payment_link,True,5137.92
PAY000258,CUST00698,2026-06-20,957.97,netbanking,success,,no_action,False,0.0
PAY000259,CUST00182,2026-05-26,24020.91,wallet,success,,no_action,False,0.0
PAY000260,CUST00353,2026-03-05,4255.14,netbanking,failed,timeout,reminder,True,4255.14
PAY000261,CUST00396,2026-08-10,1431.35,upi,success,,no_action,False,0.0
PAY000262,CUST00231,2026-08-19,12122.06,wallet,success,,no_action,False,0.0
PAY000263,CUST00010,2026-07-29,11957.61,upi,success,,no_action,False,0.0
PAY000264,CUST00821,2026-05-15,409.9,netbanking,success,,no_action,False,0.0
PAY000265,CUST00730,2026-06-02,19177.33,netbanking,success,,no_action,False,0.0
PAY000266,CUST00873,2026-07-09,2752.15,wallet,success,,no_action,False,0.0
PAY000267,CUST00845,2026-02-27,6468.54,wallet,success,,no_action,False,0.0
PAY000268,CUST00524,2026-07-28,17293.58,netbanking,success,,no_action,False,0.0
PAY000269,CUST00624,2026-03-25,17036.27,netbanking,success,,no_action,False,0.0
PAY000270,CUST00494,2026-05-07,1783.16,netbanking,success,,no_action,False,0.0
PAY000271,CUST00268,2026-07-08,8193.07,netbanking,success,,no_action,False,0.0
PAY000272,CUST00784,2026-05-18,6159.49,card,failed,authentication_failed,payment_link,True,6159.49
PAY000273,CUST00698,2026-08-12,369.04,upi,success,,no_action,False,0.0
PAY000274,CUST00510,2026-03-07,24937.23,netbanking,failed,network_error,reminder,True,24937.23
PAY000275,CUST00598,2026-04-23,17760.11,upi,success,,no_action,False,0.0
PAY000276,CUST00703,2026-05-13,13458.95,wallet,failed,timeout,retry,True,13458.95
PAY000277,CUST00866,2026-06-26,13280.69,upi,success,,no_action,False,0.0
PAY000278,CUST00132,2026-04-23,18574.79,upi,failed,expired_card,reminder,True,18574.79
PAY000279,CUST00364,2026-05-15,32396.81,upi,success,,no_action,False,0.0
PAY000280,CUST00431,2026-06-24,9853.18,netbanking,success,,no_action,False,0.0
PAY000281,CUST00872,2026-08-03,3120.98,card,failed,authentication_failed,reminder,True,3120.98
PAY000282,CUST00073,2026-08-19,4340.96,wallet,failed,authentication_failed,reminder,True,4340.96
PAY000283,CUST00391,2026-04-05,13339.99,wallet,success,,no_action,False,0.0
PAY000284,CUST00141,2026-07-21,24810.23,netbanking,success,,no_action,False,0.0
PAY000285,CUST00915,2026-04-13,15535.31,netbanking,success,,no_action,False,0.0
PAY000286,CUST00798,2026-04-12,2204.12,netbanking,success,,no_action,False,0.0
PAY000287,CUST00321,2026-05-07,9350.33,card,success,,no_action,False,0.0
PAY000288,CUST00215,2026-03-20,20565.57,upi,success,,no_action,False,0.0
PAY000289,CUST00133,2026-06-28,15439.1,wallet,success,,no_action,False,0.0
PAY000290,CUST00393,2026-04-18,2948.13,card,success,,no_action,False,0.0
PAY000291,CUST00749,2026-08-18,23451.41,netbanking,failed,authentication_failed,reminder,True,23451.41
PAY000292,CUST00005,2026-05-25,15741.84,upi,success,,no_action,False,0.0
PAY000293,CUST00320,2026-05-15,3397.48,wallet,success,,no_action,False,0.0
PAY000294,CUST00172,2026-05-11,1819.12,card,success,,no_action,False,0.0
PAY000295,CUST00467,2026-08-20,9797.13,netbanking,success,,no_action,False,0.0
PAY000296,CUST00138,2026-06-09,4933.1,netbanking,failed,card_declined,payment_link,False,0.0
PAY000297,CUST00020,2026-03-03,5864.77,upi,success,,no_action,False,0.0
PAY000298,CUST00604,2026-08-11,28173.7,upi,success,,no_action,False,0.0
PAY000299,CUST00812,2026-08-04,1126.61,netbanking,success,,no_action,False,0.0
PAY000300,CUST00050,2026-08-12,14929.32,card,success,,no_action,False,0.0
PAY000301,CUST00857,2026-03-29,35953.55,wallet,success,,no_action,False,0.0
PAY000302,CUST00561,2026-08-20,6467.91,upi,success,,no_action,False,0.0
PAY000303,CUST00646,2026-08-04,430.75,wallet,failed,timeout,reminder,True,430.75
PAY000304,CUST00621,2026-08-03,17578.01,wallet,failed,insufficient_funds,payment_link,True,17578.01
PAY000305,CUST00121,2026-07-31,7211.13,card,success,,no_action,False,0.0
PAY000306,CUST00205,2026-06-10,15732.63,netbanking,failed,card_declined,payment_link,True,15732.63
PAY000307,CUST00303,2026-05-21,4177.27,wallet,failed,timeout,retry,True,4177.27
PAY000308,CUST00241,2026-04-05,267.9,card,failed,authentication_failed,reminder,True,267.9
PAY000309,CUST00973,2026-03-23,2434.05,card,success,,no_action,False,0.0
PAY000310,CUST00927,2026-03-10,24619.88,netbanking,success,,no_action,False,0.0
PAY000311,CUST00103,2026-05-17,20366.82,card,failed,expired_card,reminder,False,0.0
PAY000312,CUST00437,2026-04-02,18515.8,card,failed,insufficient_funds,payment_link,True,18515.8
PAY000313,CUST00680,2026-06-18,16250.53,netbanking,success,,no_action,False,0.0
PAY000314,CUST00979,2026-05-24,15620.81,card,success,,no_action,False,0.0
PAY000315,CUST00188,2026-08-21,3023.03,wallet,failed,expired_card,reminder,False,0.0
PAY000316,CUST00872,2026-04-09,3799.41,wallet,failed,timeout,reminder,False,0.0
PAY000317,CUST00116,2026-07-27,13884.09,upi,success,,no_action,False,0.0
PAY000318,CUST00495,2026-06-03,2811.33,wallet,success,,no_action,False,0.0
PAY000319,CUST00798,2026-06-30,2103.28,upi,success,,no_action,False,0.0
PAY000320,CUST00116,2026-03-14,12866.97,wallet,success,,no_action,False,0.0
PAY000321,CUST00268,2026-07-08,10763.45,upi,failed,timeout,retry,True,10763.45
PAY000322,CUST00536,2026-04-30,17268.39,card,success,,no_action,False,0.0
PAY000323,CUST00494,2026-08-09,1713.39,netbanking,success,,no_action,False,0.0
PAY000324,CUST00395,2026-04-07,3886.63,card,success,,no_action,False,0.0
PAY000325,CUST00518,2026-05-19,21251.37,wallet,failed,insufficient_funds,payment_link,False,0.0
PAY000326,CUST00247,2026-06-02,11105.56,upi,success,,no_action,False,0.0
PAY000327,CUST00413,2026-06-19,15735.3,upi,success,,no_action,False,0.0
PAY000328,CUST00821,2026-03-28,332.93,wallet,success,,no_action,False,0.0
PAY000329,CUST00510,2026-06-11,23514.7,card,success,,no_action,False,0.0
PAY000330,CUST00037,2026-07-30,14016.85,card,success,,no_action,False,0.0
PAY000331,CUST00987,2026-06-22,11479.39,upi,success,,no_action,False,0.0
PAY000332,CUST00974,2026-06-22,8653.18,card,success,,no_action,False,0.0
PAY000333,CUST00340,2026-03-27,4376.13,wallet,failed,expired_card,reminder,False,0.0
PAY000334,CUST00100,2026-05-27,19031.13,upi,success,,no_action,False,0.0
PAY000335,CUST00850,2026-06-01,15914.8,netbanking,success,,no_action,False,0.0
PAY000336,CUST00719,2026-06-10,45737.69,wallet,success,,no_action,False,0.0
PAY000337,CUST00110,2026-06-06,6506.37,upi,success,,no_action,False,0.0
PAY000338,CUST00221,2026-03-25,11534.74,upi,success,,no_action,False,0.0
PAY000339,CUST00776,2026-06-21,10478.86,card,success,,no_action,False,0.0
PAY000340,CUST00469,2026-03-10,16529.73,upi,failed,insufficient_funds,reminder,True,16529.73
PAY000341,CUST00567,2026-04-12,28086.19,wallet,failed,network_error,reminder,False,0.0
PAY000342,CUST00709,2026-08-13,14548.15,upi,success,,no_action,False,0.0
PAY000343,CUST00615,2026-07-31,9596.08,wallet,success,,no_action,False,0.0
PAY000344,CUST00938,2026-05-24,17374.39,upi,success,,no_action,False,0.0
PAY000345,CUST00994,2026-07-30,7495.5,upi,success,,no_action,False,0.0
PAY000346,CUST00717,2026-07-16,22183.63,netbanking,success,,no_action,False,0.0
PAY000347,CUST00882,2026-07-17,7736.34,netbanking,success,,no_action,False,0.0
PAY000348,CUST00648,2026-08-17,11067.07,netbanking,success,,no_action,False,0.0
PAY000349,CUST00136,2026-08-22,24537.12,upi,success,,no_action,False,0.0
PAY000350,CUST00653,2026-07-19,8195.06,card,success,,no_action,False,0.0
PAY000351,CUST00492,2026-06-14,14653.6,wallet,failed,authentication_failed,reminder,True,14653.6
PAY000352,CUST00828,2026-03-04,16374.09,card,success,,no_action,False,0.0
PAY000353,CUST00391,2026-04-08,16984.05,upi,success,,no_action,False,0.0
PAY000354,CUST00294,2026-04-19,17148.08,upi,failed,timeout,retry,True,17148.08
PAY000355,CUST00772,2026-08-17,13621.07,netbanking,failed,insufficient_funds,reminder,True,13621.07
PAY000356,CUST00758,2026-07-06,16740.43,upi,failed,authentication_failed,reminder,True,16740.43
PAY000357,CUST00804,2026-03-10,19961.47,netbanking,success,,no_action,False,0.0
PAY000358,CUST00949,2026-07-17,9663.25,wallet,failed,timeout,retry,True,9663.25
PAY000359,CUST00056,2026-06-19,521.54,netbanking,success,,no_action,False,0.0
PAY000360,CUST00850,2026-04-17,16950.41,netbanking,failed,authentication_failed,payment_link,True,16950.41
PAY000361,CUST00795,2026-04-12,18177.88,upi,success,,no_action,False,0.0
PAY000362,CUST00700,2026-06-15,2046.83,upi,failed,insufficient_funds,payment_link,True,2046.83
PAY000363,CUST00286,2026-05-02,14003.65,upi,success,,no_action,False,0.0
PAY000364,CUST00006,2026-05-19,8397.96,upi,success,,no_action,False,0.0
PAY000365,CUST00612,2026-07-22,1461.21,netbanking,success,,no_action,False,0.0
PAY000366,CUST00564,2026-04-14,9080.52,netbanking,success,,no_action,False,0.0
PAY000367,CUST00534,2026-07-13,1890.78,upi,success,,no_action,False,0.0
PAY000368,CUST00414,2026-05-29,2480.25,upi,failed,timeout,reminder,True,2480.25
PAY000369,CUST00301,2026-08-16,5617.44,wallet,failed,timeout,reminder,True,5617.44
PAY000370,CUST00355,2026-06-03,11252.55,upi,failed,timeout,retry,False,0.0
PAY000371,CUST00938,2026-07-14,24675.43,card,success,,no_action,False,0.0
PAY000372,CUST00742,2026-07-06,14572.64,netbanking,success,,no_action,False,0.0
PAY000373,CUST00457,2026-03-19,12272.76,netbanking,failed,card_declined,reminder,True,12272.76
PAY000374,CUST00971,2026-07-13,23506.83,card,success,,no_action,False,0.0
PAY000375,CUST00547,2026-08-06,381.8,card,success,,no_action,False,0.0
PAY000376,CUST00793,2026-08-24,5486.74,wallet,failed,card_declined,payment_link,True,5486.74
PAY000377,CUST00900,2026-03-16,24410.35,wallet,success,,no_action,False,0.0
PAY000378,CUST00765,2026-05-21,17213.88,card,success,,no_action,False,0.0
PAY000379,CUST00039,2026-05-01,2370.52,card,success,,no_action,False,0.0
PAY000380,CUST00572,2026-06-21,21944.34,netbanking,success,,no_action,False,0.0
PAY000381,CUST00646,2026-03-02,589.8,wallet,success,,no_action,False,0.0
PAY000382,CUST00399,2026-08-03,16897.81,card,success,,no_action,False,0.0
PAY000383,CUST00065,2026-03-16,18947.82,card,success,,no_action,False,0.0
PAY000384,CUST00367,2026-08-20,23215.58,card,success,,no_action,False,0.0
PAY000385,CUST00309,2026-06-18,15242.83,netbanking,success,,no_action,False,0.0
PAY000386,CUST00391,2026-04-23,9874.58,wallet,success,,no_action,False,0.0
PAY000387,CUST00140,2026-08-07,24820.95,wallet,failed,authentication_failed,reminder,True,24820.95
PAY000388,CUST00148,2026-07-18,7591.8,netbanking,failed,insufficient_funds,payment_link,True,7591.8
PAY000389,CUST00145,2026-06-06,3256.23,card,success,,no_action,False,0.0
PAY000390,CUST00551,2026-06-11,13605.93,upi,failed,timeout,retry,True,13605.93
PAY000391,CUST00928,2026-04-23,16219.1,upi,success,,no_action,False,0.0
PAY000392,CUST00632,2026-08-16,20901.76,upi,success,,no_action,False,0.0
PAY000393,CUST00819,2026-07-16,20386.57,card,failed,authentication_failed,reminder,True,20386.57
PAY000394,CUST00075,2026-04-17,7408.19,card,success,,no_action,False,0.0
PAY000395,CUST00744,2026-08-12,6219.96,netbanking,success,,no_action,False,0.0
PAY000396,CUST00241,2026-03-15,200.0,card,success,,no_action,False,0.0
PAY000397,CUST00922,2026-08-02,4998.76,wallet,success,,no_action,False,0.0
PAY000398,CUST00676,2026-05-30,7780.75,upi,success,,no_action,False,0.0
PAY000399,CUST00828,2026-04-23,13074.44,card,success,,no_action,False,0.0
PAY000400,CUST00730,2026-05-29,28097.29,wallet,success,,no_action,False,0.0
PAY000401,CUST00138,2026-05-28,5567.03,wallet,success,,no_action,False,0.0
PAY000402,CUST00794,2026-07-31,7775.7,card,success,,no_action,False,0.0
PAY000403,CUST00084,2026-08-05,21076.47,upi,failed,card_declined,reminder,True,21076.47
PAY000404,CUST00079,2026-07-24,18240.15,card,failed,timeout,retry,True,18240.15
PAY000405,CUST00593,2026-07-14,10247.33,upi,failed,authentication_failed,reminder,True,10247.33
PAY000406,CUST00484,2026-04-24,16416.92,upi,success,,no_action,False,0.0
PAY000407,CUST00913,2026-07-04,19349.19,netbanking,success,,no_action,False,0.0
PAY000408,CUST00523,2026-08-14,2445.74,netbanking,success,,no_action,False,0.0
PAY000409,CUST00245,2026-04-02,21229.95,upi,success,,no_action,False,0.0
PAY000410,CUST00457,2026-07-20,9286.31,upi,success,,no_action,False,0.0
PAY000411,CUST00676,2026-06-30,8692.26,wallet,failed,insufficient_funds,reminder,True,8692.26
PAY000412,CUST00238,2026-08-16,1758.96,netbanking,success,,no_action,False,0.0
PAY000413,CUST00212,2026-06-22,13043.55,netbanking,success,,no_action,False,0.0
PAY000414,CUST00903,2026-08-11,6696.64,card,success,,no_action,False,0.0
PAY000415,CUST00332,2026-05-04,2759.98,netbanking,success,,no_action,False,0.0
PAY000416,CUST00593,2026-08-12,8420.68,wallet,success,,no_action,False,0.0
PAY000417,CUST00920,2026-04-24,20919.63,netbanking,success,,no_action,False,0.0
PAY000418,CUST00529,2026-06-29,10264.89,netbanking,success,,no_action,False,0.0
PAY000419,CUST00909,2026-04-02,13529.19,card,success,,no_action,False,0.0
PAY000420,CUST00451,2026-05-08,4307.02,card,success,,no_action,False,0.0
PAY000421,CUST00217,2026-03-28,3925.96,upi,success,,no_action,False,0.0
PAY000422,CUST00677,2026-06-29,5912.59,netbanking,success,,no_action,False,0.0
PAY000423,CUST00692,2026-08-10,12074.6,upi,success,,no_action,False,0.0
PAY000424,CUST00854,2026-07-22,10390.3,upi,success,,no_action,False,0.0
PAY000425,CUST00607,2026-04-04,4196.0,card,success,,no_action,False,0.0
PAY000426,CUST00058,2026-06-09,4325.27,upi,success,,no_action,False,0.0
PAY000427,CUST00614,2026-05-09,24237.24,card,failed,timeout,retry,True,24237.24
PAY000428,CUST00970,2026-06-26,2326.56,wallet,success,,no_action,False,0.0
PAY000429,CUST00889,2026-07-25,10655.74,wallet,success,,no_action,False,0.0
PAY000430,CUST00841,2026-08-20,19233.75,netbanking,success,,no_action,False,0.0
PAY000431,CUST00351,2026-06-04,23074.33,card,success,,no_action,False,0.0
PAY000432,CUST00136,2026-07-09,25132.5,card,success,,no_action,False,0.0
PAY000433,CUST00881,2026-04-12,7731.43,upi,success,,no_action,False,0.0
PAY000434,CUST00488,2026-03-28,5741.24,card,failed,authentication_failed,reminder,True,5741.24
PAY000435,CUST00096,2026-07-09,13844.56,card,failed,timeout,retry,True,13844.56
PAY000436,CUST00431,2026-08-23,9726.44,netbanking,success,,no_action,False,0.0
PAY000437,CUST00543,2026-08-23,10838.12,wallet,failed,network_error,retry,True,10838.12
PAY000438,CUST00590,2026-04-26,2623.38,upi,success,,no_action,False,0.0
PAY000439,CUST00932,2026-02-27,4009.32,wallet,success,,no_action,False,0.0
PAY000440,CUST00727,2026-06-02,18642.41,card,failed,insufficient_funds,payment_link,False,0.0
PAY000441,CUST00671,2026-03-25,5294.38,netbanking,success,,no_action,False,0.0
PAY000442,CUST00159,2026-07-13,10766.58,netbanking,success,,no_action,False,0.0
PAY000443,CUST00434,2026-06-11,14203.82,netbanking,failed,network_error,reminder,True,14203.82
PAY000444,CUST00566,2026-07-19,3380.55,wallet,success,,no_action,False,0.0
PAY000445,CUST00569,2026-08-13,1394.86,netbanking,failed,network_error,retry,True,1394.86
PAY000446,CUST00122,2026-07-06,18745.79,wallet,failed,card_declined,reminder,True,18745.79
PAY000447,CUST00411,2026-08-07,19694.81,card,success,,no_action,False,0.0
PAY000448,CUST00006,2026-06-17,9164.94,card,failed,network_error,reminder,False,0.0
PAY000449,CUST00091,2026-07-31,1789.2,upi,success,,no_action,False,0.0
PAY000450,CUST00039,2026-07-09,2108.33,wallet,success,,no_action,False,0.0
PAY000451,CUST00294,2026-06-18,5414.43,card,failed,card_declined,reminder,True,5414.43
PAY000452,CUST00011,2026-07-29,5202.34,netbanking,success,,no_action,False,0.0
PAY000453,CUST00523,2026-05-29,1915.69,upi,success,,no_action,False,0.0
PAY000454,CUST00245,2026-06-08,20771.28,card,failed,insufficient_funds,reminder,False,0.0
PAY000455,CUST00362,2026-07-08,16807.62,wallet,success,,no_action,False,0.0
PAY000456,CUST00016,2026-07-19,18475.75,card,failed,authentication_failed,payment_link,True,18475.75
PAY000457,CUST00937,2026-04-16,14656.72,netbanking,failed,expired_card,reminder,True,14656.72
PAY000458,CUST00466,2026-07-05,32197.54,netbanking,success,,no_action,False,0.0
PAY000459,CUST00110,2026-05-24,5415.15,card,success,,no_action,False,0.0
PAY000460,CUST00970,2026-07-23,2947.82,netbanking,success,,no_action,False,0.0
PAY000461,CUST00257,2026-04-29,17415.96,wallet,success,,no_action,False,0.0
PAY000462,CUST00776,2026-07-26,13009.25,netbanking,failed,network_error,retry,True,13009.25
PAY000463,CUST00883,2026-04-23,23460.95,card,success,,no_action,False,0.0
PAY000464,CUST00694,2026-05-27,17589.17,netbanking,success,,no_action,False,0.0
PAY000465,CUST00529,2026-05-04,10526.72,card,success,,no_action,False,0.0
PAY000466,CUST00255,2026-04-12,7324.78,wallet,failed,expired_card,payment_link,True,7324.78
PAY000467,CUST00488,2026-08-19,6126.88,netbanking,success,,no_action,False,0.0
PAY000468,CUST00953,2026-04-27,22766.2,wallet,success,,no_action,False,0.0
PAY000469,CUST00754,2026-04-18,6203.0,netbanking,success,,no_action,False,0.0
PAY000470,CUST00855,2026-03-25,25390.83,upi,failed,expired_card,reminder,True,25390.83
PAY000471,CUST00123,2026-07-14,23020.67,wallet,success,,no_action,False,0.0
PAY000472,CUST00981,2026-05-17,1248.13,wallet,success,,no_action,False,0.0
PAY000473,CUST00505,2026-07-06,5715.15,netbanking,success,,no_action,False,0.0
PAY000474,CUST00287,2026-06-14,10067.41,upi,success,,no_action,False,0.0
PAY000475,CUST00490,2026-06-06,23503.43,card,success,,no_action,False,0.0
PAY000476,CUST00882,2026-03-28,5352.91,upi,success,,no_action,False,0.0
PAY000477,CUST00716,2026-03-01,13051.49,netbanking,success,,no_action,False,0.0
PAY000478,CUST00691,2026-08-01,5426.66,card,success,,no_action,False,0.0
PAY000479,CUST00883,2026-08-01,21451.83,upi,success,,no_action,False,0.0
PAY000480,CUST00352,2026-06-14,28192.83,netbanking,success,,no_action,False,0.0
PAY000481,CUST00216,2026-06-08,10593.5,netbanking,success,,no_action,False,0.0
PAY000482,CUST00287,2026-05-06,6322.78,upi,success,,no_action,False,0.0
PAY000483,CUST00824,2026-04-05,6047.97,wallet,failed,card_declined,reminder,True,6047.97
PAY000484,CUST00485,2026-04-01,20180.58,upi,success,,no_action,False,0.0
PAY000485,CUST00915,2026-05-13,15501.82,netbanking,success,,no_action,False,0.0
PAY000486,CUST00257,2026-04-08,11157.41,wallet,success,,no_action,False,0.0
PAY000487,CUST00062,2026-08-06,5543.59,netbanking,success,,no_action,False,0.0
PAY000488,CUST00099,2026-05-29,11356.4,netbanking,success,,no_action,False,0.0
PAY000489,CUST00574,2026-06-11,14025.79,netbanking,success,,no_action,False,0.0
PAY000490,CUST00125,2026-08-11,8907.04,upi,success,,no_action,False,0.0
PAY000491,CUST00665,2026-08-17,13553.27,netbanking,success,,no_action,False,0.0
PAY000492,CUST00523,2026-06-20,1858.2,wallet,success,,no_action,False,0.0
PAY000493,CUST00911,2026-04-04,2144.51,netbanking,success,,no_action,False,0.0
PAY000494,CUST00890,2026-08-01,4355.87,netbanking,success,,no_action,False,0.0
PAY000495,CUST00586,2026-04-25,4202.22,card,success,,no_action,False,0.0
PAY000496,CUST00322,2026-07-30,8058.58,netbanking,success,,no_action,False,0.0
PAY000497,CUST00661,2026-05-29,10007.29,wallet,success,,no_action,False,0.0
PAY000498,CUST00766,2026-04-14,14755.61,wallet,success,,no_action,False,0.0
PAY000499,CUST00875,2026-03-18,772.91,upi,failed,timeout,reminder,True,772.91
PAY000500,CUST00216,2026-03-22,14495.66,upi,success,,no_action,False,0.0
PAY000501,CUST00066,2026-03-04,23432.48,wallet,success,,no_action,False,0.0
PAY000502,CUST00790,2026-08-03,13345.13,card,success,,no_action,False,0.0
PAY000503,CUST00160,2026-04-30,2290.92,wallet,success,,no_action,False,0.0
PAY000504,CUST00756,2026-04-10,7247.55,upi,success,,no_action,False,0.0
PAY000505,CUST00030,2026-06-25,1071.84,netbanking,failed,expired_card,reminder,False,0.0
PAY000506,CUST00999,2026-04-01,21798.28,netbanking,success,,no_action,False,0.0
PAY000507,CUST00993,2026-06-22,5656.47,upi,success,,no_action,False,0.0
PAY000508,CUST00647,2026-08-08,18773.01,wallet,success,,no_action,False,0.0
PAY000509,CUST00547,2026-06-19,314.17,upi,success,,no_action,False,0.0
PAY000510,CUST00316,2026-04-06,24734.84,netbanking,success,,no_action,False,0.0
PAY000511,CUST00311,2026-06-26,32655.32,upi,success,,no_action,False,0.0
PAY000512,CUST00548,2026-06-16,406.26,wallet,failed,network_error,reminder,True,406.26
PAY000513,CUST00818,2026-07-16,7464.48,upi,success,,no_action,False,0.0
PAY000514,CUST00383,2026-04-08,4876.56,wallet,success,,no_action,False,0.0
PAY000515,CUST00733,2026-06-14,18480.52,wallet,failed,card_declined,payment_link,True,18480.52
PAY000516,CUST00641,2026-07-12,6141.13,netbanking,success,,no_action,False,0.0
PAY000517,CUST00829,2026-03-15,3476.18,netbanking,success,,no_action,False,0.0
PAY000518,CUST00187,2026-08-03,3588.28,card,success,,no_action,False,0.0
PAY000519,CUST00464,2026-03-02,6948.93,wallet,success,,no_action,False,0.0
PAY000520,CUST00156,2026-03-24,1430.88,card,success,,no_action,False,0.0
PAY000521,CUST00289,2026-04-26,6876.04,wallet,success,,no_action,False,0.0
PAY000522,CUST00093,2026-06-13,3936.96,wallet,success,,no_action,False,0.0
PAY000523,CUST00320,2026-03-06,3663.98,netbanking,success,,no_action,False,0.0
PAY000524,CUST00339,2026-04-04,10659.4,card,success,,no_action,False,0.0
PAY000525,CUST00058,2026-05-01,4191.19,wallet,success,,no_action,False,0.0
PAY000526,CUST00837,2026-03-29,25554.46,wallet,success,,no_action,False,0.0
PAY000527,CUST00998,2026-03-06,15326.81,wallet,success,,no_action,False,0.0
PAY000528,CUST00204,2026-04-20,11628.7,card,success,,no_action,False,0.0
PAY000529,CUST00485,2026-05-16,15629.11,wallet,success,,no_action,False,0.0
PAY000530,CUST00959,2026-05-01,8211.97,card,failed,authentication_failed,reminder,True,8211.97
PAY000531,CUST00493,2026-03-11,16035.3,upi,success,,no_action,False,0.0
PAY000532,CUST00885,2026-06-17,16734.03,card,success,,no_action,False,0.0
PAY000533,CUST00333,2026-06-07,573.68,netbanking,success,,no_action,False,0.0
PAY000534,CUST00809,2026-08-21,6228.62,card,success,,no_action,False,0.0
PAY000535,CUST00487,2026-03-20,17272.48,upi,success,,no_action,False,0.0
PAY000536,CUST00255,2026-05-28,7852.01,netbanking,failed,timeout,reminder,True,7852.01
PAY000537,CUST00661,2026-03-25,11106.84,upi,success,,no_action,False,0.0
PAY000538,CUST00129,2026-06-18,12298.5,netbanking,failed,timeout,reminder,False,0.0
PAY000539,CUST00751,2026-04-01,4985.54,wallet,success,,no_action,False,0.0
PAY000540,CUST00257,2026-07-14,18258.53,wallet,success,,no_action,False,0.0
PAY000541,CUST00714,2026-05-19,12354.28,upi,success,,no_action,False,0.0
PAY000542,CUST00750,2026-04-06,11816.19,upi,success,,no_action,False,0.0
PAY000543,CUST00461,2026-07-14,9340.97,netbanking,success,,no_action,False,0.0
PAY000544,CUST00376,2026-05-30,11461.16,wallet,failed,insufficient_funds,reminder,True,11461.16
PAY000545,CUST00795,2026-07-13,14685.99,card,success,,no_action,False,0.0
PAY000546,CUST00839,2026-08-19,10780.2,wallet,success,,no_action,False,0.0
PAY000547,CUST00510,2026-08-09,24641.01,netbanking,success,,no_action,False,0.0
PAY000548,CUST00330,2026-03-31,2939.51,card,success,,no_action,False,0.0
PAY000549,CUST00183,2026-04-16,21862.62,upi,success,,no_action,False,0.0
PAY000550,CUST00102,2026-07-10,989.07,wallet,success,,no_action,False,0.0
PAY000551,CUST00639,2026-04-23,17592.59,netbanking,success,,no_action,False,0.0
PAY000552,CUST00621,2026-04-20,14541.7,card,success,,no_action,False,0.0
PAY000553,CUST00672,2026-08-08,12386.86,card,success,,no_action,False,0.0
PAY000554,CUST00063,2026-08-02,9557.33,wallet,failed,timeout,reminder,True,9557.33
PAY000555,CUST00273,2026-04-22,18533.77,card,failed,expired_card,payment_link,True,18533.77
PAY000556,CUST00984,2026-07-12,13083.23,card,success,,no_action,False,0.0
PAY000557,CUST00395,2026-04-12,4415.75,upi,success,,no_action,False,0.0
PAY000558,CUST00572,2026-08-17,24491.14,wallet,failed,timeout,retry,True,24491.14
PAY000559,CUST00470,2026-04-09,17623.25,wallet,success,,no_action,False,0.0
PAY000560,CUST00812,2026-07-12,1271.66,netbanking,success,,no_action,False,0.0
PAY000561,CUST00615,2026-05-20,13843.22,wallet,failed,expired_card,reminder,True,13843.22
PAY000562,CUST00866,2026-07-20,7841.21,wallet,failed,expired_card,payment_link,True,7841.21
PAY000563,CUST00559,2026-06-21,5505.42,netbanking,success,,no_action,False,0.0
PAY000564,CUST00459,2026-05-09,24003.65,card,success,,no_action,False,0.0
PAY000565,CUST00611,2026-04-23,604.3,upi,failed,expired_card,payment_link,True,604.3
PAY000566,CUST00220,2026-08-21,7254.83,netbanking,success,,no_action,False,0.0
PAY000567,CUST00843,2026-06-23,7043.74,upi,success,,no_action,False,0.0
PAY000568,CUST00365,2026-07-25,4071.46,netbanking,success,,no_action,False,0.0
PAY000569,CUST00256,2026-07-21,2201.88,card,success,,no_action,False,0.0
PAY000570,CUST00940,2026-06-29,31441.17,upi,failed,timeout,reminder,True,31441.17
PAY000571,CUST00178,2026-05-13,8528.87,card,success,,no_action,False,0.0
PAY000572,CUST00039,2026-03-12,2345.3,wallet,success,,no_action,False,0.0
PAY000573,CUST00944,2026-06-17,19318.36,netbanking,success,,no_action,False,0.0
PAY000574,CUST00427,2026-08-07,26067.96,upi,failed,authentication_failed,reminder,False,0.0
PAY000575,CUST00797,2026-03-08,15878.4,card,success,,no_action,False,0.0
PAY000576,CUST00327,2026-08-23,13590.26,upi,success,,no_action,False,0.0
PAY000577,CUST00227,2026-03-21,3999.3,wallet,failed,authentication_failed,payment_link,True,3999.3
PAY000578,CUST00228,2026-05-23,10912.0,wallet,success,,no_action,False,0.0
PAY000579,CUST00085,2026-05-04,12001.2,card,success,,no_action,False,0.0
PAY000580,CUST00088,2026-03-31,10083.47,wallet,success,,no_action,False,0.0
PAY000581,CUST00781,2026-08-11,3544.79,upi,success,,no_action,False,0.0
PAY000582,CUST00586,2026-07-10,7011.94,upi,success,,no_action,False,0.0
PAY000583,CUST00253,2026-07-23,6209.41,netbanking,failed,expired_card,payment_link,False,0.0
PAY000584,CUST00092,2026-05-26,2990.74,wallet,success,,no_action,False,0.0
PAY000585,CUST00196,2026-04-10,8154.31,card,success,,no_action,False,0.0
PAY000586,CUST00359,2026-04-26,2104.22,wallet,failed,network_error,reminder,True,2104.22
PAY000587,CUST00205,2026-03-19,5995.76,netbanking,success,,no_action,False,0.0
PAY000588,CUST00116,2026-08-22,12228.0,upi,failed,expired_card,payment_link,True,12228.0
PAY000589,CUST00824,2026-06-26,4696.85,card,success,,no_action,False,0.0
PAY000590,CUST00024,2026-07-09,8430.54,upi,success,,no_action,False,0.0
PAY000591,CUST00769,2026-04-03,6614.72,wallet,success,,no_action,False,0.0
PAY000592,CUST00712,2026-08-14,17529.13,card,success,,no_action,False,0.0
PAY000593,CUST00540,2026-04-18,1278.35,upi,success,,no_action,False,0.0
PAY000594,CUST00809,2026-02-28,5738.49,wallet,success,,no_action,False,0.0
PAY000595,CUST00069,2026-03-25,9838.4,netbanking,failed,timeout,reminder,True,9838.4
PAY000596,CUST00020,2026-08-11,4543.28,netbanking,success,,no_action,False,0.0
PAY000597,CUST00396,2026-06-30,1480.97,card,success,,no_action,False,0.0
PAY000598,CUST00888,2026-07-04,15008.24,card,success,,no_action,False,0.0
PAY000599,CUST00990,2026-07-11,11558.06,card,success,,no_action,False,0.0
PAY000600,CUST00313,2026-03-02,8472.53,wallet,success,,no_action,False,0.0
PAY000601,CUST00356,2026-04-27,17170.92,netbanking,success,,no_action,False,0.0
PAY000602,CUST00514,2026-03-05,7041.78,card,failed,network_error,reminder,False,0.0
PAY000603,CUST00967,2026-05-24,22195.63,netbanking,success,,no_action,False,0.0
PAY000604,CUST00919,2026-06-03,9942.6,upi,success,,no_action,False,0.0
PAY000605,CUST00534,2026-07-22,2647.99,upi,success,,no_action,False,0.0
PAY000606,CUST00157,2026-03-31,10776.33,netbanking,failed,expired_card,reminder,True,10776.33
PAY000607,CUST00212,2026-08-20,11723.52,upi,success,,no_action,False,0.0
PAY000608,CUST00820,2026-08-25,5217.29,upi,success,,no_action,False,0.0
PAY000609,CUST00921,2026-04-04,13190.38,upi,success,,no_action,False,0.0
PAY000610,CUST00672,2026-07-12,19956.6,netbanking,success,,no_action,False,0.0
PAY000611,CUST00972,2026-04-04,16012.15,card,success,,no_action,False,0.0
PAY000612,CUST00745,2026-05-14,931.19,netbanking,failed,network_error,retry,False,0.0
PAY000613,CUST00454,2026-04-15,18691.12,netbanking,success,,no_action,False,0.0
PAY000614,CUST00110,2026-08-01,6239.9,netbanking,success,,no_action,False,0.0
PAY000615,CUST00237,2026-03-04,1981.48,upi,success,,no_action,False,0.0
PAY000616,CUST00368,2026-07-30,11445.13,upi,success,,no_action,False,0.0
PAY000617,CUST00481,2026-06-05,17858.07,netbanking,success,,no_action,False,0.0
PAY000618,CUST00504,2026-03-06,11951.4,upi,success,,no_action,False,0.0
PAY000619,CUST00419,2026-08-16,19160.56,card,failed,network_error,retry,True,19160.56
PAY000620,CUST00208,2026-06-18,18992.86,card,success,,no_action,False,0.0
PAY000621,CUST00888,2026-06-23,18759.22,wallet,success,,no_action,False,0.0
PAY000622,CUST00909,2026-06-03,13978.52,card,success,,no_action,False,0.0
PAY000623,CUST00738,2026-06-21,7959.86,card,success,,no_action,False,0.0
PAY000624,CUST00468,2026-06-07,20709.85,card,failed,card_declined,reminder,True,20709.85
PAY000625,CUST00753,2026-08-06,1173.44,wallet,success,,no_action,False,0.0
PAY000626,CUST00986,2026-06-18,24268.81,card,success,,no_action,False,0.0
PAY000627,CUST00408,2026-06-14,22133.06,netbanking,success,,no_action,False,0.0
PAY000628,CUST00302,2026-04-03,15405.73,card,success,,no_action,False,0.0
PAY000629,CUST00475,2026-07-25,22416.88,card,success,,no_action,False,0.0
PAY000630,CUST00961,2026-05-19,22379.33,upi,success,,no_action,False,0.0
PAY000631,CUST00462,2026-04-18,817.82,wallet,success,,no_action,False,0.0
PAY000632,CUST00904,2026-08-11,11476.14,netbanking,success,,no_action,False,0.0
PAY000633,CUST00929,2026-03-29,17844.45,upi,success,,no_action,False,0.0
PAY000634,CUST00094,2026-03-19,3031.29,wallet,success,,no_action,False,0.0
PAY000635,CUST00537,2026-07-06,2770.36,wallet,success,,no_action,False,0.0
PAY000636,CUST00627,2026-03-09,23753.9,wallet,success,,no_action,False,0.0
PAY000637,CUST00787,2026-08-13,4437.95,netbanking,success,,no_action,False,0.0
PAY000638,CUST00884,2026-03-11,3922.23,upi,success,,no_action,False,0.0
PAY000639,CUST00430,2026-04-13,7839.94,wallet,success,,no_action,False,0.0
PAY000640,CUST00121,2026-05-01,11629.53,card,success,,no_action,False,0.0
PAY000641,CUST00013,2026-02-27,11574.34,wallet,success,,no_action,False,0.0
PAY000642,CUST00623,2026-08-13,22091.03,upi,success,,no_action,False,0.0
PAY000643,CUST00488,2026-03-18,3546.59,wallet,success,,no_action,False,0.0
PAY000644,CUST00616,2026-07-18,15082.53,upi,failed,expired_card,reminder,True,15082.53
PAY000645,CUST00840,2026-03-12,20666.26,card,success,,no_action,False,0.0
PAY000646,CUST00669,2026-07-30,8855.69,upi,failed,timeout,retry,True,8855.69
PAY000647,CUST00306,2026-06-12,8411.55,card,success,,no_action,False,0.0
PAY000648,CUST00183,2026-03-07,24699.46,upi,failed,timeout,retry,True,24699.46
PAY000649,CUST00096,2026-06-03,18292.78,netbanking,success,,no_action,False,0.0
PAY000650,CUST00840,2026-04-01,26629.75,card,success,,no_action,False,0.0
PAY000651,CUST00125,2026-06-11,10070.78,netbanking,success,,no_action,False,0.0
PAY000652,CUST00538,2026-03-25,5404.17,upi,success,,no_action,False,0.0
PAY000653,CUST00586,2026-08-21,6978.96,card,success,,no_action,False,0.0
PAY000654,CUST00620,2026-05-18,9417.32,netbanking,success,,no_action,False,0.0
PAY000655,CUST00266,2026-07-09,13229.7,netbanking,failed,authentication_failed,reminder,True,13229.7
PAY000656,CUST00747,2026-08-01,15870.07,wallet,success,,no_action,False,0.0
PAY000657,CUST00239,2026-06-25,19121.21,card,success,,no_action,False,0.0
PAY000658,CUST00641,2026-06-12,1184.56,card,failed,card_declined,payment_link,False,0.0
PAY000659,CUST00424,2026-08-08,1328.21,netbanking,success,,no_action,False,0.0
PAY000660,CUST00218,2026-05-02,480.17,upi,success,,no_action,False,0.0
PAY000661,CUST00810,2026-05-24,30419.34,netbanking,failed,insufficient_funds,payment_link,False,0.0
PAY000662,CUST00406,2026-05-23,16277.49,card,failed,card_declined,reminder,True,16277.49
PAY000663,CUST00945,2026-08-10,16877.33,wallet,success,,no_action,False,0.0
PAY000664,CUST00140,2026-06-11,12896.64,netbanking,success,,no_action,False,0.0
PAY000665,CUST00951,2026-08-18,18616.1,netbanking,success,,no_action,False,0.0
PAY000666,CUST00324,2026-08-20,13968.39,card,success,,no_action,False,0.0
PAY000667,CUST00340,2026-04-05,5073.36,netbanking,success,,no_action,False,0.0
PAY000668,CUST00288,2026-04-09,21050.33,netbanking,failed,timeout,reminder,True,21050.33
PAY000669,CUST00585,2026-05-17,15221.09,upi,failed,expired_card,payment_link,False,0.0
PAY000670,CUST00727,2026-05-14,24309.54,wallet,failed,expired_card,payment_link,True,24309.54
PAY000671,CUST00222,2026-03-07,13222.49,upi,success,,no_action,False,0.0
PAY000672,CUST00797,2026-06-29,16850.46,upi,failed,network_error,reminder,True,16850.46
PAY000673,CUST00927,2026-05-20,19902.49,wallet,failed,authentication_failed,reminder,True,19902.49
PAY000674,CUST00147,2026-03-31,24643.61,card,failed,authentication_failed,payment_link,True,24643.61
PAY000675,CUST00211,2026-07-09,18169.35,wallet,success,,no_action,False,0.0
PAY000676,CUST00119,2026-07-28,301.92,card,success,,no_action,False,0.0
PAY000677,CUST00893,2026-08-13,2359.48,wallet,failed,insufficient_funds,reminder,True,2359.48
PAY000678,CUST00764,2026-04-20,7949.52,netbanking,success,,no_action,False,0.0
PAY000679,CUST00329,2026-05-18,5173.78,netbanking,success,,no_action,False,0.0
PAY000680,CUST00792,2026-03-27,2366.91,upi,success,,no_action,False,0.0
PAY000681,CUST00016,2026-05-26,19478.54,card,success,,no_action,False,0.0
PAY000682,CUST00563,2026-04-10,11978.25,netbanking,success,,no_action,False,0.0
PAY000683,CUST00073,2026-05-23,5879.12,netbanking,success,,no_action,False,0.0
PAY000684,CUST00554,2026-08-17,11202.46,upi,success,,no_action,False,0.0
PAY000685,CUST00052,2026-08-25,4708.77,wallet,success,,no_action,False,0.0
PAY000686,CUST00611,2026-05-16,645.37,wallet,success,,no_action,False,0.0
PAY000687,CUST00341,2026-03-21,20472.56,card,failed,network_error,retry,True,20472.56
PAY000688,CUST00833,2026-05-16,20098.29,wallet,success,,no_action,False,0.0
PAY000689,CUST00701,2026-04-24,15858.79,wallet,success,,no_action,False,0.0
PAY000690,CUST00148,2026-08-15,4531.09,netbanking,failed,network_error,retry,True,4531.09
PAY000691,CUST00339,2026-03-14,15462.8,wallet,success,,no_action,False,0.0
PAY000692,CUST00487,2026-06-24,6867.83,card,success,,no_action,False,0.0
PAY000693,CUST00867,2026-03-30,4435.88,netbanking,success,,no_action,False,0.0
PAY000694,CUST00521,2026-08-11,2752.72,card,success,,no_action,False,0.0
PAY000695,CUST00073,2026-04-28,5889.17,wallet,success,,no_action,False,0.0
PAY000696,CUST00636,2026-04-20,6243.54,upi,failed,network_error,retry,True,6243.54
PAY000697,CUST00834,2026-06-17,17412.68,wallet,success,,no_action,False,0.0
PAY000698,CUST00581,2026-08-16,19725.7,upi,success,,no_action,False,0.0
PAY000699,CUST00080,2026-07-28,18536.3,wallet,success,,no_action,False,0.0
PAY000700,CUST00475,2026-06-19,13429.26,netbanking,success,,no_action,False,0.0
PAY000701,CUST00181,2026-03-25,7839.29,wallet,success,,no_action,False,0.0
PAY000702,CUST00702,2026-08-10,11588.87,wallet,success,,no_action,False,0.0
PAY000703,CUST00677,2026-04-02,3109.04,card,success,,no_action,False,0.0
PAY000704,CUST00909,2026-07-12,7799.56,card,failed,timeout,retry,True,7799.56
PAY000705,CUST00299,2026-06-20,8003.17,wallet,success,,no_action,False,0.0
PAY000706,CUST00201,2026-08-18,5300.41,netbanking,success,,no_action,False,0.0
PAY000707,CUST00312,2026-07-06,777.41,netbanking,failed,authentication_failed,payment_link,True,777.41
PAY000708,CUST00414,2026-07-16,1623.75,upi,failed,insufficient_funds,payment_link,True,1623.75
PAY000709,CUST00992,2026-05-09,1517.56,netbanking,success,,no_action,False,0.0
PAY000710,CUST00887,2026-06-03,973.38,wallet,failed,network_error,retry,True,973.38
PAY000711,CUST00416,2026-06-27,9662.81,upi,success,,no_action,False,0.0
PAY000712,CUST00143,2026-04-06,4868.03,wallet,failed,expired_card,reminder,False,0.0
PAY000713,CUST00296,2026-08-10,5322.93,upi,success,,no_action,False,0.0
PAY000714,CUST00017,2026-06-30,23872.74,upi,success,,no_action,False,0.0
PAY000715,CUST00674,2026-06-12,2644.96,card,success,,no_action,False,0.0
PAY000716,CUST00881,2026-06-14,9012.34,wallet,failed,timeout,retry,True,9012.34
PAY000717,CUST00639,2026-04-24,20281.72,wallet,success,,no_action,False,0.0
PAY000718,CUST00191,2026-07-23,16241.82,wallet,success,,no_action,False,0.0
PAY000719,CUST00511,2026-07-15,21200.74,upi,failed,expired_card,reminder,True,21200.74
PAY000720,CUST00591,2026-08-25,9300.86,card,success,,no_action,False,0.0
PAY000721,CUST00378,2026-03-18,3006.48,wallet,success,,no_action,False,0.0
PAY000722,CUST00146,2026-03-18,18308.6,netbanking,success,,no_action,False,0.0
PAY000723,CUST00536,2026-08-14,18985.48,wallet,success,,no_action,False,0.0
PAY000724,CUST00984,2026-07-14,12005.83,card,success,,no_action,False,0.0
PAY000725,CUST00818,2026-02-28,4756.91,netbanking,success,,no_action,False,0.0
PAY000726,CUST00481,2026-06-26,14316.64,wallet,success,,no_action,False,0.0
PAY000727,CUST00588,2026-05-12,18398.6,wallet,success,,no_action,False,0.0
PAY000728,CUST00297,2026-08-06,4354.2,netbanking,failed,authentication_failed,reminder,True,4354.2
PAY000729,CUST00485,2026-06-30,11726.29,netbanking,failed,authentication_failed,payment_link,True,11726.29
PAY000730,CUST00085,2026-05-08,9787.07,upi,success,,no_action,False,0.0
PAY000731,CUST00259,2026-05-02,3486.96,netbanking,success,,no_action,False,0.0
PAY000732,CUST00015,2026-04-05,18587.44,upi,success,,no_action,False,0.0
PAY000733,CUST00675,2026-08-24,11277.0,upi,success,,no_action,False,0.0
PAY000734,CUST00242,2026-03-19,12225.98,card,success,,no_action,False,0.0
PAY000735,CUST00991,2026-04-27,3797.74,upi,failed,network_error,reminder,False,0.0
PAY000736,CUST00677,2026-05-25,2717.37,upi,success,,no_action,False,0.0
PAY000737,CUST00056,2026-03-27,626.13,netbanking,success,,no_action,False,0.0
PAY000738,CUST00054,2026-06-27,4356.49,wallet,success,,no_action,False,0.0
PAY000739,CUST00765,2026-08-25,28280.21,upi,success,,no_action,False,0.0
PAY000740,CUST00400,2026-06-17,11969.82,upi,success,,no_action,False,0.0
PAY000741,CUST00013,2026-06-20,9065.98,netbanking,success,,no_action,False,0.0
PAY000742,CUST00392,2026-07-12,17026.64,card,success,,no_action,False,0.0
PAY000743,CUST00653,2026-05-05,5316.87,netbanking,success,,no_action,False,0.0
PAY000744,CUST00822,2026-08-17,2637.26,wallet,success,,no_action,False,0.0
PAY000745,CUST00768,2026-08-18,6196.56,upi,success,,no_action,False,0.0
PAY000746,CUST00707,2026-08-17,24831.73,netbanking,success,,no_action,False,0.0
PAY000747,CUST00009,2026-03-23,22386.27,card,success,,no_action,False,0.0
PAY000748,CUST00538,2026-05-01,6803.69,upi,success,,no_action,False,0.0
PAY000749,CUST00198,2026-07-28,1044.24,card,success,,no_action,False,0.0
PAY000750,CUST00673,2026-03-28,22370.38,upi,failed,timeout,retry,True,22370.38
PAY000751,CUST00089,2026-08-10,21439.73,upi,success,,no_action,False,0.0
PAY000752,CUST00580,2026-05-12,20119.36,upi,failed,timeout,retry,True,20119.36
PAY000753,CUST00479,2026-08-22,16579.85,card,failed,expired_card,payment_link,False,0.0
PAY000754,CUST00926,2026-03-16,19519.75,netbanking,success,,no_action,False,0.0
PAY000755,CUST00284,2026-05-04,16995.15,netbanking,failed,expired_card,payment_link,False,0.0
PAY000756,CUST00183,2026-04-18,16518.88,wallet,success,,no_action,False,0.0
PAY000757,CUST00625,2026-07-14,9937.33,wallet,success,,no_action,False,0.0
PAY000758,CUST00788,2026-03-06,10895.09,card,failed,timeout,retry,True,10895.09
PAY000759,CUST00075,2026-07-03,10647.12,wallet,success,,no_action,False,0.0
PAY000760,CUST00153,2026-04-05,9219.06,card,failed,timeout,reminder,True,9219.06
PAY000761,CUST00717,2026-07-01,18995.0,card,success,,no_action,False,0.0
PAY000762,CUST00490,2026-03-15,29664.1,wallet,success,,no_action,False,0.0
PAY000763,CUST00554,2026-07-13,11702.95,wallet,success,,no_action,False,0.0
PAY000764,CUST00958,2026-06-08,24791.71,netbanking,success,,no_action,False,0.0
PAY000765,CUST00057,2026-05-24,15880.36,card,success,,no_action,False,0.0
PAY000766,CUST00083,2026-04-12,21061.3,netbanking,success,,no_action,False,0.0
PAY000767,CUST00568,2026-08-23,3240.65,card,failed,timeout,retry,True,3240.65
PAY000768,CUST00400,2026-08-06,16002.66,netbanking,success,,no_action,False,0.0
PAY000769,CUST00449,2026-03-04,18436.04,upi,success,,no_action,False,0.0
PAY000770,CUST00738,2026-03-14,5918.77,upi,success,,no_action,False,0.0
PAY000771,CUST00812,2026-03-12,900.57,wallet,failed,insufficient_funds,reminder,True,900.57
PAY000772,CUST00346,2026-04-21,12880.09,card,success,,no_action,False,0.0
PAY000773,CUST00827,2026-07-24,16415.48,wallet,failed,authentication_failed,payment_link,True,16415.48
PAY000774,CUST00239,2026-03-02,23329.9,upi,success,,no_action,False,0.0
PAY000775,CUST00483,2026-08-11,22698.04,card,success,,no_action,False,0.0
PAY000776,CUST00134,2026-04-10,556.26,card,failed,insufficient_funds,reminder,True,556.26
PAY000777,CUST00856,2026-07-28,14857.85,card,success,,no_action,False,0.0
PAY000778,CUST00819,2026-04-18,20003.1,upi,success,,no_action,False,0.0
PAY000779,CUST00437,2026-08-20,13006.78,wallet,success,,no_action,False,0.0
PAY000780,CUST00590,2026-04-21,3899.92,upi,success,,no_action,False,0.0
PAY000781,CUST00783,2026-03-28,1330.55,upi,success,,no_action,False,0.0
PAY000782,CUST00281,2026-05-31,3702.67,wallet,success,,no_action,False,0.0
PAY000783,CUST00567,2026-08-06,26852.16,card,success,,no_action,False,0.0
PAY000784,CUST00628,2026-06-30,9528.05,upi,success,,no_action,False,0.0
PAY000785,CUST00083,2026-03-20,25125.7,card,success,,no_action,False,0.0
PAY000786,CUST00724,2026-06-27,16363.54,netbanking,success,,no_action,False,0.0
PAY000787,CUST00709,2026-06-11,16242.7,netbanking,success,,no_action,False,0.0
PAY000788,CUST00245,2026-03-07,23505.62,upi,success,,no_action,False,0.0
PAY000789,CUST00611,2026-05-14,725.08,card,success,,no_action,False,0.0
PAY000790,CUST00357,2026-04-27,10470.51,wallet,success,,no_action,False,0.0
PAY000791,CUST00197,2026-07-14,3114.19,card,success,,no_action,False,0.0
PAY000792,CUST00520,2026-04-16,5638.05,upi,success,,no_action,False,0.0
PAY000793,CUST00116,2026-04-07,13992.62,wallet,success,,no_action,False,0.0
PAY000794,CUST00687,2026-05-30,12163.01,card,success,,no_action,False,0.0
PAY000795,CUST00292,2026-06-22,5397.83,netbanking,success,,no_action,False,0.0
PAY000796,CUST00045,2026-03-05,24846.15,upi,success,,no_action,False,0.0
PAY000797,CUST00497,2026-07-24,12969.61,card,failed,timeout,retry,True,12969.61
PAY000798,CUST00334,2026-03-26,10592.84,netbanking,success,,no_action,False,0.0
PAY000799,CUST00334,2026-06-11,11229.23,upi,success,,no_action,False,0.0
PAY000800,CUST00891,2026-07-25,5158.9,upi,success,,no_action,False,0.0
PAY000801,CUST00497,2026-06-01,16892.59,upi,failed,network_error,reminder,True,16892.59
PAY000802,CUST00140,2026-05-06,21138.14,wallet,failed,timeout,reminder,True,21138.14
PAY000803,CUST00208,2026-03-26,18245.01,card,success,,no_action,False,0.0
PAY000804,CUST00873,2026-04-10,3157.78,wallet,success,,no_action,False,0.0
PAY000805,CUST00779,2026-04-10,13019.65,upi,failed,timeout,reminder,False,0.0
PAY000806,CUST00592,2026-07-09,24259.37,upi,success,,no_action,False,0.0
PAY000807,CUST00501,2026-06-24,7244.94,upi,success,,no_action,False,0.0
PAY000808,CUST00286,2026-06-17,18426.51,upi,success,,no_action,False,0.0
PAY000809,CUST00594,2026-02-27,5715.68,upi,success,,no_action,False,0.0
PAY000810,CUST00428,2026-03-06,24508.56,card,failed,timeout,retry,True,24508.56
PAY000811,CUST00436,2026-06-21,13371.82,wallet,failed,timeout,retry,True,13371.82
PAY000812,CUST00508,2026-06-10,6164.69,card,success,,no_action,False,0.0
PAY000813,CUST00973,2026-05-12,2504.3,upi,success,,no_action,False,0.0
PAY000814,CUST00245,2026-04-08,20122.19,wallet,success,,no_action,False,0.0
PAY000815,CUST00721,2026-06-22,2292.46,wallet,failed,timeout,reminder,True,2292.46
PAY000816,CUST00475,2026-05-31,19937.28,wallet,success,,no_action,False,0.0
PAY000817,CUST00642,2026-08-21,11714.54,card,failed,insufficient_funds,reminder,True,11714.54
PAY000818,CUST00341,2026-05-06,8084.2,card,success,,no_action,False,0.0
PAY000819,CUST00715,2026-05-22,23663.17,upi,failed,insufficient_funds,reminder,False,0.0
PAY000820,CUST00754,2026-06-25,8241.07,netbanking,failed,insufficient_funds,payment_link,True,8241.07
PAY000821,CUST00634,2026-07-19,1213.68,netbanking,success,,no_action,False,0.0
PAY000822,CUST00722,2026-04-19,4372.42,card,success,,no_action,False,0.0
PAY000823,CUST00142,2026-08-11,24535.04,upi,success,,no_action,False,0.0
PAY000824,CUST00490,2026-05-05,25528.43,upi,failed,card_declined,reminder,True,25528.43
PAY000825,CUST00516,2026-06-01,17069.62,netbanking,success,,no_action,False,0.0
PAY000826,CUST00354,2026-07-12,11419.78,card,success,,no_action,False,0.0
PAY000827,CUST00695,2026-05-31,20669.4,netbanking,success,,no_action,False,0.0
PAY000828,CUST00820,2026-06-23,2610.71,card,success,,no_action,False,0.0
PAY000829,CUST00090,2026-05-07,15339.85,netbanking,failed,insufficient_funds,reminder,True,15339.85
PAY000830,CUST00115,2026-04-19,17487.64,wallet,success,,no_action,False,0.0
PAY000831,CUST00534,2026-08-19,2971.48,card,success,,no_action,False,0.0
PAY000832,CUST00555,2026-06-19,23306.69,wallet,success,,no_action,False,0.0
PAY000833,CUST00756,2026-04-26,6138.36,card,success,,no_action,False,0.0
PAY000834,CUST00855,2026-05-24,18744.53,netbanking,success,,no_action,False,0.0
PAY000835,CUST00672,2026-07-21,13551.43,wallet,success,,no_action,False,0.0
PAY000836,CUST00136,2026-05-03,19575.77,netbanking,success,,no_action,False,0.0
PAY000837,CUST00233,2026-03-10,12209.23,netbanking,success,,no_action,False,0.0
PAY000838,CUST00152,2026-04-08,2137.59,upi,success,,no_action,False,0.0
PAY000839,CUST00729,2026-08-15,13475.85,upi,failed,timeout,retry,True,13475.85
PAY000840,CUST00814,2026-05-18,4006.42,upi,success,,no_action,False,0.0
PAY000841,CUST00589,2026-04-19,3336.54,netbanking,success,,no_action,False,0.0
PAY000842,CUST00576,2026-07-14,17736.93,netbanking,failed,card_declined,payment_link,True,17736.93
PAY000843,CUST00999,2026-03-29,27551.24,upi,success,,no_action,False,0.0
PAY000844,CUST00943,2026-04-06,818.15,wallet,failed,network_error,retry,False,0.0
PAY000845,CUST00005,2026-05-12,21573.82,netbanking,success,,no_action,False,0.0
PAY000846,CUST00486,2026-06-19,22420.24,upi,failed,timeout,reminder,False,0.0
PAY000847,CUST00347,2026-03-27,17290.85,wallet,failed,card_declined,payment_link,True,17290.85
PAY000848,CUST00316,2026-04-23,20639.02,card,success,,no_action,False,0.0
PAY000849,CUST00457,2026-04-23,8983.73,upi,success,,no_action,False,0.0
PAY000850,CUST00801,2026-03-19,14764.61,netbanking,success,,no_action,False,0.0
PAY000851,CUST00552,2026-05-18,21266.39,card,failed,network_error,retry,True,21266.39
PAY000852,CUST00618,2026-06-15,15205.93,card,failed,expired_card,payment_link,True,15205.93
PAY000853,CUST00379,2026-06-20,4656.07,netbanking,success,,no_action,False,0.0
PAY000854,CUST00896,2026-06-19,14113.62,upi,success,,no_action,False,0.0
PAY000855,CUST00760,2026-06-14,24816.41,wallet,success,,no_action,False,0.0
PAY000856,CUST00747,2026-07-26,16359.28,wallet,success,,no_action,False,0.0
PAY000857,CUST00613,2026-07-10,2334.73,upi,success,,no_action,False,0.0
PAY000858,CUST00344,2026-06-10,1839.67,wallet,success,,no_action,False,0.0
PAY000859,CUST00655,2026-06-24,22877.38,wallet,success,,no_action,False,0.0
PAY000860,CUST00728,2026-06-03,14284.32,upi,success,,no_action,False,0.0
PAY000861,CUST00297,2026-06-24,3992.23,netbanking,failed,expired_card,reminder,True,3992.23
PAY000862,CUST00230,2026-05-13,865.63,card,success,,no_action,False,0.0
PAY000863,CUST00979,2026-08-15,15163.71,wallet,success,,no_action,False,0.0
PAY000864,CUST00915,2026-05-07,13765.61,upi,success,,no_action,False,0.0
PAY000865,CUST00505,2026-05-29,5641.33,card,success,,no_action,False,0.0
PAY000866,CUST00596,2026-08-22,12116.05,wallet,failed,timeout,retry,True,12116.05
PAY000867,CUST00838,2026-04-04,3165.68,card,failed,card_declined,reminder,True,3165.68
PAY000868,CUST00328,2026-03-11,11633.89,upi,success,,no_action,False,0.0
PAY000869,CUST00280,2026-05-11,9156.85,netbanking,success,,no_action,False,0.0
PAY000870,CUST00543,2026-07-29,10002.81,upi,failed,card_declined,reminder,False,0.0
PAY000871,CUST00771,2026-05-17,15866.45,upi,success,,no_action,False,0.0
PAY000872,CUST00847,2026-07-12,23023.2,netbanking,failed,timeout,reminder,True,23023.2
PAY000873,CUST00594,2026-03-01,3171.69,netbanking,success,,no_action,False,0.0
PAY000874,CUST00141,2026-04-08,17665.1,wallet,success,,no_action,False,0.0
PAY000875,CUST00105,2026-04-23,3371.04,upi,success,,no_action,False,0.0
PAY000876,CUST00852,2026-03-17,21578.44,card,success,,no_action,False,0.0
PAY000877,CUST00120,2026-05-16,20507.35,card,success,,no_action,False,0.0
PAY000878,CUST00708,2026-06-19,9701.01,netbanking,success,,no_action,False,0.0
PAY000879,CUST00912,2026-05-14,24692.03,netbanking,success,,no_action,False,0.0
PAY000880,CUST00030,2026-05-15,1066.22,upi,failed,card_declined,payment_link,False,0.0
PAY000881,CUST00129,2026-03-18,10445.72,upi,success,,no_action,False,0.0
PAY000882,CUST00436,2026-06-29,10819.96,card,success,,no_action,False,0.0
PAY000883,CUST00776,2026-03-25,5997.25,wallet,success,,no_action,False,0.0
PAY000884,CUST00034,2026-05-01,5169.45,card,success,,no_action,False,0.0
PAY000885,CUST00045,2026-02-28,15636.79,card,success,,no_action,False,0.0
PAY000886,CUST00773,2026-04-18,2593.29,card,failed,card_declined,reminder,True,2593.29
PAY000887,CUST00190,2026-05-08,16830.9,card,success,,no_action,False,0.0
PAY000888,CUST00972,2026-03-15,15119.2,upi,success,,no_action,False,0.0
PAY000889,CUST00102,2026-04-16,856.24,card,success,,no_action,False,0.0
PAY000890,CUST00988,2026-07-05,16824.36,card,failed,insufficient_funds,payment_link,False,0.0
PAY000891,CUST00872,2026-07-26,5651.28,wallet,success,,no_action,False,0.0
PAY000892,CUST00190,2026-07-07,5030.82,upi,failed,network_error,retry,True,5030.82
PAY000893,CUST00234,2026-03-26,10307.93,netbanking,success,,no_action,False,0.0
PAY000894,CUST00533,2026-05-29,14791.51,upi,success,,no_action,False,0.0
PAY000895,CUST00722,2026-03-27,4211.45,card,success,,no_action,False,0.0
PAY000896,CUST00395,2026-05-16,6086.9,netbanking,success,,no_action,False,0.0
PAY000897,CUST00704,2026-06-10,24409.24,wallet,success,,no_action,False,0.0
PAY000898,CUST00298,2026-03-15,24627.07,wallet,success,,no_action,False,0.0
PAY000899,CUST00917,2026-08-17,15752.91,netbanking,success,,no_action,False,0.0
PAY000900,CUST00504,2026-07-09,8525.95,card,success,,no_action,False,0.0
PAY000901,CUST00675,2026-07-27,10517.63,wallet,success,,no_action,False,0.0
PAY000902,CUST00105,2026-04-17,2964.59,upi,success,,no_action,False,0.0
PAY000903,CUST00347,2026-06-14,20365.17,wallet,success,,no_action,False,0.0
PAY000904,CUST00743,2026-05-28,12577.93,netbanking,failed,timeout,retry,False,0.0
PAY000905,CUST00488,2026-06-22,8924.46,wallet,failed,authentication_failed,reminder,True,8924.46
PAY000906,CUST00111,2026-08-05,3230.31,wallet,success,,no_action,False,0.0
PAY000907,CUST00966,2026-03-15,3538.29,card,success,,no_action,False,0.0
PAY000908,CUST00511,2026-05-20,13773.82,wallet,success,,no_action,False,0.0
PAY000909,CUST00157,2026-03-22,2995.36,netbanking,success,,no_action,False,0.0
PAY000910,CUST00779,2026-07-03,23795.91,wallet,failed,card_declined,payment_link,True,23795.91
PAY000911,CUST00503,2026-07-14,1405.82,netbanking,success,,no_action,False,0.0
PAY000912,CUST00560,2026-05-17,8467.1,wallet,failed,insufficient_funds,reminder,True,8467.1
PAY000913,CUST00874,2026-04-12,9533.15,wallet,success,,no_action,False,0.0
PAY000914,CUST00571,2026-04-01,14097.5,netbanking,failed,card_declined,payment_link,True,14097.5
PAY000915,CUST00320,2026-07-01,3269.02,card,success,,no_action,False,0.0
PAY000916,CUST00676,2026-04-07,5445.66,wallet,success,,no_action,False,0.0
PAY000917,CUST00519,2026-06-02,1582.28,netbanking,success,,no_action,False,0.0
PAY000918,CUST00632,2026-03-05,16135.76,netbanking,success,,no_action,False,0.0
PAY000919,CUST00605,2026-07-25,1318.94,netbanking,success,,no_action,False,0.0
PAY000920,CUST00028,2026-06-15,12917.16,netbanking,success,,no_action,False,0.0
PAY000921,CUST00354,2026-04-30,14945.5,card,success,,no_action,False,0.0
PAY000922,CUST00241,2026-08-21,223.52,netbanking,success,,no_action,False,0.0
PAY000923,CUST00068,2026-03-03,21749.71,card,success,,no_action,False,0.0
PAY000924,CUST00552,2026-06-13,18002.35,wallet,success,,no_action,False,0.0
PAY000925,CUST00274,2026-05-18,705.98,wallet,success,,no_action,False,0.0
PAY000926,CUST00387,2026-03-23,18024.5,wallet,success,,no_action,False,0.0
PAY000927,CUST00828,2026-07-04,7775.86,upi,success,,no_action,False,0.0
PAY000928,CUST00831,2026-05-13,19169.62,netbanking,success,,no_action,False,0.0
PAY000929,CUST00373,2026-08-07,10023.68,wallet,success,,no_action,False,0.0
PAY000930,CUST00868,2026-05-04,24357.86,card,failed,authentication_failed,payment_link,True,24357.86
PAY000931,CUST00049,2026-08-04,7573.54,wallet,success,,no_action,False,0.0
PAY000932,CUST00761,2026-05-06,23956.94,card,success,,no_action,False,0.0
PAY000933,CUST00069,2026-03-17,6517.85,wallet,success,,no_action,False,0.0
PAY000934,CUST00668,2026-07-14,20628.73,netbanking,success,,no_action,False,0.0
PAY000935,CUST00321,2026-05-01,9143.83,upi,success,,no_action,False,0.0
PAY000936,CUST00640,2026-08-05,12981.16,upi,success,,no_action,False,0.0
PAY000937,CUST00721,2026-06-25,1961.17,wallet,success,,no_action,False,0.0
PAY000938,CUST00275,2026-07-09,23441.64,wallet,failed,timeout,retry,True,23441.64
PAY000939,CUST00206,2026-04-28,11842.47,netbanking,success,,no_action,False,0.0
PAY000940,CUST00155,2026-06-11,18711.55,netbanking,success,,no_action,False,0.0
PAY000941,CUST00327,2026-05-05,19316.54,upi,success,,no_action,False,0.0
PAY000942,CUST00844,2026-05-02,12185.99,netbanking,success,,no_action,False,0.0
PAY000943,CUST00704,2026-03-05,18398.08,card,success,,no_action,False,0.0
PAY000944,CUST00252,2026-07-19,19966.71,netbanking,success,,no_action,False,0.0
PAY000945,CUST00447,2026-05-06,10666.07,card,success,,no_action,False,0.0
PAY000946,CUST00140,2026-05-08,16035.32,card,success,,no_action,False,0.0
PAY000947,CUST00675,2026-03-12,6433.38,card,failed,network_error,retry,True,6433.38
PAY000948,CUST00881,2026-05-13,6438.07,card,success,,no_action,False,0.0
PAY000949,CUST00888,2026-03-21,28508.4,netbanking,success,,no_action,False,0.0
PAY000950,CUST00407,2026-07-22,29550.52,upi,success,,no_action,False,0.0
PAY000951,CUST00753,2026-03-21,994.93,netbanking,success,,no_action,False,0.0
PAY000952,CUST00244,2026-07-25,10618.49,card,failed,expired_card,reminder,True,10618.49
PAY000953,CUST00755,2026-04-11,9870.78,upi,failed,card_declined,reminder,True,9870.78
PAY000954,CUST00220,2026-06-01,8269.96,netbanking,failed,insufficient_funds,reminder,True,8269.96
PAY000955,CUST00717,2026-06-14,19340.8,card,success,,no_action,False,0.0
PAY000956,CUST00487,2026-05-31,8251.57,upi,success,,no_action,False,0.0
PAY000957,CUST00842,2026-03-11,7842.65,card,failed,timeout,retry,True,7842.65
PAY000958,CUST00708,2026-06-04,2341.47,upi,success,,no_action,False,0.0
PAY000959,CUST00317,2026-04-27,11713.91,card,success,,no_action,False,0.0
PAY000960,CUST00879,2026-05-02,11171.59,card,failed,network_error,retry,False,0.0
PAY000961,CUST00309,2026-04-08,9800.65,card,failed,card_declined,payment_link,True,9800.65
PAY000962,CUST00938,2026-07-01,15916.88,wallet,failed,expired_card,payment_link,False,0.0
PAY000963,CUST00483,2026-03-23,24927.78,wallet,failed,expired_card,payment_link,False,0.0
PAY000964,CUST00845,2026-07-30,6703.94,card,success,,no_action,False,0.0
PAY000965,CUST00747,2026-03-05,19293.49,netbanking,success,,no_action,False,0.0
PAY000966,CUST00781,2026-04-18,4987.31,wallet,failed,card_declined,reminder,True,4987.31
PAY000967,CUST00644,2026-03-19,21348.96,netbanking,success,,no_action,False,0.0
PAY000968,CUST00114,2026-05-18,4114.0,upi,failed,timeout,retry,True,4114.0
PAY000969,CUST00463,2026-08-20,12063.46,upi,success,,no_action,False,0.0
PAY000970,CUST00608,2026-05-31,7258.93,upi,success,,no_action,False,0.0
PAY000971,CUST00187,2026-03-03,1878.54,wallet,failed,authentication_failed,payment_link,True,1878.54
PAY000972,CUST00946,2026-08-24,14051.54,upi,failed,network_error,reminder,True,14051.54
PAY000973,CUST00873,2026-04-05,3477.29,wallet,success,,no_action,False,0.0
PAY000974,CUST00092,2026-07-21,3783.34,netbanking,success,,no_action,False,0.0
PAY000975,CUST00121,2026-04-19,12859.25,wallet,failed,network_error,retry,True,12859.25
PAY000976,CUST00196,2026-07-02,8419.0,netbanking,success,,no_action,False,0.0
PAY000977,CUST00392,2026-04-15,23905.59,upi,failed,expired_card,payment_link,True,23905.59
PAY000978,CUST00429,2026-05-04,4673.17,upi,success,,no_action,False,0.0
PAY000979,CUST00242,2026-08-10,17499.16,wallet,failed,expired_card,reminder,True,17499.16
PAY000980,CUST00470,2026-06-04,22728.53,netbanking,failed,network_error,retry,True,22728.53
PAY000981,CUST00726,2026-07-18,10697.62,netbanking,success,,no_action,False,0.0
PAY000982,CUST00061,2026-04-27,872.16,card,success,,no_action,False,0.0
PAY000983,CUST00483,2026-07-05,44079.04,card,success,,no_action,False,0.0
PAY000984,CUST00635,2026-07-19,9647.25,wallet,failed,card_declined,reminder,False,0.0
PAY000985,CUST00043,2026-07-02,14596.08,netbanking,success,,no_action,False,0.0
PAY000986,CUST00953,2026-07-11,10165.22,netbanking,failed,card_declined,reminder,True,10165.22
PAY000987,CUST00444,2026-03-30,3716.53,card,success,,no_action,False,0.0
PAY000988,CUST00512,2026-06-16,21817.65,netbanking,success,,no_action,False,0.0
PAY000989,CUST00290,2026-05-04,22589.26,netbanking,success,,no_action,False,0.0
PAY000990,CUST00530,2026-07-01,7962.66,upi,success,,no_action,False,0.0
PAY000991,CUST00783,2026-04-05,1814.15,wallet,success,,no_action,False,0.0
PAY000992,CUST00056,2026-06-26,495.19,upi,success,,no_action,False,0.0
PAY000993,CUST00267,2026-07-02,4256.16,wallet,success,,no_action,False,0.0
PAY000994,CUST00042,2026-03-26,11149.69,wallet,success,,no_action,False,0.0
PAY000995,CUST00867,2026-05-09,4293.62,netbanking,success,,no_action,False,0.0
PAY000996,CUST00185,2026-07-25,20906.85,netbanking,failed,timeout,reminder,True,20906.85
PAY000997,CUST00995,2026-03-17,302.32,upi,success,,no_action,False,0.0
PAY000998,CUST00253,2026-08-19,5173.85,wallet,failed,expired_card,payment_link,True,5173.85
PAY000999,CUST00697,2026-04-06,3225.38,netbanking,failed,insufficient_funds,payment_link,False,0.0
PAY001000,CUST00030,2026-05-05,1596.75,wallet,success,,no_action,False,0.0
PAY001001,CUST00609,2026-06-21,16518.56,netbanking,failed,timeout,retry,True,16518.56
PAY001002,CUST00333,2026-03-10,757.48,upi,success,,no_action,False,0.0
PAY001003,CUST00821,2026-06-03,261.92,card,failed,authentication_failed,reminder,False,0.0
PAY001004,CUST00095,2026-06-08,10091.69,upi,success,,no_action,False,0.0
PAY001005,CUST00092,2026-04-08,2682.36,card,success,,no_action,False,0.0
PAY001006,CUST00398,2026-08-12,19531.42,netbanking,success,,no_action,False,0.0
PAY001007,CUST00158,2026-05-16,11369.1,wallet,success,,no_action,False,0.0
PAY001008,CUST00926,2026-03-22,22196.23,upi,success,,no_action,False,0.0
PAY001009,CUST00853,2026-06-05,9312.93,upi,success,,no_action,False,0.0
PAY001010,CUST00488,2026-06-17,6089.35,card,failed,expired_card,payment_link,False,0.0
PAY001011,CUST00646,2026-07-07,779.32,wallet,success,,no_action,False,0.0
PAY001012,CUST00350,2026-04-06,24337.14,upi,success,,no_action,False,0.0
PAY001013,CUST00954,2026-06-17,12483.99,card,success,,no_action,False,0.0
PAY001014,CUST00082,2026-03-30,22698.75,wallet,success,,no_action,False,0.0
PAY001015,CUST00701,2026-03-10,28713.19,wallet,success,,no_action,False,0.0
PAY001016,CUST00565,2026-07-06,2098.01,card,success,,no_action,False,0.0
PAY001017,CUST00436,2026-08-14,8105.2,wallet,success,,no_action,False,0.0
PAY001018,CUST00738,2026-07-04,5492.92,netbanking,success,,no_action,False,0.0
PAY001019,CUST00017,2026-06-24,21666.74,card,success,,no_action,False,0.0
PAY001020,CUST00184,2026-06-12,19697.19,wallet,success,,no_action,False,0.0
PAY001021,CUST00898,2026-06-22,17668.59,netbanking,success,,no_action,False,0.0
PAY001022,CUST00776,2026-04-14,7848.07,netbanking,success,,no_action,False,0.0
PAY001023,CUST00217,2026-07-30,2481.45,upi,success,,no_action,False,0.0
PAY001024,CUST00266,2026-03-27,14531.84,card,success,,no_action,False,0.0
PAY001025,CUST00014,2026-06-09,4459.04,wallet,success,,no_action,False,0.0
PAY001026,CUST00890,2026-08-02,3908.51,wallet,success,,no_action,False,0.0
PAY001027,CUST00370,2026-03-01,1711.01,wallet,failed,insufficient_funds,reminder,True,1711.01
PAY001028,CUST00196,2026-08-23,2338.17,card,success,,no_action,False,0.0
PAY001029,CUST00994,2026-08-11,7693.94,wallet,success,,no_action,False,0.0
PAY001030,CUST00248,2026-06-24,11007.55,upi,success,,no_action,False,0.0
PAY001031,CUST00152,2026-03-27,2654.78,wallet,success,,no_action,False,0.0
PAY001032,CUST00171,2026-06-21,13210.33,wallet,failed,network_error,retry,True,13210.33
PAY001033,CUST00600,2026-06-06,6217.22,netbanking,success,,no_action,False,0.0
PAY001034,CUST00053,2026-06-16,8479.48,card,success,,no_action,False,0.0
PAY001035,CUST00426,2026-07-28,12773.3,wallet,success,,no_action,False,0.0
PAY001036,CUST00749,2026-07-07,18284.01,wallet,success,,no_action,False,0.0
PAY001037,CUST00606,2026-03-13,18170.43,wallet,success,,no_action,False,0.0
PAY001038,CUST00541,2026-05-05,671.69,netbanking,success,,no_action,False,0.0
PAY001039,CUST00915,2026-03-27,13058.35,wallet,success,,no_action,False,0.0
PAY001040,CUST00507,2026-06-17,15642.88,netbanking,success,,no_action,False,0.0
PAY001041,CUST00022,2026-06-18,4201.07,upi,success,,no_action,False,0.0
PAY001042,CUST00238,2026-03-31,1057.37,netbanking,failed,timeout,retry,True,1057.37
PAY001043,CUST00905,2026-06-05,4996.1,netbanking,success,,no_action,False,0.0
PAY001044,CUST00983,2026-04-08,10538.15,netbanking,success,,no_action,False,0.0
PAY001045,CUST00637,2026-04-07,5338.77,card,failed,card_declined,payment_link,True,5338.77
PAY001046,CUST00621,2026-04-20,7512.71,wallet,success,,no_action,False,0.0
PAY001047,CUST00571,2026-05-28,14079.47,card,failed,expired_card,payment_link,False,0.0
PAY001048,CUST00694,2026-05-23,22966.87,card,success,,no_action,False,0.0
PAY001049,CUST00441,2026-04-24,3026.44,upi,success,,no_action,False,0.0
PAY001050,CUST00499,2026-07-18,6593.99,netbanking,failed,insufficient_funds,reminder,False,0.0
PAY001051,CUST00274,2026-07-07,1039.6,upi,success,,no_action,False,0.0
PAY001052,CUST00619,2026-03-26,16803.25,card,failed,network_error,reminder,False,0.0
PAY001053,CUST00999,2026-04-09,32672.67,card,failed,insufficient_funds,reminder,True,32672.67
PAY001054,CUST00646,2026-05-11,769.52,card,failed,expired_card,payment_link,True,769.52
PAY001055,CUST00726,2026-05-30,7141.17,card,success,,no_action,False,0.0
PAY001056,CUST00343,2026-02-27,20515.19,card,failed,network_error,reminder,False,0.0
PAY001057,CUST00252,2026-07-05,22521.91,wallet,success,,no_action,False,0.0
PAY001058,CUST00176,2026-06-12,2313.8,netbanking,success,,no_action,False,0.0
PAY001059,CUST00370,2026-06-11,1822.7,wallet,failed,card_declined,reminder,False,0.0
PAY001060,CUST00941,2026-05-29,10350.87,wallet,failed,authentication_failed,reminder,False,0.0
PAY001061,CUST00967,2026-02-28,16468.89,card,success,,no_action,False,0.0
PAY001062,CUST00735,2026-05-17,20194.92,card,success,,no_action,False,0.0
PAY001063,CUST00412,2026-06-06,24552.23,upi,success,,no_action,False,0.0
PAY001064,CUST00778,2026-08-14,1119.92,upi,failed,insufficient_funds,payment_link,False,0.0
PAY001065,CUST00897,2026-05-14,5766.28,wallet,failed,timeout,retry,True,5766.28
PAY001066,CUST00739,2026-07-11,12119.3,netbanking,failed,insufficient_funds,payment_link,False,0.0
PAY001067,CUST00626,2026-04-19,23027.17,wallet,success,,no_action,False,0.0
PAY001068,CUST00909,2026-04-17,6093.64,wallet,failed,timeout,reminder,True,6093.64
PAY001069,CUST00903,2026-07-13,6116.28,netbanking,success,,no_action,False,0.0
PAY001070,CUST00343,2026-07-14,12960.72,upi,success,,no_action,False,0.0
PAY001071,CUST00291,2026-08-07,5500.62,netbanking,success,,no_action,False,0.0
PAY001072,CUST00164,2026-05-14,780.86,netbanking,success,,no_action,False,0.0
PAY001073,CUST00744,2026-06-01,15503.32,wallet,failed,insufficient_funds,reminder,False,0.0
PAY001074,CUST00266,2026-07-22,11160.45,card,failed,insufficient_funds,payment_link,True,11160.45
PAY001075,CUST00755,2026-04-27,7887.35,card,success,,no_action,False,0.0
PAY001076,CUST00825,2026-05-09,18694.8,upi,success,,no_action,False,0.0
PAY001077,CUST00683,2026-07-09,19662.77,upi,success,,no_action,False,0.0
PAY001078,CUST00756,2026-04-04,6719.57,upi,failed,expired_card,reminder,True,6719.57
PAY001079,CUST00729,2026-06-14,17079.04,wallet,failed,insufficient_funds,reminder,True,17079.04
PAY001080,CUST00910,2026-05-31,3425.57,upi,success,,no_action,False,0.0
PAY001081,CUST00694,2026-07-25,12284.03,wallet,success,,no_action,False,0.0
PAY001082,CUST00511,2026-07-01,16339.58,wallet,failed,timeout,reminder,False,0.0
PAY001083,CUST00750,2026-06-30,18328.89,upi,success,,no_action,False,0.0
PAY001084,CUST00729,2026-08-25,13849.92,wallet,success,,no_action,False,0.0
PAY001085,CUST00526,2026-06-22,21609.14,card,success,,no_action,False,0.0
PAY001086,CUST00485,2026-06-10,18563.93,netbanking,failed,insufficient_funds,reminder,True,18563.93
PAY001087,CUST00113,2026-04-06,3197.49,netbanking,success,,no_action,False,0.0
PAY001088,CUST00121,2026-06-01,10943.35,netbanking,success,,no_action,False,0.0
PAY001089,CUST00311,2026-07-26,27742.97,upi,success,,no_action,False,0.0
PAY001090,CUST00432,2026-07-01,1406.55,netbanking,failed,card_declined,payment_link,True,1406.55
PAY001091,CUST00003,2026-03-15,1380.98,card,success,,no_action,False,0.0
PAY001092,CUST00892,2026-07-20,1308.13,wallet,success,,no_action,False,0.0
PAY001093,CUST00464,2026-04-02,9893.64,wallet,failed,authentication_failed,reminder,True,9893.64
PAY001094,CUST00517,2026-04-05,15984.21,wallet,success,,no_action,False,0.0
PAY001095,CUST00888,2026-08-04,14391.63,netbanking,success,,no_action,False,0.0
PAY001096,CUST00681,2026-06-07,15665.02,wallet,success,,no_action,False,0.0
PAY001097,CUST00348,2026-08-10,13616.66,wallet,success,,no_action,False,0.0
PAY001098,CUST00091,2026-03-29,2349.33,netbanking,success,,no_action,False,0.0
PAY001099,CUST00660,2026-03-11,14071.95,upi,failed,authentication_failed,reminder,True,14071.95
PAY001100,CUST00981,2026-03-28,810.24,upi,failed,authentication_failed,reminder,False,0.0
PAY001101,CUST00675,2026-04-19,11045.35,card,success,,no_action,False,0.0
PAY001102,CUST00252,2026-07-12,19678.33,wallet,success,,no_action,False,0.0
PAY001103,CUST00622,2026-03-03,8146.69,card,success,,no_action,False,0.0
PAY001104,CUST00349,2026-07-11,11038.03,wallet,success,,no_action,False,0.0
PAY001105,CUST00325,2026-03-23,9673.87,card,success,,no_action,False,0.0
PAY001106,CUST00555,2026-04-06,25224.79,netbanking,success,,no_action,False,0.0
PAY001107,CUST00315,2026-05-20,23813.69,upi,success,,no_action,False,0.0
PAY001108,CUST00186,2026-03-23,873.85,card,success,,no_action,False,0.0
PAY001109,CUST00328,2026-05-19,13328.67,upi,success,,no_action,False,0.0
PAY001110,CUST00265,2026-04-28,9512.73,card,success,,no_action,False,0.0
PAY001111,CUST00771,2026-06-24,13657.27,wallet,failed,expired_card,payment_link,True,13657.27
PAY001112,CUST00567,2026-03-05,21862.18,wallet,success,,no_action,False,0.0
PAY001113,CUST00418,2026-07-26,15911.82,card,success,,no_action,False,0.0
PAY001114,CUST00692,2026-06-10,17012.77,upi,success,,no_action,False,0.0
PAY001115,CUST00457,2026-04-03,13266.8,card,failed,authentication_failed,reminder,True,13266.8
PAY001116,CUST00383,2026-06-14,4017.23,upi,success,,no_action,False,0.0
PAY001117,CUST00985,2026-06-24,22805.02,wallet,success,,no_action,False,0.0
PAY001118,CUST00985,2026-04-09,21761.37,netbanking,success,,no_action,False,0.0
PAY001119,CUST00001,2026-05-01,1692.34,wallet,success,,no_action,False,0.0
PAY001120,CUST00860,2026-04-21,17063.95,netbanking,success,,no_action,False,0.0
PAY001121,CUST00600,2026-07-20,7035.04,upi,success,,no_action,False,0.0
PAY001122,CUST00072,2026-05-08,7655.83,wallet,failed,card_declined,reminder,False,0.0
PAY001123,CUST00900,2026-07-05,19398.44,wallet,success,,no_action,False,0.0
PAY001124,CUST00981,2026-06-21,1235.06,netbanking,success,,no_action,False,0.0
PAY001125,CUST00280,2026-05-19,3757.95,upi,success,,no_action,False,0.0
PAY001126,CUST00350,2026-08-22,28856.18,netbanking,success,,no_action,False,0.0
PAY001127,CUST00137,2026-02-27,16231.79,card,success,,no_action,False,0.0
PAY001128,CUST00924,2026-08-23,437.55,upi,success,,no_action,False,0.0
PAY001129,CUST00721,2026-08-11,3941.21,wallet,failed,authentication_failed,reminder,True,3941.21
PAY001130,CUST00667,2026-03-29,2122.57,card,failed,timeout,retry,True,2122.57
PAY001131,CUST00362,2026-08-23,21632.34,netbanking,success,,no_action,False,0.0
PAY001132,CUST00009,2026-04-16,17900.0,card,success,,no_action,False,0.0
PAY001133,CUST00456,2026-05-28,432.21,card,failed,timeout,retry,False,0.0
PAY001134,CUST00197,2026-07-02,4201.92,netbanking,failed,card_declined,reminder,True,4201.92
PAY001135,CUST00991,2026-07-02,4639.16,netbanking,success,,no_action,False,0.0
PAY001136,CUST00927,2026-08-08,20419.19,card,success,,no_action,False,0.0
PAY001137,CUST00406,2026-04-10,9419.19,card,failed,authentication_failed,reminder,True,9419.19
PAY001138,CUST00566,2026-03-30,4418.2,upi,success,,no_action,False,0.0
PAY001139,CUST00764,2026-07-21,11616.01,card,success,,no_action,False,0.0
PAY001140,CUST00877,2026-08-18,5853.54,netbanking,success,,no_action,False,0.0
PAY001141,CUST00024,2026-06-15,12312.36,netbanking,failed,network_error,reminder,True,12312.36
PAY001142,CUST00657,2026-05-19,24246.37,card,success,,no_action,False,0.0
PAY001143,CUST00443,2026-08-19,21139.67,wallet,success,,no_action,False,0.0
PAY001144,CUST00531,2026-03-09,11771.35,netbanking,success,,no_action,False,0.0
PAY001145,CUST00906,2026-06-13,18086.26,card,success,,no_action,False,0.0
PAY001146,CUST00546,2026-05-22,11331.77,card,success,,no_action,False,0.0
PAY001147,CUST00084,2026-04-30,29450.74,upi,failed,network_error,reminder,False,0.0
PAY001148,CUST00202,2026-08-05,4279.14,netbanking,success,,no_action,False,0.0
PAY001149,CUST00100,2026-03-04,11939.11,card,success,,no_action,False,0.0
PAY001150,CUST00607,2026-06-27,5056.63,netbanking,success,,no_action,False,0.0
PAY001151,CUST00245,2026-04-27,7045.15,netbanking,failed,expired_card,reminder,True,7045.15
PAY001152,CUST00967,2026-03-29,25396.75,wallet,failed,timeout,reminder,True,25396.75
PAY001153,CUST00088,2026-08-22,11894.46,card,failed,network_error,retry,True,11894.46
PAY001154,CUST00067,2026-08-01,19609.63,card,failed,network_error,retry,True,19609.63
PAY001155,CUST00642,2026-05-12,10232.9,card,success,,no_action,False,0.0
PAY001156,CUST00871,2026-07-29,9660.1,card,failed,network_error,reminder,True,9660.1
PAY001157,CUST00807,2026-06-24,16561.16,card,success,,no_action,False,0.0
PAY001158,CUST00815,2026-08-17,10817.02,card,success,,no_action,False,0.0
PAY001159,CUST00802,2026-03-25,844.11,netbanking,success,,no_action,False,0.0
PAY001160,CUST00106,2026-04-16,504.76,card,success,,no_action,False,0.0
PAY001161,CUST00927,2026-05-02,23736.04,upi,success,,no_action,False,0.0
PAY001162,CUST00364,2026-04-02,16076.87,wallet,success,,no_action,False,0.0
PAY001163,CUST00817,2026-06-17,1292.96,upi,success,,no_action,False,0.0
PAY001164,CUST00526,2026-07-14,26566.98,netbanking,success,,no_action,False,0.0
PAY001165,CUST00795,2026-02-28,19816.87,netbanking,success,,no_action,False,0.0
PAY001166,CUST00531,2026-07-05,14922.94,upi,success,,no_action,False,0.0
PAY001167,CUST00839,2026-04-18,15593.19,wallet,success,,no_action,False,0.0
PAY001168,CUST00656,2026-08-15,22730.81,card,success,,no_action,False,0.0
PAY001169,CUST00488,2026-05-21,3103.33,wallet,success,,no_action,False,0.0
PAY001170,CUST00873,2026-04-08,1008.31,netbanking,success,,no_action,False,0.0
PAY001171,CUST00108,2026-02-26,11466.69,card,success,,no_action,False,0.0
PAY001172,CUST00655,2026-06-25,14539.63,upi,success,,no_action,False,0.0
PAY001173,CUST00639,2026-04-14,20430.14,netbanking,failed,network_error,retry,True,20430.14
PAY001174,CUST00846,2026-05-28,24748.98,netbanking,success,,no_action,False,0.0
PAY001175,CUST00031,2026-04-16,13956.35,upi,success,,no_action,False,0.0
PAY001176,CUST00647,2026-03-05,25048.64,netbanking,success,,no_action,False,0.0
PAY001177,CUST00204,2026-04-29,12323.57,netbanking,failed,expired_card,payment_link,False,0.0
PAY001178,CUST00183,2026-05-04,24721.41,upi,success,,no_action,False,0.0
PAY001179,CUST00933,2026-03-26,2709.52,upi,success,,no_action,False,0.0
PAY001180,CUST00347,2026-06-01,23263.99,upi,success,,no_action,False,0.0
PAY001181,CUST00677,2026-08-04,3521.69,upi,success,,no_action,False,0.0
PAY001182,CUST00903,2026-03-31,3867.18,card,success,,no_action,False,0.0
PAY001183,CUST00814,2026-06-02,4772.46,upi,success,,no_action,False,0.0
PAY001184,CUST00712,2026-08-02,12521.99,upi,success,,no_action,False,0.0
PAY001185,CUST00602,2026-05-20,4889.73,netbanking,success,,no_action,False,0.0
PAY001186,CUST00254,2026-07-01,1520.82,netbanking,failed,authentication_failed,reminder,False,0.0
PAY001187,CUST00215,2026-08-14,26327.72,card,success,,no_action,False,0.0
PAY001188,CUST00630,2026-06-01,1808.85,wallet,failed,timeout,retry,True,1808.85
PAY001189,CUST00511,2026-06-29,13904.55,netbanking,success,,no_action,False,0.0
PAY001190,CUST00733,2026-07-24,18068.15,wallet,success,,no_action,False,0.0
PAY001191,CUST00411,2026-04-18,12939.32,card,success,,no_action,False,0.0
PAY001192,CUST00463,2026-05-15,7181.14,upi,success,,no_action,False,0.0
PAY001193,CUST00436,2026-03-19,13983.03,netbanking,success,,no_action,False,0.0
PAY001194,CUST00138,2026-07-08,4529.87,card,success,,no_action,False,0.0
PAY001195,CUST00361,2026-08-04,5908.4,card,success,,no_action,False,0.0
PAY001196,CUST00345,2026-05-31,10767.34,wallet,success,,no_action,False,0.0
PAY001197,CUST00824,2026-04-26,4085.49,card,success,,no_action,False,0.0
PAY001198,CUST00272,2026-03-19,2469.29,card,success,,no_action,False,0.0
PAY001199,CUST00302,2026-03-16,18451.67,card,failed,card_declined,reminder,True,18451.67
PAY001200,CUST00369,2026-05-22,1101.53,card,success,,no_action,False,0.0
PAY001201,CUST00202,2026-07-30,3837.63,netbanking,success,,no_action,False,0.0
PAY001202,CUST00142,2026-05-13,19558.43,netbanking,success,,no_action,False,0.0
PAY001203,CUST00289,2026-03-01,8458.84,wallet,failed,authentication_failed,reminder,True,8458.84
PAY001204,CUST00484,2026-04-20,8679.46,upi,failed,card_declined,payment_link,True,8679.46
PAY001205,CUST00486,2026-03-19,23333.45,wallet,failed,network_error,reminder,True,23333.45
PAY001206,CUST00321,2026-08-23,14458.95,upi,success,,no_action,False,0.0
PAY001207,CUST00428,2026-07-23,26528.2,card,success,,no_action,False,0.0
PAY001208,CUST00895,2026-08-13,3382.97,card,success,,no_action,False,0.0
PAY001209,CUST00855,2026-06-13,28722.33,netbanking,success,,no_action,False,0.0
PAY001210,CUST00436,2026-03-03,10184.53,netbanking,success,,no_action,False,0.0
PAY001211,CUST00582,2026-05-21,19676.87,upi,success,,no_action,False,0.0
PAY001212,CUST00582,2026-03-14,14159.52,wallet,failed,card_declined,payment_link,False,0.0
PAY001213,CUST00548,2026-06-21,234.66,netbanking,success,,no_action,False,0.0
PAY001214,CUST00655,2026-03-24,22877.43,netbanking,success,,no_action,False,0.0
PAY001215,CUST00692,2026-04-17,13490.84,wallet,success,,no_action,False,0.0
PAY001216,CUST00072,2026-04-26,7464.49,wallet,success,,no_action,False,0.0
PAY001217,CUST00299,2026-02-28,9131.72,card,success,,no_action,False,0.0
PAY001218,CUST00176,2026-06-11,2090.94,netbanking,success,,no_action,False,0.0
PAY001219,CUST00401,2026-06-13,4094.48,card,success,,no_action,False,0.0
PAY001220,CUST00490,2026-04-19,25895.53,upi,success,,no_action,False,0.0
PAY001221,CUST00318,2026-07-23,10918.58,wallet,success,,no_action,False,0.0
PAY001222,CUST00962,2026-08-20,7895.78,upi,success,,no_action,False,0.0
PAY001223,CUST00470,2026-04-03,14173.37,netbanking,success,,no_action,False,0.0
PAY001224,CUST00457,2026-07-21,14005.02,upi,success,,no_action,False,0.0
PAY001225,CUST00901,2026-07-23,15997.64,wallet,success,,no_action,False,0.0
PAY001226,CUST00041,2026-06-22,18484.81,netbanking,success,,no_action,False,0.0
PAY001227,CUST00356,2026-04-11,14675.86,netbanking,success,,no_action,False,0.0
PAY001228,CUST00426,2026-08-03,8406.94,upi,success,,no_action,False,0.0
PAY001229,CUST00751,2026-03-22,3643.8,upi,success,,no_action,False,0.0
PAY001230,CUST00403,2026-04-07,17526.39,card,success,,no_action,False,0.0
PAY001231,CUST00281,2026-03-15,4155.8,netbanking,success,,no_action,False,0.0
PAY001232,CUST00715,2026-07-17,21414.56,wallet,success,,no_action,False,0.0
PAY001233,CUST00125,2026-03-24,3416.72,netbanking,success,,no_action,False,0.0
PAY001234,CUST00517,2026-04-20,16426.07,wallet,success,,no_action,False,0.0
PAY001235,CUST00519,2026-03-16,1162.89,card,success,,no_action,False,0.0
PAY001236,CUST00655,2026-06-08,16668.13,wallet,success,,no_action,False,0.0
PAY001237,CUST00877,2026-02-28,3106.63,upi,success,,no_action,False,0.0
PAY001238,CUST00257,2026-06-24,23464.67,netbanking,success,,no_action,False,0.0
PAY001239,CUST00497,2026-07-16,21527.38,wallet,success,,no_action,False,0.0
PAY001240,CUST00673,2026-05-08,23165.53,upi,success,,no_action,False,0.0
PAY001241,CUST00862,2026-04-12,4201.89,card,success,,no_action,False,0.0
PAY001242,CUST00302,2026-06-06,29346.05,card,success,,no_action,False,0.0
PAY001243,CUST00173,2026-04-06,2124.12,card,success,,no_action,False,0.0
PAY001244,CUST00452,2026-07-12,10004.36,card,success,,no_action,False,0.0
PAY001245,CUST00222,2026-08-07,15379.6,wallet,success,,no_action,False,0.0
PAY001246,CUST00831,2026-05-15,10780.33,card,success,,no_action,False,0.0
PAY001247,CUST00455,2026-06-02,1499.9,card,success,,no_action,False,0.0
PAY001248,CUST00786,2026-06-01,9837.52,upi,success,,no_action,False,0.0
PAY001249,CUST00931,2026-03-01,4887.09,wallet,success,,no_action,False,0.0
PAY001250,CUST00346,2026-03-14,15072.5,upi,success,,no_action,False,0.0
PAY001251,CUST00226,2026-08-15,23976.88,card,success,,no_action,False,0.0
PAY001252,CUST00172,2026-04-15,1792.5,card,failed,expired_card,payment_link,False,0.0
PAY001253,CUST00640,2026-03-28,11828.26,upi,failed,network_error,retry,True,11828.26
PAY001254,CUST00238,2026-08-12,1497.67,upi,success,,no_action,False,0.0
PAY001255,CUST00324,2026-06-23,17802.23,card,success,,no_action,False,0.0
PAY001256,CUST00226,2026-04-22,36072.08,netbanking,success,,no_action,False,0.0
PAY001257,CUST00421,2026-07-21,7678.05,wallet,failed,insufficient_funds,reminder,False,0.0
PAY001258,CUST00176,2026-07-29,2691.58,netbanking,success,,no_action,False,0.0
PAY001259,CUST00333,2026-08-07,972.25,upi,success,,no_action,False,0.0
PAY001260,CUST00780,2026-05-22,22122.38,netbanking,failed,timeout,retry,True,22122.38
PAY001261,CUST00019,2026-08-08,15291.63,wallet,success,,no_action,False,0.0
PAY001262,CUST00760,2026-08-25,23477.34,upi,success,,no_action,False,0.0
PAY001263,CUST00014,2026-06-15,4661.01,card,success,,no_action,False,0.0
PAY001264,CUST00776,2026-03-13,13186.04,upi,success,,no_action,False,0.0
PAY001265,CUST00141,2026-08-09,17469.73,upi,success,,no_action,False,0.0
PAY001266,CUST00039,2026-07-29,2680.71,upi,success,,no_action,False,0.0
PAY001267,CUST00969,2026-05-18,11204.41,netbanking,success,,no_action,False,0.0
PAY001268,CUST00660,2026-04-25,14348.25,wallet,failed,expired_card,payment_link,False,0.0
PAY001269,CUST00868,2026-04-19,22336.18,netbanking,success,,no_action,False,0.0
PAY001270,CUST00553,2026-08-23,1541.03,upi,success,,no_action,False,0.0
PAY001271,CUST00737,2026-04-13,5716.61,wallet,success,,no_action,False,0.0
PAY001272,CUST00453,2026-03-11,15818.61,card,failed,insufficient_funds,reminder,False,0.0
PAY001273,CUST00650,2026-04-11,24801.91,upi,success,,no_action,False,0.0
PAY001274,CUST00607,2026-03-18,2270.06,upi,success,,no_action,False,0.0
PAY001275,CUST00437,2026-04-17,13217.14,wallet,success,,no_action,False,0.0
PAY001276,CUST00251,2026-07-23,10715.62,upi,success,,no_action,False,0.0
PAY001277,CUST00460,2026-06-29,24199.6,upi,success,,no_action,False,0.0
PAY001278,CUST00082,2026-06-18,28825.39,wallet,success,,no_action,False,0.0
PAY001279,CUST00433,2026-06-03,12731.26,wallet,failed,network_error,reminder,True,12731.26
PAY001280,CUST00438,2026-04-06,21380.25,netbanking,success,,no_action,False,0.0
PAY001281,CUST00567,2026-06-24,22150.47,upi,success,,no_action,False,0.0
PAY001282,CUST00314,2026-06-29,11449.36,wallet,success,,no_action,False,0.0
PAY001283,CUST00074,2026-04-15,8464.21,wallet,success,,no_action,False,0.0
PAY001284,CUST00005,2026-06-12,25233.42,netbanking,success,,no_action,False,0.0
PAY001285,CUST00963,2026-05-15,9987.31,netbanking,success,,no_action,False,0.0
PAY001286,CUST00657,2026-03-07,25234.46,card,success,,no_action,False,0.0
PAY001287,CUST00944,2026-06-17,28855.13,upi,success,,no_action,False,0.0
PAY001288,CUST00981,2026-07-01,1636.21,netbanking,failed,timeout,reminder,True,1636.21
PAY001289,CUST00651,2026-06-14,17274.54,card,success,,no_action,False,0.0
PAY001290,CUST00754,2026-08-15,7271.81,netbanking,failed,timeout,reminder,True,7271.81
PAY001291,CUST00661,2026-06-22,14166.19,upi,success,,no_action,False,0.0
PAY001292,CUST00967,2026-03-21,18352.24,upi,success,,no_action,False,0.0
PAY001293,CUST00660,2026-07-26,11245.96,wallet,success,,no_action,False,0.0
PAY001294,CUST00998,2026-04-09,19594.97,upi,success,,no_action,False,0.0
PAY001295,CUST00850,2026-05-14,12959.37,wallet,success,,no_action,False,0.0
PAY001296,CUST00513,2026-06-11,24198.55,wallet,success,,no_action,False,0.0
PAY001297,CUST00771,2026-07-22,21072.14,card,success,,no_action,False,0.0
PAY001298,CUST00796,2026-04-20,19978.84,upi,success,,no_action,False,0.0
PAY001299,CUST00953,2026-02-27,10881.9,wallet,success,,no_action,False,0.0
PAY001300,CUST00173,2026-08-12,2138.63,card,failed,network_error,retry,True,2138.63
PAY001301,CUST00296,2026-06-01,4431.74,wallet,success,,no_action,False,0.0
PAY001302,CUST00191,2026-03-26,13446.64,upi,success,,no_action,False,0.0
PAY001303,CUST00462,2026-03-13,661.57,upi,success,,no_action,False,0.0
PAY001304,CUST00768,2026-08-04,7483.28,netbanking,failed,network_error,retry,True,7483.28
PAY001305,CUST00112,2026-03-19,24838.2,upi,success,,no_action,False,0.0
PAY001306,CUST00387,2026-06-28,17202.63,card,success,,no_action,False,0.0
PAY001307,CUST00497,2026-05-05,18451.63,card,success,,no_action,False,0.0
PAY001308,CUST00770,2026-07-09,9041.74,card,success,,no_action,False,0.0
PAY001309,CUST00811,2026-07-30,380.1,netbanking,failed,network_error,retry,True,380.1
PAY001310,CUST00440,2026-08-15,8546.44,netbanking,failed,card_declined,payment_link,False,0.0
PAY001311,CUST00409,2026-02-26,9585.21,card,failed,expired_card,payment_link,True,9585.21
PAY001312,CUST00468,2026-04-02,18157.05,wallet,success,,no_action,False,0.0
PAY001313,CUST00027,2026-08-03,4175.3,netbanking,failed,card_declined,reminder,True,4175.3
PAY001314,CUST00703,2026-08-14,8595.18,wallet,success,,no_action,False,0.0
PAY001315,CUST00193,2026-05-29,277.6,netbanking,success,,no_action,False,0.0
PAY001316,CUST00895,2026-04-26,5149.86,netbanking,success,,no_action,False,0.0
PAY001317,CUST00622,2026-08-01,9404.76,wallet,success,,no_action,False,0.0
PAY001318,CUST00814,2026-06-04,5603.18,wallet,failed,timeout,retry,False,0.0
PAY001319,CUST00301,2026-07-05,6488.86,upi,failed,authentication_failed,reminder,False,0.0
PAY001320,CUST00033,2026-08-17,3370.96,card,success,,no_action,False,0.0
PAY001321,CUST00562,2026-06-20,24683.05,wallet,success,,no_action,False,0.0
PAY001322,CUST00978,2026-04-10,19918.9,upi,success,,no_action,False,0.0
PAY001323,CUST00772,2026-03-05,17624.04,card,success,,no_action,False,0.0
PAY001324,CUST00165,2026-04-23,22769.65,wallet,success,,no_action,False,0.0
PAY001325,CUST00737,2026-08-16,5058.74,netbanking,success,,no_action,False,0.0
PAY001326,CUST00127,2026-08-22,16703.81,wallet,success,,no_action,False,0.0
PAY001327,CUST00341,2026-06-02,21161.14,card,success,,no_action,False,0.0
PAY001328,CUST00933,2026-06-17,1352.22,wallet,failed,authentication_failed,reminder,False,0.0
PAY001329,CUST00828,2026-03-20,13021.2,netbanking,success,,no_action,False,0.0
PAY001330,CUST00349,2026-03-27,13588.54,upi,success,,no_action,False,0.0
PAY001331,CUST00587,2026-05-16,9319.88,netbanking,failed,authentication_failed,reminder,False,0.0
PAY001332,CUST00064,2026-05-30,14833.48,upi,failed,network_error,reminder,True,14833.48
PAY001333,CUST00817,2026-02-28,995.48,upi,success,,no_action,False,0.0
PAY001334,CUST00552,2026-05-12,10142.65,wallet,success,,no_action,False,0.0
PAY001335,CUST00858,2026-04-04,1772.39,upi,success,,no_action,False,0.0
PAY001336,CUST00765,2026-05-16,32852.41,card,success,,no_action,False,0.0
PAY001337,CUST00515,2026-08-25,24760.31,card,success,,no_action,False,0.0
PAY001338,CUST00588,2026-06-02,8126.79,wallet,success,,no_action,False,0.0
PAY001339,CUST00061,2026-04-20,869.72,netbanking,success,,no_action,False,0.0
PAY001340,CUST00869,2026-03-11,18369.92,upi,success,,no_action,False,0.0
PAY001341,CUST00946,2026-08-13,15807.91,wallet,failed,expired_card,payment_link,False,0.0
PAY001342,CUST00935,2026-05-23,21243.25,card,success,,no_action,False,0.0
PAY001343,CUST00433,2026-07-11,10936.08,wallet,failed,network_error,reminder,True,10936.08
PAY001344,CUST00745,2026-07-16,842.29,upi,success,,no_action,False,0.0
PAY001345,CUST00404,2026-07-24,2613.53,netbanking,success,,no_action,False,0.0
PAY001346,CUST00887,2026-08-12,1414.57,card,failed,timeout,reminder,True,1414.57
PAY001347,CUST00168,2026-05-11,14513.5,wallet,success,,no_action,False,0.0
PAY001348,CUST00919,2026-07-23,11226.96,upi,failed,insufficient_funds,payment_link,True,11226.96
PAY001349,CUST00105,2026-06-15,3817.91,upi,success,,no_action,False,0.0
PAY001350,CUST00696,2026-06-27,21073.17,card,success,,no_action,False,0.0
PAY001351,CUST00184,2026-04-05,22475.52,netbanking,success,,no_action,False,0.0
PAY001352,CUST00643,2026-04-28,18119.25,upi,success,,no_action,False,0.0
PAY001353,CUST00407,2026-07-28,24892.84,wallet,success,,no_action,False,0.0
PAY001354,CUST00978,2026-08-11,21495.26,card,success,,no_action,False,0.0
PAY001355,CUST00392,2026-06-19,29438.71,netbanking,success,,no_action,False,0.0
PAY001356,CUST00377,2026-07-01,487.74,card,success,,no_action,False,0.0
PAY001357,CUST00657,2026-07-22,20435.48,card,success,,no_action,False,0.0
PAY001358,CUST00492,2026-04-13,10073.2,netbanking,failed,insufficient_funds,payment_link,False,0.0
PAY001359,CUST00394,2026-03-30,12207.95,wallet,success,,no_action,False,0.0
PAY001360,CUST00102,2026-08-24,723.33,upi,success,,no_action,False,0.0
PAY001361,CUST00021,2026-07-13,18856.44,wallet,success,,no_action,False,0.0
PAY001362,CUST00803,2026-04-20,32429.42,card,success,,no_action,False,0.0
PAY001363,CUST00989,2026-07-29,16532.84,card,success,,no_action,False,0.0
PAY001364,CUST00712,2026-06-20,10199.04,upi,success,,no_action,False,0.0
PAY001365,CUST00820,2026-03-20,3783.57,upi,success,,no_action,False,0.0
PAY001366,CUST00576,2026-03-29,19119.59,netbanking,failed,insufficient_funds,payment_link,True,19119.59
PAY001367,CUST00519,2026-08-13,1050.4,upi,success,,no_action,False,0.0
PAY001368,CUST00001,2026-07-08,2953.13,upi,success,,no_action,False,0.0
PAY001369,CUST00927,2026-07-01,24744.14,wallet,success,,no_action,False,0.0
PAY001370,CUST00712,2026-05-27,7636.21,netbanking,success,,no_action,False,0.0
PAY001371,CUST00621,2026-04-15,10568.76,card,failed,insufficient_funds,payment_link,True,10568.76
PAY001372,CUST00146,2026-07-30,17412.25,netbanking,failed,card_declined,payment_link,False,0.0
PAY001373,CUST00566,2026-06-14,4229.13,upi,success,,no_action,False,0.0
PAY001374,CUST00077,2026-08-11,18993.76,netbanking,success,,no_action,False,0.0
PAY001375,CUST00926,2026-08-22,22653.05,netbanking,success,,no_action,False,0.0
PAY001376,CUST00147,2026-05-05,31623.01,upi,success,,no_action,False,0.0
PAY001377,CUST00649,2026-08-10,10115.69,netbanking,success,,no_action,False,0.0
PAY001378,CUST00841,2026-04-06,15668.0,upi,success,,no_action,False,0.0
PAY001379,CUST00324,2026-03-29,20961.17,card,failed,card_declined,payment_link,True,20961.17
PAY001380,CUST00545,2026-08-08,2927.76,wallet,success,,no_action,False,0.0
PAY001381,CUST00092,2026-05-06,3104.32,netbanking,success,,no_action,False,0.0
PAY001382,CUST00150,2026-03-23,21747.61,upi,success,,no_action,False,0.0
PAY001383,CUST00387,2026-05-15,19832.6,card,failed,insufficient_funds,payment_link,True,19832.6
PAY001384,CUST00603,2026-05-26,20569.31,wallet,success,,no_action,False,0.0
PAY001385,CUST00718,2026-07-31,14389.52,netbanking,success,,no_action,False,0.0
PAY001386,CUST00102,2026-06-05,832.8,card,success,,no_action,False,0.0
PAY001387,CUST00186,2026-03-30,631.15,wallet,success,,no_action,False,0.0
PAY001388,CUST00266,2026-03-30,18263.77,card,failed,timeout,reminder,True,18263.77
PAY001389,CUST00147,2026-04-30,17420.62,card,failed,timeout,retry,False,0.0
PAY001390,CUST00695,2026-05-27,27646.75,wallet,failed,card_declined,payment_link,True,27646.75
PAY001391,CUST00818,2026-04-25,4632.52,wallet,success,,no_action,False,0.0
PAY001392,CUST00313,2026-03-21,8881.33,card,failed,network_error,retry,True,8881.33
PAY001393,CUST00650,2026-03-12,35371.51,card,success,,no_action,False,0.0
PAY001394,CUST00087,2026-06-14,18636.55,wallet,failed,insufficient_funds,reminder,False,0.0
PAY001395,CUST00694,2026-07-07,21707.69,upi,success,,no_action,False,0.0
PAY001396,CUST00702,2026-08-02,17279.91,card,success,,no_action,False,0.0
PAY001397,CUST00195,2026-08-24,22789.98,card,success,,no_action,False,0.0
PAY001398,CUST00548,2026-08-14,315.08,netbanking,success,,no_action,False,0.0
PAY001399,CUST00974,2026-04-10,17233.94,card,success,,no_action,False,0.0
PAY001400,CUST00691,2026-05-30,2488.47,upi,success,,no_action,False,0.0
PAY001401,CUST00860,2026-06-03,20262.43,card,success,,no_action,False,0.0
PAY001402,CUST00175,2026-08-18,9457.44,card,success,,no_action,False,0.0
PAY001403,CUST00256,2026-06-29,2562.3,card,success,,no_action,False,0.0
PAY001404,CUST00301,2026-05-15,6041.91,wallet,success,,no_action,False,0.0
PAY001405,CUST00952,2026-03-12,2150.17,card,failed,authentication_failed,payment_link,True,2150.17
PAY001406,CUST00365,2026-02-27,5427.2,netbanking,success,,no_action,False,0.0
PAY001407,CUST00359,2026-02-28,4388.12,upi,success,,no_action,False,0.0
PAY001408,CUST00104,2026-07-07,10883.93,upi,success,,no_action,False,0.0
PAY001409,CUST00921,2026-08-13,14347.71,wallet,success,,no_action,False,0.0
PAY001410,CUST00257,2026-06-01,19804.0,upi,success,,no_action,False,0.0
PAY001411,CUST00307,2026-06-18,6906.65,netbanking,success,,no_action,False,0.0
PAY001412,CUST00673,2026-05-27,33612.11,wallet,success,,no_action,False,0.0
PAY001413,CUST00766,2026-05-09,10933.46,upi,success,,no_action,False,0.0
PAY001414,CUST00042,2026-05-21,12421.95,upi,success,,no_action,False,0.0
PAY001415,CUST00923,2026-07-01,18688.3,wallet,failed,expired_card,payment_link,True,18688.3
PAY001416,CUST00564,2026-03-30,9876.67,wallet,success,,no_action,False,0.0
PAY001417,CUST00333,2026-06-05,770.55,wallet,success,,no_action,False,0.0
PAY001418,CUST00135,2026-03-30,2921.37,card,success,,no_action,False,0.0
PAY001419,CUST00160,2026-08-20,1094.35,netbanking,success,,no_action,False,0.0
PAY001420,CUST00243,2026-06-28,11408.23,wallet,failed,timeout,retry,True,11408.23
PAY001421,CUST00297,2026-06-15,4929.99,netbanking,success,,no_action,False,0.0
PAY001422,CUST00254,2026-03-27,975.68,upi,success,,no_action,False,0.0
PAY001423,CUST00885,2026-06-15,11268.12,netbanking,failed,card_declined,reminder,False,0.0
PAY001424,CUST00204,2026-04-15,5782.58,card,failed,authentication_failed,reminder,True,5782.58
PAY001425,CUST00876,2026-03-31,14861.67,upi,success,,no_action,False,0.0
PAY001426,CUST00411,2026-04-16,17713.83,card,success,,no_action,False,0.0
PAY001427,CUST00952,2026-03-11,2202.29,upi,success,,no_action,False,0.0
PAY001428,CUST00390,2026-08-24,2538.49,wallet,success,,no_action,False,0.0
PAY001429,CUST00649,2026-07-06,12809.86,wallet,success,,no_action,False,0.0
PAY001430,CUST00438,2026-05-05,20814.49,card,success,,no_action,False,0.0
PAY001431,CUST00373,2026-03-10,9335.89,wallet,success,,no_action,False,0.0
PAY001432,CUST00187,2026-08-14,3481.94,card,success,,no_action,False,0.0
PAY001433,CUST00763,2026-07-31,8176.66,netbanking,success,,no_action,False,0.0
PAY001434,CUST00104,2026-05-14,8625.17,wallet,success,,no_action,False,0.0
PAY001435,CUST00115,2026-03-31,19170.22,card,failed,timeout,reminder,True,19170.22
PAY001436,CUST00340,2026-05-07,3195.06,netbanking,success,,no_action,False,0.0
PAY001437,CUST00216,2026-03-25,17813.94,wallet,success,,no_action,False,0.0
PAY001438,CUST00134,2026-08-12,369.91,card,success,,no_action,False,0.0
PAY001439,CUST00838,2026-06-20,2228.59,upi,success,,no_action,False,0.0
PAY001440,CUST00948,2026-06-27,2646.21,netbanking,success,,no_action,False,0.0
PAY001441,CUST00780,2026-06-13,25271.36,card,success,,no_action,False,0.0
PAY001442,CUST00564,2026-07-19,13815.69,netbanking,success,,no_action,False,0.0
PAY001443,CUST00999,2026-07-10,22844.53,card,failed,insufficient_funds,reminder,True,22844.53
PAY001444,CUST00954,2026-05-07,15411.39,card,success,,no_action,False,0.0
PAY001445,CUST00714,2026-08-22,15355.83,card,success,,no_action,False,0.0
PAY001446,CUST00195,2026-07-12,21642.86,wallet,success,,no_action,False,0.0
PAY001447,CUST00892,2026-06-04,1153.74,wallet,success,,no_action,False,0.0
PAY001448,CUST00576,2026-05-06,18243.5,wallet,success,,no_action,False,0.0
PAY001449,CUST00212,2026-02-28,13266.6,upi,success,,no_action,False,0.0
PAY001450,CUST00901,2026-07-10,17607.29,wallet,success,,no_action,False,0.0
PAY001451,CUST00266,2026-04-10,13299.91,netbanking,success,,no_action,False,0.0
PAY001452,CUST00230,2026-05-11,1038.63,card,success,,no_action,False,0.0
PAY001453,CUST00041,2026-03-11,10023.78,netbanking,failed,expired_card,reminder,False,0.0
PAY001454,CUST00658,2026-02-26,24504.59,upi,success,,no_action,False,0.0
PAY001455,CUST00665,2026-05-31,6091.05,netbanking,success,,no_action,False,0.0
PAY001456,CUST00333,2026-06-10,1080.77,netbanking,success,,no_action,False,0.0
PAY001457,CUST00920,2026-03-12,25821.31,netbanking,success,,no_action,False,0.0
PAY001458,CUST00641,2026-03-02,4487.1,upi,failed,expired_card,payment_link,True,4487.1
PAY001459,CUST00551,2026-08-12,7098.52,card,failed,timeout,reminder,True,7098.52
PAY001460,CUST00264,2026-04-23,21776.64,upi,success,,no_action,False,0.0
PAY001461,CUST00333,2026-04-26,792.17,wallet,success,,no_action,False,0.0
PAY001462,CUST00748,2026-06-28,33223.33,wallet,success,,no_action,False,0.0
PAY001463,CUST00096,2026-07-01,10805.06,upi,success,,no_action,False,0.0
PAY001464,CUST00966,2026-03-03,3568.16,upi,success,,no_action,False,0.0
PAY001465,CUST00318,2026-03-16,11984.69,wallet,failed,card_declined,reminder,True,11984.69
PAY001466,CUST00437,2026-08-10,17303.57,upi,success,,no_action,False,0.0
PAY001467,CUST00994,2026-03-01,4602.28,upi,success,,no_action,False,0.0
PAY001468,CUST00618,2026-03-03,19416.5,card,success,,no_action,False,0.0
PAY001469,CUST00113,2026-03-19,3951.15,card,success,,no_action,False,0.0
PAY001470,CUST00275,2026-02-28,12855.79,upi,failed,authentication_failed,payment_link,True,12855.79
PAY001471,CUST00981,2026-06-28,1352.04,netbanking,failed,insufficient_funds,payment_link,True,1352.04
PAY001472,CUST00778,2026-04-06,714.14,wallet,failed,expired_card,payment_link,True,714.14
PAY001473,CUST00250,2026-03-29,1585.71,netbanking,success,,no_action,False,0.0
PAY001474,CUST00022,2026-06-12,4467.35,netbanking,success,,no_action,False,0.0
PAY001475,CUST00146,2026-06-04,15636.01,card,failed,insufficient_funds,payment_link,True,15636.01
PAY001476,CUST00151,2026-08-20,8962.09,netbanking,success,,no_action,False,0.0
PAY001477,CUST00394,2026-03-26,9963.04,card,success,,no_action,False,0.0
PAY001478,CUST00230,2026-08-02,534.89,card,failed,expired_card,payment_link,True,534.89
PAY001479,CUST00342,2026-06-15,3135.1,card,failed,authentication_failed,reminder,True,3135.1
PAY001480,CUST00544,2026-04-05,8504.13,upi,success,,no_action,False,0.0
PAY001481,CUST00915,2026-03-24,12238.31,netbanking,success,,no_action,False,0.0
PAY001482,CUST00278,2026-02-26,22922.61,netbanking,failed,timeout,retry,True,22922.61
PAY001483,CUST00883,2026-06-05,16982.44,upi,failed,card_declined,reminder,True,16982.44
PAY001484,CUST00458,2026-05-08,419.76,wallet,failed,insufficient_funds,reminder,True,419.76
PAY001485,CUST00149,2026-06-04,2443.09,upi,success,,no_action,False,0.0
PAY001486,CUST00362,2026-06-29,9265.39,netbanking,success,,no_action,False,0.0
PAY001487,CUST00711,2026-08-12,24326.65,netbanking,success,,no_action,False,0.0
PAY001488,CUST00944,2026-07-02,24280.23,wallet,success,,no_action,False,0.0
PAY001489,CUST00546,2026-07-24,14871.4,upi,success,,no_action,False,0.0
PAY001490,CUST00733,2026-04-19,11925.03,upi,failed,card_declined,payment_link,True,11925.03
PAY001491,CUST00872,2026-06-27,4969.2,card,success,,no_action,False,0.0
PAY001492,CUST00981,2026-04-02,1377.96,netbanking,success,,no_action,False,0.0
PAY001493,CUST00302,2026-07-17,23340.39,wallet,success,,no_action,False,0.0
PAY001494,CUST00996,2026-03-28,11232.18,upi,failed,insufficient_funds,payment_link,False,0.0
PAY001495,CUST00986,2026-03-04,18618.23,upi,success,,no_action,False,0.0
PAY001496,CUST00713,2026-03-25,24129.85,netbanking,success,,no_action,False,0.0
PAY001497,CUST00679,2026-05-30,14623.86,wallet,failed,card_declined,reminder,True,14623.86
PAY001498,CUST00145,2026-04-13,3600.25,wallet,success,,no_action,False,0.0
PAY001499,CUST00482,2026-05-23,18640.24,netbanking,success,,no_action,False,0.0
PAY001500,CUST00455,2026-04-06,1585.72,card,success,,no_action,False,0.0
PAY001501,CUST00062,2026-02-28,5855.48,upi,success,,no_action,False,0.0
PAY001502,CUST00406,2026-06-22,12774.93,wallet,success,,no_action,False,0.0
PAY001503,CUST00568,2026-06-14,2714.34,netbanking,success,,no_action,False,0.0
PAY001504,CUST00954,2026-03-21,10809.35,upi,success,,no_action,False,0.0
PAY001505,CUST00535,2026-04-23,9563.49,upi,failed,network_error,retry,True,9563.49
PAY001506,CUST00402,2026-08-12,17723.76,card,failed,network_error,retry,True,17723.76
PAY001507,CUST00658,2026-06-01,35634.07,wallet,failed,card_declined,payment_link,True,35634.07
PAY001508,CUST00663,2026-03-17,10720.7,netbanking,success,,no_action,False,0.0
PAY001509,CUST00372,2026-05-09,15159.12,netbanking,success,,no_action,False,0.0
PAY001510,CUST00167,2026-02-28,13630.88,card,success,,no_action,False,0.0
PAY001511,CUST00775,2026-08-08,22760.24,upi,success,,no_action,False,0.0
PAY001512,CUST00952,2026-06-29,2654.58,card,success,,no_action,False,0.0
PAY001513,CUST00047,2026-05-09,1391.61,card,failed,insufficient_funds,payment_link,False,0.0
PAY001514,CUST00982,2026-06-06,10073.78,upi,success,,no_action,False,0.0
PAY001515,CUST00744,2026-05-21,13717.9,netbanking,failed,timeout,retry,True,13717.9
PAY001516,CUST00418,2026-06-03,20408.45,upi,success,,no_action,False,0.0
PAY001517,CUST00489,2026-04-05,14741.68,card,success,,no_action,False,0.0
PAY001518,CUST00699,2026-08-19,11685.03,card,failed,card_declined,payment_link,False,0.0
PAY001519,CUST00670,2026-04-08,19464.46,upi,success,,no_action,False,0.0
PAY001520,CUST00987,2026-03-31,824.23,netbanking,success,,no_action,False,0.0
PAY001521,CUST00348,2026-06-16,13486.98,netbanking,success,,no_action,False,0.0
PAY001522,CUST00041,2026-08-01,19958.45,wallet,success,,no_action,False,0.0
PAY001523,CUST00622,2026-07-03,5895.7,card,failed,authentication_failed,reminder,True,5895.7
PAY001524,CUST00100,2026-03-20,16353.93,netbanking,success,,no_action,False,0.0
PAY001525,CUST00511,2026-04-10,13749.98,card,success,,no_action,False,0.0
PAY001526,CUST00957,2026-05-30,7531.08,card,success,,no_action,False,0.0
PAY001527,CUST00362,2026-06-27,18440.76,wallet,success,,no_action,False,0.0
PAY001528,CUST00263,2026-04-02,19126.03,wallet,success,,no_action,False,0.0
PAY001529,CUST00963,2026-05-10,10988.5,card,failed,network_error,reminder,True,10988.5
PAY001530,CUST00411,2026-07-07,10894.49,upi,success,,no_action,False,0.0
PAY001531,CUST00866,2026-08-19,13107.52,netbanking,success,,no_action,False,0.0
PAY001532,CUST00424,2026-08-09,1017.25,card,success,,no_action,False,0.0
PAY001533,CUST00059,2026-03-24,18577.86,upi,failed,authentication_failed,reminder,True,18577.86
PAY001534,CUST00298,2026-06-08,24411.7,wallet,success,,no_action,False,0.0
PAY001535,CUST00875,2026-08-09,979.03,wallet,failed,expired_card,payment_link,True,979.03
PAY001536,CUST00548,2026-04-13,406.43,wallet,success,,no_action,False,0.0
PAY001537,CUST00750,2026-03-14,23972.44,wallet,failed,card_declined,reminder,True,23972.44
PAY001538,CUST00325,2026-06-27,14300.36,netbanking,failed,network_error,retry,True,14300.36
PAY001539,CUST00118,2026-06-26,7103.7,card,success,,no_action,False,0.0
PAY001540,CUST00150,2026-05-29,18099.91,card,failed,network_error,reminder,True,18099.91
PAY001541,CUST00809,2026-03-03,4767.03,wallet,failed,card_declined,reminder,True,4767.03
PAY001542,CUST00976,2026-08-07,19013.69,wallet,success,,no_action,False,0.0
PAY001543,CUST00181,2026-06-21,8610.23,wallet,success,,no_action,False,0.0
PAY001544,CUST00893,2026-08-16,2493.95,wallet,success,,no_action,False,0.0
PAY001545,CUST00915,2026-06-15,13252.06,card,success,,no_action,False,0.0
PAY001546,CUST00351,2026-05-26,36094.67,netbanking,success,,no_action,False,0.0
PAY001547,CUST00965,2026-04-08,10593.71,wallet,success,,no_action,False,0.0
PAY001548,CUST00989,2026-07-19,15006.78,wallet,success,,no_action,False,0.0
PAY001549,CUST00802,2026-08-15,620.26,upi,success,,no_action,False,0.0
PAY001550,CUST00593,2026-06-23,7491.8,netbanking,success,,no_action,False,0.0
PAY001551,CUST00957,2026-05-18,6195.35,upi,success,,no_action,False,0.0
PAY001552,CUST00117,2026-02-26,19842.02,wallet,success,,no_action,False,0.0
PAY001553,CUST00462,2026-07-24,1150.1,wallet,success,,no_action,False,0.0
PAY001554,CUST00100,2026-04-15,12519.21,card,success,,no_action,False,0.0
PAY001555,CUST00431,2026-04-20,7970.64,wallet,success,,no_action,False,0.0
PAY001556,CUST00976,2026-05-31,9722.45,upi,failed,authentication_failed,reminder,False,0.0
PAY001557,CUST00834,2026-03-29,14508.85,netbanking,success,,no_action,False,0.0
PAY001558,CUST00717,2026-06-22,24047.83,wallet,success,,no_action,False,0.0
PAY001559,CUST00424,2026-05-22,895.49,wallet,success,,no_action,False,0.0
PAY001560,CUST00117,2026-06-01,22802.89,upi,success,,no_action,False,0.0
PAY001561,CUST00182,2026-08-13,19960.74,wallet,success,,no_action,False,0.0
PAY001562,CUST00706,2026-03-24,17070.99,netbanking,failed,insufficient_funds,reminder,False,0.0
PAY001563,CUST00092,2026-06-11,2957.52,card,success,,no_action,False,0.0
PAY001564,CUST00107,2026-07-04,11699.65,card,success,,no_action,False,0.0
PAY001565,CUST00596,2026-06-13,12253.09,card,success,,no_action,False,0.0
PAY001566,CUST00217,2026-06-26,3383.18,wallet,success,,no_action,False,0.0
PAY001567,CUST00974,2026-06-24,17157.56,card,success,,no_action,False,0.0
PAY001568,CUST00423,2026-06-01,22718.24,wallet,success,,no_action,False,0.0
PAY001569,CUST00801,2026-06-12,14031.29,netbanking,success,,no_action,False,0.0
PAY001570,CUST00690,2026-06-12,18878.48,upi,success,,no_action,False,0.0
PAY001571,CUST00034,2026-07-29,5794.11,netbanking,failed,authentication_failed,reminder,False,0.0
PAY001572,CUST00326,2026-07-22,9323.45,netbanking,success,,no_action,False,0.0
PAY001573,CUST00441,2026-06-06,3151.95,upi,success,,no_action,False,0.0
PAY001574,CUST00849,2026-08-07,11457.09,card,failed,authentication_failed,reminder,True,11457.09
PAY001575,CUST00400,2026-06-17,16552.12,netbanking,success,,no_action,False,0.0
PAY001576,CUST00237,2026-03-30,1882.73,card,success,,no_action,False,0.0
PAY001577,CUST00517,2026-07-17,20897.94,wallet,failed,timeout,retry,False,0.0
PAY001578,CUST00163,2026-03-04,23727.77,upi,success,,no_action,False,0.0
PAY001579,CUST00448,2026-07-15,486.15,upi,success,,no_action,False,0.0
PAY001580,CUST00943,2026-03-04,1036.12,card,success,,no_action,False,0.0
PAY001581,CUST00761,2026-08-12,21913.39,netbanking,success,,no_action,False,0.0
PAY001582,CUST00920,2026-07-13,3394.78,upi,success,,no_action,False,0.0
PAY001583,CUST00861,2026-08-13,6282.31,wallet,success,,no_action,False,0.0
PAY001584,CUST00053,2026-07-24,7550.4,card,success,,no_action,False,0.0
PAY001585,CUST00888,2026-07-28,32445.16,card,success,,no_action,False,0.0
PAY001586,CUST00126,2026-04-13,2855.5,netbanking,success,,no_action,False,0.0
PAY001587,CUST00096,2026-07-01,22441.63,upi,success,,no_action,False,0.0
PAY001588,CUST00815,2026-06-30,13743.14,card,success,,no_action,False,0.0
PAY001589,CUST00983,2026-05-17,9008.61,wallet,success,,no_action,False,0.0
PAY001590,CUST00649,2026-04-13,9506.85,wallet,success,,no_action,False,0.0
PAY001591,CUST00306,2026-05-24,9991.65,card,success,,no_action,False,0.0
PAY001592,CUST00356,2026-04-07,16114.23,wallet,failed,authentication_failed,payment_link,True,16114.23
PAY001593,CUST00535,2026-07-13,9221.56,upi,success,,no_action,False,0.0
PAY001594,CUST00024,2026-05-30,3270.15,upi,success,,no_action,False,0.0
PAY001595,CUST00118,2026-08-22,7522.84,upi,success,,no_action,False,0.0
PAY001596,CUST00963,2026-06-29,10029.77,upi,success,,no_action,False,0.0
PAY001597,CUST00205,2026-07-02,15449.78,netbanking,success,,no_action,False,0.0
PAY001598,CUST00447,2026-08-20,9807.98,wallet,failed,expired_card,reminder,True,9807.98
PAY001599,CUST00867,2026-07-26,5172.86,wallet,success,,no_action,False,0.0
PAY001600,CUST00320,2026-06-30,2897.69,upi,success,,no_action,False,0.0
PAY001601,CUST00444,2026-06-04,4584.14,netbanking,failed,authentication_failed,reminder,True,4584.14
PAY001602,CUST00440,2026-06-01,6739.17,upi,success,,no_action,False,0.0
PAY001603,CUST00920,2026-06-10,15483.75,upi,failed,authentication_failed,reminder,True,15483.75
PAY001604,CUST00301,2026-03-27,5559.6,netbanking,success,,no_action,False,0.0
PAY001605,CUST00185,2026-03-16,23315.35,upi,success,,no_action,False,0.0
PAY001606,CUST00221,2026-05-17,8118.5,netbanking,success,,no_action,False,0.0
PAY001607,CUST00126,2026-07-21,4161.11,netbanking,success,,no_action,False,0.0
PAY001608,CUST00815,2026-05-09,12620.34,netbanking,failed,authentication_failed,reminder,True,12620.34
PAY001609,CUST00617,2026-05-08,5461.94,upi,success,,no_action,False,0.0
PAY001610,CUST00734,2026-08-10,15276.03,card,success,,no_action,False,0.0
PAY001611,CUST00432,2026-03-10,1219.99,netbanking,success,,no_action,False,0.0
PAY001612,CUST00822,2026-05-07,1867.29,wallet,success,,no_action,False,0.0
PAY001613,CUST00432,2026-04-27,1630.02,netbanking,success,,no_action,False,0.0
PAY001614,CUST00591,2026-08-09,11387.88,card,success,,no_action,False,0.0
PAY001615,CUST00803,2026-06-09,46394.26,wallet,success,,no_action,False,0.0
PAY001616,CUST00038,2026-03-02,22416.57,card,success,,no_action,False,0.0
PAY001617,CUST00072,2026-06-12,2261.16,wallet,success,,no_action,False,0.0
PAY001618,CUST00741,2026-06-08,7664.76,netbanking,success,,no_action,False,0.0
PAY001619,CUST00082,2026-08-23,19479.86,card,success,,no_action,False,0.0
PAY001620,CUST00466,2026-08-03,25454.83,wallet,failed,insufficient_funds,reminder,False,0.0
PAY001621,CUST00106,2026-05-19,566.32,card,success,,no_action,False,0.0
PAY001622,CUST00883,2026-03-20,20941.38,wallet,success,,no_action,False,0.0
PAY001623,CUST00196,2026-03-09,5743.56,card,failed,insufficient_funds,payment_link,True,5743.56
PAY001624,CUST00114,2026-08-21,1886.33,card,failed,insufficient_funds,reminder,True,1886.33
PAY001625,CUST00628,2026-07-25,10250.23,upi,success,,no_action,False,0.0
PAY001626,CUST00472,2026-07-25,3173.56,netbanking,success,,no_action,False,0.0
PAY001627,CUST00910,2026-08-16,2455.63,wallet,success,,no_action,False,0.0
PAY001628,CUST00126,2026-05-08,2734.87,wallet,success,,no_action,False,0.0
PAY001629,CUST00330,2026-05-04,2850.34,wallet,success,,no_action,False,0.0
PAY001630,CUST00785,2026-04-29,7546.61,card,success,,no_action,False,0.0
PAY001631,CUST00676,2026-07-02,4708.01,card,success,,no_action,False,0.0
PAY001632,CUST00062,2026-04-22,3012.91,upi,success,,no_action,False,0.0
PAY001633,CUST00480,2026-05-24,20499.08,upi,success,,no_action,False,0.0
PAY001634,CUST00214,2026-05-16,20387.09,netbanking,success,,no_action,False,0.0
PAY001635,CUST00726,2026-06-04,7436.01,card,failed,card_declined,payment_link,False,0.0
PAY001636,CUST00999,2026-06-08,27512.51,wallet,failed,authentication_failed,reminder,True,27512.51
PAY001637,CUST00193,2026-04-04,468.17,netbanking,failed,authentication_failed,reminder,True,468.17
PAY001638,CUST00473,2026-06-23,21929.67,card,success,,no_action,False,0.0
PAY001639,CUST00192,2026-08-14,10491.25,netbanking,success,,no_action,False,0.0
PAY001640,CUST00544,2026-04-21,6587.68,card,success,,no_action,False,0.0
PAY001641,CUST00155,2026-07-06,20004.7,wallet,success,,no_action,False,0.0
PAY001642,CUST00342,2026-06-03,3844.01,card,success,,no_action,False,0.0
PAY001643,CUST00750,2026-04-15,19454.58,wallet,success,,no_action,False,0.0
PAY001644,CUST00413,2026-03-25,15901.04,wallet,success,,no_action,False,0.0
PAY001645,CUST00698,2026-03-26,807.45,card,success,,no_action,False,0.0
PAY001646,CUST00225,2026-04-28,3056.66,card,success,,no_action,False,0.0
PAY001647,CUST00068,2026-03-23,16618.11,wallet,success,,no_action,False,0.0
PAY001648,CUST00226,2026-04-10,28574.55,netbanking,success,,no_action,False,0.0
PAY001649,CUST00805,2026-03-22,5248.67,netbanking,failed,expired_card,payment_link,False,0.0
PAY001650,CUST00190,2026-05-17,5839.99,wallet,failed,timeout,reminder,True,5839.99
PAY001651,CUST00698,2026-05-22,704.74,card,success,,no_action,False,0.0
PAY001652,CUST00922,2026-03-03,1310.82,wallet,success,,no_action,False,0.0
PAY001653,CUST00182,2026-02-28,26680.49,netbanking,failed,card_declined,reminder,True,26680.49
PAY001654,CUST00609,2026-04-30,13156.72,card,success,,no_action,False,0.0
PAY001655,CUST00484,2026-03-02,15965.44,card,success,,no_action,False,0.0
PAY001656,CUST00581,2026-04-09,17638.82,upi,success,,no_action,False,0.0
PAY001657,CUST00774,2026-05-22,3835.26,card,success,,no_action,False,0.0
PAY001658,CUST00464,2026-07-15,6526.54,wallet,success,,no_action,False,0.0
PAY001659,CUST00264,2026-05-27,19190.6,wallet,success,,no_action,False,0.0
PAY001660,CUST00309,2026-07-28,10063.8,netbanking,failed,timeout,retry,True,10063.8
PAY001661,CUST00496,2026-06-11,2996.47,card,success,,no_action,False,0.0
PAY001662,CUST00877,2026-04-29,5280.03,netbanking,success,,no_action,False,0.0
PAY001663,CUST00592,2026-03-20,47166.54,wallet,success,,no_action,False,0.0
PAY001664,CUST00199,2026-05-07,23032.05,wallet,success,,no_action,False,0.0
PAY001665,CUST00899,2026-08-18,262.61,wallet,failed,authentication_failed,payment_link,True,262.61
PAY001666,CUST00358,2026-05-07,22222.27,wallet,success,,no_action,False,0.0
PAY001667,CUST00317,2026-07-09,10387.45,upi,success,,no_action,False,0.0
PAY001668,CUST00719,2026-05-25,26443.58,wallet,failed,authentication_failed,reminder,False,0.0
PAY001669,CUST00296,2026-04-04,6018.88,card,failed,network_error,retry,True,6018.88
PAY001670,CUST00478,2026-08-15,2239.29,netbanking,success,,no_action,False,0.0
PAY001671,CUST00167,2026-03-14,9115.41,netbanking,success,,no_action,False,0.0
PAY001672,CUST00819,2026-07-27,18643.53,upi,success,,no_action,False,0.0
PAY001673,CUST00127,2026-02-27,21999.29,card,success,,no_action,False,0.0
PAY001674,CUST00441,2026-05-26,2036.62,card,success,,no_action,False,0.0
PAY001675,CUST00900,2026-07-19,31876.61,netbanking,failed,authentication_failed,reminder,False,0.0
PAY001676,CUST00159,2026-03-18,15656.86,upi,failed,card_declined,reminder,True,15656.86
PAY001677,CUST00298,2026-05-27,21183.8,upi,success,,no_action,False,0.0
PAY001678,CUST00255,2026-03-23,8813.82,wallet,success,,no_action,False,0.0
PAY001679,CUST00915,2026-07-28,8250.37,netbanking,success,,no_action,False,0.0
PAY001680,CUST00319,2026-04-18,8001.26,netbanking,failed,card_declined,payment_link,False,0.0
PAY001681,CUST00257,2026-04-18,23145.46,upi,success,,no_action,False,0.0
PAY001682,CUST00309,2026-06-02,10703.45,wallet,success,,no_action,False,0.0
PAY001683,CUST00802,2026-07-10,905.81,wallet,success,,no_action,False,0.0
PAY001684,CUST00453,2026-06-15,13886.73,netbanking,success,,no_action,False,0.0
PAY001685,CUST00478,2026-07-19,1627.82,wallet,failed,network_error,reminder,True,1627.82
PAY001686,CUST00028,2026-05-14,23933.93,upi,success,,no_action,False,0.0
PAY001687,CUST00806,2026-07-15,6217.61,netbanking,success,,no_action,False,0.0
PAY001688,CUST00922,2026-06-06,2893.69,netbanking,success,,no_action,False,0.0
PAY001689,CUST00129,2026-08-11,11066.5,wallet,failed,insufficient_funds,payment_link,True,11066.5
PAY001690,CUST00110,2026-05-11,6167.47,netbanking,success,,no_action,False,0.0
PAY001691,CUST00580,2026-07-25,14741.06,card,success,,no_action,False,0.0
PAY001692,CUST00691,2026-07-08,4081.31,card,success,,no_action,False,0.0
PAY001693,CUST00148,2026-08-17,1662.68,upi,success,,no_action,False,0.0
PAY001694,CUST00656,2026-05-16,15952.76,upi,success,,no_action,False,0.0
PAY001695,CUST00737,2026-04-18,5571.13,wallet,success,,no_action,False,0.0
PAY001696,CUST00118,2026-07-30,7296.28,card,success,,no_action,False,0.0
PAY001697,CUST00902,2026-03-24,3201.65,card,success,,no_action,False,0.0
PAY001698,CUST00486,2026-03-29,30927.67,wallet,success,,no_action,False,0.0
PAY001699,CUST00308,2026-04-14,22646.85,wallet,success,,no_action,False,0.0
PAY001700,CUST00840,2026-08-13,24949.54,netbanking,failed,timeout,retry,True,24949.54
PAY001701,CUST00632,2026-08-07,29249.21,card,success,,no_action,False,0.0
PAY001702,CUST00023,2026-08-24,4783.23,upi,success,,no_action,False,0.0
PAY001703,CUST00560,2026-07-26,7785.65,netbanking,success,,no_action,False,0.0
PAY001704,CUST00505,2026-06-06,6711.43,netbanking,success,,no_action,False,0.0
PAY001705,CUST00396,2026-04-04,1388.92,wallet,success,,no_action,False,0.0
PAY001706,CUST00029,2026-02-28,7228.87,card,success,,no_action,False,0.0
PAY001707,CUST00595,2026-08-11,2222.55,netbanking,success,,no_action,False,0.0
PAY001708,CUST00915,2026-06-23,10648.25,netbanking,failed,network_error,retry,True,10648.25
PAY001709,CUST00284,2026-07-04,12085.91,card,failed,expired_card,payment_link,True,12085.91
PAY001710,CUST00216,2026-04-11,10393.82,wallet,success,,no_action,False,0.0
PAY001711,CUST00672,2026-07-20,21140.65,upi,success,,no_action,False,0.0
PAY001712,CUST00348,2026-08-13,5768.63,upi,success,,no_action,False,0.0
PAY001713,CUST00311,2026-08-10,32312.17,wallet,success,,no_action,False,0.0
PAY001714,CUST00496,2026-07-05,2271.5,upi,success,,no_action,False,0.0
PAY001715,CUST00795,2026-05-19,21728.28,netbanking,success,,no_action,False,0.0
PAY001716,CUST00603,2026-03-05,26052.88,wallet,success,,no_action,False,0.0
PAY001717,CUST00873,2026-08-15,2504.64,upi,success,,no_action,False,0.0
PAY001718,CUST00109,2026-04-27,200.0,netbanking,success,,no_action,False,0.0
PAY001719,CUST00108,2026-06-04,11485.14,upi,success,,no_action,False,0.0
PAY001720,CUST00774,2026-03-27,6400.16,card,success,,no_action,False,0.0
PAY001721,CUST00039,2026-06-01,2107.29,card,success,,no_action,False,0.0
PAY001722,CUST00622,2026-08-23,7426.61,upi,success,,no_action,False,0.0
PAY001723,CUST00461,2026-08-08,9981.08,wallet,success,,no_action,False,0.0
PAY001724,CUST00588,2026-05-10,10800.21,wallet,success,,no_action,False,0.0
PAY001725,CUST00231,2026-04-16,11945.02,upi,failed,network_error,reminder,False,0.0
PAY001726,CUST00089,2026-04-02,13559.74,card,success,,no_action,False,0.0
PAY001727,CUST00915,2026-06-10,10063.49,card,success,,no_action,False,0.0
PAY001728,CUST00582,2026-08-09,15040.01,upi,success,,no_action,False,0.0
PAY001729,CUST00541,2026-04-20,649.22,wallet,success,,no_action,False,0.0
PAY001730,CUST00585,2026-03-15,17742.24,netbanking,failed,authentication_failed,payment_link,False,0.0
PAY001731,CUST00450,2026-07-08,10802.29,wallet,failed,authentication_failed,payment_link,True,10802.29
PAY001732,CUST00306,2026-04-26,6326.37,card,success,,no_action,False,0.0
PAY001733,CUST00053,2026-05-01,6282.95,upi,failed,expired_card,reminder,False,0.0
PAY001734,CUST00400,2026-04-07,12465.21,netbanking,success,,no_action,False,0.0
PAY001735,CUST00992,2026-06-08,1384.19,upi,failed,authentication_failed,payment_link,True,1384.19
PAY001736,CUST00634,2026-03-26,1651.08,card,success,,no_action,False,0.0
PAY001737,CUST00597,2026-05-03,11880.27,netbanking,failed,insufficient_funds,payment_link,True,11880.27
PAY001738,CUST00206,2026-05-21,8868.72,upi,success,,no_action,False,0.0
PAY001739,CUST00947,2026-03-16,15804.67,card,success,,no_action,False,0.0
PAY001740,CUST00825,2026-03-16,30202.45,card,success,,no_action,False,0.0
PAY001741,CUST00973,2026-08-01,1954.1,wallet,success,,no_action,False,0.0
PAY001742,CUST00952,2026-03-08,3035.78,upi,success,,no_action,False,0.0
PAY001743,CUST00107,2026-04-24,20800.97,card,success,,no_action,False,0.0
PAY001744,CUST00666,2026-04-25,8886.39,wallet,success,,no_action,False,0.0
PAY001745,CUST00022,2026-06-03,4607.11,upi,success,,no_action,False,0.0
PAY001746,CUST00699,2026-03-11,11345.82,card,success,,no_action,False,0.0
PAY001747,CUST00397,2026-06-15,19188.9,upi,success,,no_action,False,0.0
PAY001748,CUST00563,2026-05-24,15016.23,netbanking,success,,no_action,False,0.0
PAY001749,CUST00448,2026-03-21,649.64,card,success,,no_action,False,0.0
PAY001750,CUST00603,2026-04-30,30516.06,card,failed,insufficient_funds,reminder,False,0.0
PAY001751,CUST00833,2026-03-30,20491.06,card,success,,no_action,False,0.0
PAY001752,CUST00450,2026-04-29,11211.6,netbanking,success,,no_action,False,0.0
PAY001753,CUST00300,2026-08-13,7975.14,upi,failed,network_error,reminder,False,0.0
PAY001754,CUST00079,2026-05-28,29699.16,upi,success,,no_action,False,0.0
PAY001755,CUST00920,2026-05-14,21768.94,upi,success,,no_action,False,0.0
PAY001756,CUST00965,2026-05-05,7896.02,upi,success,,no_action,False,0.0
PAY001757,CUST00327,2026-06-11,21091.04,card,success,,no_action,False,0.0
PAY001758,CUST00723,2026-04-19,23773.97,wallet,success,,no_action,False,0.0
PAY001759,CUST00934,2026-07-17,3600.86,upi,success,,no_action,False,0.0
PAY001760,CUST00216,2026-04-27,17929.21,upi,success,,no_action,False,0.0
PAY001761,CUST00716,2026-06-22,17436.34,wallet,success,,no_action,False,0.0
PAY001762,CUST00976,2026-07-26,18184.97,card,success,,no_action,False,0.0
PAY001763,CUST00394,2026-03-19,13656.82,netbanking,success,,no_action,False,0.0
PAY001764,CUST00062,2026-06-03,4444.6,wallet,success,,no_action,False,0.0
PAY001765,CUST00394,2026-04-19,16775.69,wallet,success,,no_action,False,0.0
PAY001766,CUST00389,2026-08-14,4773.78,wallet,success,,no_action,False,0.0
PAY001767,CUST00313,2026-05-04,13008.83,card,failed,expired_card,reminder,False,0.0
PAY001768,CUST00830,2026-05-24,19600.94,upi,success,,no_action,False,0.0
PAY001769,CUST00744,2026-03-25,15271.93,wallet,failed,timeout,reminder,True,15271.93
PAY001770,CUST00567,2026-07-12,17116.01,wallet,failed,timeout,reminder,True,17116.01
PAY001771,CUST00475,2026-06-03,10811.54,netbanking,success,,no_action,False,0.0
PAY001772,CUST00479,2026-03-01,20230.58,upi,success,,no_action,False,0.0
PAY001773,CUST00288,2026-07-22,25804.48,card,failed,authentication_failed,reminder,True,25804.48
PAY001774,CUST00405,2026-08-13,1157.43,netbanking,success,,no_action,False,0.0
PAY001775,CUST00257,2026-07-21,5638.85,card,success,,no_action,False,0.0
PAY001776,CUST00677,2026-03-02,3428.13,upi,success,,no_action,False,0.0
PAY001777,CUST00451,2026-05-28,5220.77,card,success,,no_action,False,0.0
PAY001778,CUST00492,2026-03-18,9296.73,wallet,success,,no_action,False,0.0
PAY001779,CUST00284,2026-05-07,10693.4,netbanking,failed,network_error,reminder,True,10693.4
PAY001780,CUST00266,2026-08-03,15597.85,upi,success,,no_action,False,0.0
PAY001781,CUST00672,2026-08-12,14836.3,card,success,,no_action,False,0.0
PAY001782,CUST00040,2026-03-08,4769.54,wallet,success,,no_action,False,0.0
PAY001783,CUST00567,2026-05-27,22206.13,netbanking,failed,insufficient_funds,payment_link,False,0.0
PAY001784,CUST00554,2026-05-26,10261.14,card,success,,no_action,False,0.0
PAY001785,CUST00112,2026-05-20,26922.72,card,success,,no_action,False,0.0
PAY001786,CUST00585,2026-08-09,18987.2,netbanking,failed,timeout,reminder,True,18987.2
PAY001787,CUST00437,2026-05-29,17349.09,netbanking,success,,no_action,False,0.0
PAY001788,CUST00344,2026-05-12,1623.97,wallet,failed,expired_card,payment_link,True,1623.97
PAY001789,CUST00637,2026-07-31,6844.58,netbanking,failed,authentication_failed,payment_link,True,6844.58
PAY001790,CUST00217,2026-07-06,3446.07,netbanking,success,,no_action,False,0.0
PAY001791,CUST00803,2026-07-25,25853.54,upi,success,,no_action,False,0.0
PAY001792,CUST00034,2026-08-11,4520.97,upi,success,,no_action,False,0.0
PAY001793,CUST00081,2026-07-23,23888.45,upi,success,,no_action,False,0.0
PAY001794,CUST00646,2026-07-31,443.71,card,failed,authentication_failed,reminder,False,0.0
PAY001795,CUST00484,2026-04-16,12412.08,wallet,success,,no_action,False,0.0
PAY001796,CUST00857,2026-05-29,12507.51,netbanking,success,,no_action,False,0.0
PAY001797,CUST00237,2026-03-27,1340.61,wallet,success,,no_action,False,0.0
PAY001798,CUST00710,2026-05-27,6177.95,wallet,success,,no_action,False,0.0
PAY001799,CUST00574,2026-06-20,4696.88,wallet,success,,no_action,False,0.0
PAY001800,CUST00806,2026-03-30,6070.91,wallet,success,,no_action,False,0.0
PAY001801,CUST00948,2026-08-15,1310.27,wallet,success,,no_action,False,0.0
PAY001802,CUST00142,2026-05-24,19366.0,netbanking,success,,no_action,False,0.0
PAY001803,CUST00322,2026-08-06,9886.15,upi,success,,no_action,False,0.0
PAY001804,CUST00903,2026-03-28,7336.49,upi,failed,network_error,retry,True,7336.49
PAY001805,CUST00429,2026-03-30,4523.49,wallet,success,,no_action,False,0.0
PAY001806,CUST00891,2026-03-04,7120.28,card,success,,no_action,False,0.0
PAY001807,CUST00707,2026-08-23,26277.92,wallet,failed,expired_card,reminder,True,26277.92
PAY001808,CUST00571,2026-03-28,15241.84,upi,success,,no_action,False,0.0
PAY001809,CUST00345,2026-05-27,16289.07,card,failed,insufficient_funds,payment_link,True,16289.07
PAY001810,CUST00973,2026-06-17,1412.01,wallet,failed,timeout,retry,True,1412.01
PAY001811,CUST00297,2026-07-06,4524.61,upi,failed,authentication_failed,reminder,False,0.0
PAY001812,CUST00086,2026-05-31,3975.96,card,success,,no_action,False,0.0
PAY001813,CUST00691,2026-06-18,2139.12,wallet,success,,no_action,False,0.0
PAY001814,CUST00181,2026-07-02,4943.36,card,success,,no_action,False,0.0
PAY001815,CUST00350,2026-07-10,26018.23,card,success,,no_action,False,0.0
PAY001816,CUST00594,2026-05-18,1389.35,netbanking,success,,no_action,False,0.0
PAY001817,CUST00776,2026-04-20,9744.54,upi,failed,insufficient_funds,payment_link,False,0.0
PAY001818,CUST00441,2026-05-09,1671.22,netbanking,success,,no_action,False,0.0
PAY001819,CUST00170,2026-04-24,3140.07,netbanking,success,,no_action,False,0.0
PAY001820,CUST00907,2026-08-15,4399.16,netbanking,failed,insufficient_funds,payment_link,False,0.0
PAY001821,CUST00286,2026-07-17,15451.68,upi,success,,no_action,False,0.0
PAY001822,CUST00859,2026-03-08,12815.71,upi,success,,no_action,False,0.0
PAY001823,CUST00983,2026-03-04,12589.95,upi,success,,no_action,False,0.0
PAY001824,CUST00379,2026-07-22,3620.49,upi,success,,no_action,False,0.0
PAY001825,CUST00437,2026-03-26,15229.53,wallet,success,,no_action,False,0.0
PAY001826,CUST00734,2026-06-16,9751.69,card,success,,no_action,False,0.0
PAY001827,CUST00506,2026-05-27,6723.8,upi,failed,timeout,retry,True,6723.8
PAY001828,CUST00823,2026-05-20,2160.86,upi,success,,no_action,False,0.0
PAY001829,CUST00161,2026-07-07,12775.09,netbanking,success,,no_action,False,0.0
PAY001830,CUST00689,2026-08-25,19470.73,netbanking,failed,insufficient_funds,reminder,True,19470.73
PAY001831,CUST00814,2026-04-02,3867.62,card,failed,timeout,retry,True,3867.62
PAY001832,CUST00601,2026-04-23,15516.1,wallet,success,,no_action,False,0.0
PAY001833,CUST00690,2026-03-31,18969.43,wallet,failed,timeout,retry,True,18969.43
PAY001834,CUST00204,2026-02-26,13069.51,card,failed,timeout,payment_link,False,0.0
PAY001835,CUST00445,2026-03-07,1868.08,upi,success,,no_action,False,0.0
PAY001836,CUST00429,2026-06-29,3875.86,upi,success,,no_action,False,0.0
PAY001837,CUST00544,2026-08-16,4658.97,upi,failed,card_declined,reminder,False,0.0
PAY001838,CUST00497,2026-05-12,10087.5,netbanking,success,,no_action,False,0.0
PAY001839,CUST00099,2026-05-10,11651.38,upi,success,,no_action,False,0.0
PAY001840,CUST00430,2026-06-24,9888.25,wallet,success,,no_action,False,0.0
PAY001841,CUST00980,2026-06-07,8108.87,card,success,,no_action,False,0.0
PAY001842,CUST00722,2026-07-01,4341.0,upi,failed,network_error,retry,False,0.0
PAY001843,CUST00616,2026-04-22,12265.03,netbanking,success,,no_action,False,0.0
PAY001844,CUST00912,2026-05-19,27538.49,wallet,success,,no_action,False,0.0
PAY001845,CUST00268,2026-05-03,9422.96,wallet,success,,no_action,False,0.0
PAY001846,CUST00935,2026-04-23,15398.78,card,success,,no_action,False,0.0
PAY001847,CUST00348,2026-07-22,10299.05,wallet,success,,no_action,False,0.0
PAY001848,CUST00897,2026-08-05,6257.95,upi,success,,no_action,False,0.0
PAY001849,CUST00113,2026-07-14,4973.91,netbanking,success,,no_action,False,0.0
PAY001850,CUST00021,2026-03-21,13920.29,card,success,,no_action,False,0.0
PAY001851,CUST00800,2026-03-10,17677.32,netbanking,failed,authentication_failed,payment_link,True,17677.32
PAY001852,CUST00532,2026-04-25,5419.49,upi,failed,authentication_failed,reminder,True,5419.49
PAY001853,CUST00298,2026-07-17,28295.21,netbanking,success,,no_action,False,0.0
PAY001854,CUST00751,2026-07-10,1616.22,upi,failed,insufficient_funds,reminder,False,0.0
PAY001855,CUST00105,2026-05-14,1598.98,card,success,,no_action,False,0.0
PAY001856,CUST00025,2026-08-21,5948.43,upi,success,,no_action,False,0.0
PAY001857,CUST00254,2026-05-06,1857.73,wallet,failed,card_declined,payment_link,False,0.0
PAY001858,CUST00883,2026-07-05,22831.77,card,success,,no_action,False,0.0
PAY001859,CUST00740,2026-07-14,12559.97,card,success,,no_action,False,0.0
PAY001860,CUST00620,2026-07-26,6834.4,upi,success,,no_action,False,0.0
PAY001861,CUST00812,2026-06-14,617.15,netbanking,success,,no_action,False,0.0
PAY001862,CUST00525,2026-04-18,18638.39,netbanking,success,,no_action,False,0.0
PAY001863,CUST00103,2026-05-11,27653.73,netbanking,failed,authentication_failed,reminder,True,27653.73
PAY001864,CUST00440,2026-08-24,12634.19,netbanking,success,,no_action,False,0.0
PAY001865,CUST00547,2026-07-03,636.19,upi,success,,no_action,False,0.0
PAY001866,CUST00746,2026-03-25,9962.4,netbanking,success,,no_action,False,0.0
PAY001867,CUST00464,2026-07-20,8820.72,wallet,failed,network_error,retry,True,8820.72
PAY001868,CUST00112,2026-08-06,41364.6,netbanking,success,,no_action,False,0.0
PAY001869,CUST01000,2026-03-19,5473.26,upi,failed,network_error,reminder,True,5473.26
PAY001870,CUST00145,2026-06-27,4090.15,wallet,success,,no_action,False,0.0
PAY001871,CUST00536,2026-07-02,16941.02,upi,success,,no_action,False,0.0
PAY001872,CUST00259,2026-05-23,2153.53,wallet,success,,no_action,False,0.0
PAY001873,CUST00855,2026-07-19,27165.79,wallet,failed,expired_card,reminder,False,0.0
PAY001874,CUST00814,2026-05-17,5540.32,wallet,success,,no_action,False,0.0
PAY001875,CUST00983,2026-03-18,9076.5,wallet,success,,no_action,False,0.0
PAY001876,CUST00944,2026-03-17,18938.27,card,success,,no_action,False,0.0
PAY001877,CUST00385,2026-03-29,3356.61,card,success,,no_action,False,0.0
PAY001878,CUST00171,2026-06-14,13542.03,card,success,,no_action,False,0.0
PAY001879,CUST00508,2026-07-10,9696.42,upi,success,,no_action,False,0.0
PAY001880,CUST00499,2026-05-12,9164.24,wallet,success,,no_action,False,0.0
PAY001881,CUST00121,2026-08-18,15675.24,wallet,failed,timeout,reminder,False,0.0
PAY001882,CUST00278,2026-04-09,13514.47,netbanking,success,,no_action,False,0.0
PAY001883,CUST00145,2026-04-19,3435.93,netbanking,success,,no_action,False,0.0
PAY001884,CUST00823,2026-04-20,1386.7,netbanking,success,,no_action,False,0.0
PAY001885,CUST00959,2026-04-01,5650.89,netbanking,failed,timeout,reminder,False,0.0
PAY001886,CUST00169,2026-04-12,6751.7,card,success,,no_action,False,0.0
PAY001887,CUST00154,2026-04-15,11868.24,card,success,,no_action,False,0.0
PAY001888,CUST00205,2026-05-21,11895.85,card,success,,no_action,False,0.0
PAY001889,CUST00097,2026-03-15,1715.47,wallet,success,,no_action,False,0.0
PAY001890,CUST00359,2026-06-15,2579.7,netbanking,failed,card_declined,payment_link,True,2579.7
PAY001891,CUST00599,2026-06-09,18287.21,netbanking,success,,no_action,False,0.0
PAY001892,CUST00957,2026-08-09,3637.96,netbanking,success,,no_action,False,0.0
PAY001893,CUST00676,2026-07-20,7442.21,card,failed,expired_card,reminder,True,7442.21
PAY001894,CUST00105,2026-06-04,4219.13,upi,failed,authentication_failed,reminder,True,4219.13
PAY001895,CUST00339,2026-08-16,6739.48,netbanking,failed,timeout,retry,True,6739.48
PAY001896,CUST00932,2026-02-26,2734.03,wallet,success,,no_action,False,0.0
PAY001897,CUST00803,2026-06-27,33164.32,upi,success,,no_action,False,0.0
PAY001898,CUST00896,2026-03-11,17051.64,card,success,,no_action,False,0.0
PAY001899,CUST00141,2026-07-04,13546.95,wallet,success,,no_action,False,0.0
PAY001900,CUST00779,2026-06-06,18469.68,card,success,,no_action,False,0.0
PAY001901,CUST00387,2026-07-09,18453.91,netbanking,success,,no_action,False,0.0
PAY001902,CUST00325,2026-08-07,6421.71,card,failed,card_declined,reminder,False,0.0
PAY001903,CUST00854,2026-07-01,10090.17,wallet,success,,no_action,False,0.0
PAY001904,CUST00712,2026-07-18,13935.75,netbanking,success,,no_action,False,0.0
PAY001905,CUST00922,2026-05-25,2285.43,card,failed,network_error,retry,True,2285.43
PAY001906,CUST00746,2026-07-19,11053.97,wallet,success,,no_action,False,0.0
PAY001907,CUST00898,2026-02-28,30218.96,wallet,success,,no_action,False,0.0
PAY001908,CUST00201,2026-04-16,5250.73,wallet,success,,no_action,False,0.0
PAY001909,CUST00006,2026-07-31,6766.91,netbanking,failed,authentication_failed,reminder,False,0.0
PAY001910,CUST00280,2026-08-09,5566.32,card,success,,no_action,False,0.0
PAY001911,CUST00491,2026-03-12,2992.49,netbanking,success,,no_action,False,0.0
PAY001912,CUST00995,2026-08-06,696.43,card,failed,network_error,payment_link,False,0.0
PAY001913,CUST00466,2026-03-05,17935.09,card,success,,no_action,False,0.0
PAY001914,CUST00628,2026-04-12,10093.79,upi,success,,no_action,False,0.0
PAY001915,CUST00892,2026-08-08,1321.93,card,success,,no_action,False,0.0
PAY001916,CUST00728,2026-07-15,12848.93,card,success,,no_action,False,0.0
PAY001917,CUST00285,2026-03-02,24588.41,upi,success,,no_action,False,0.0
PAY001918,CUST00341,2026-07-26,21605.36,netbanking,failed,card_declined,reminder,False,0.0
PAY001919,CUST00740,2026-08-15,7003.51,netbanking,success,,no_action,False,0.0
PAY001920,CUST00413,2026-07-04,9143.87,card,success,,no_action,False,0.0
PAY001921,CUST00152,2026-06-19,3099.64,netbanking,success,,no_action,False,0.0
PAY001922,CUST00046,2026-02-26,7033.03,upi,failed,network_error,reminder,True,7033.03
PAY001923,CUST00319,2026-08-23,7007.3,netbanking,success,,no_action,False,0.0
PAY001924,CUST00089,2026-03-21,22324.42,wallet,success,,no_action,False,0.0
PAY001925,CUST00187,2026-02-28,2909.43,card,success,,no_action,False,0.0
PAY001926,CUST00223,2026-04-30,16021.05,wallet,success,,no_action,False,0.0
PAY001927,CUST00316,2026-03-31,17545.63,upi,success,,no_action,False,0.0
PAY001928,CUST00318,2026-07-20,16527.58,upi,success,,no_action,False,0.0
PAY001929,CUST00324,2026-04-15,20290.53,wallet,success,,no_action,False,0.0
PAY001930,CUST00280,2026-06-18,7019.07,netbanking,success,,no_action,False,0.0
PAY001931,CUST00271,2026-05-26,2491.82,netbanking,success,,no_action,False,0.0
PAY001932,CUST00791,2026-03-07,16117.28,wallet,failed,timeout,retry,True,16117.28
PAY001933,CUST00973,2026-07-21,1816.32,wallet,success,,no_action,False,0.0
PAY001934,CUST00216,2026-08-24,18800.24,netbanking,success,,no_action,False,0.0
PAY001935,CUST00992,2026-04-20,1432.66,netbanking,success,,no_action,False,0.0
PAY001936,CUST00265,2026-08-06,9952.37,card,success,,no_action,False,0.0
PAY001937,CUST00191,2026-07-26,17183.48,wallet,success,,no_action,False,0.0
PAY001938,CUST00331,2026-03-06,9432.61,wallet,success,,no_action,False,0.0
PAY001939,CUST00331,2026-06-27,8231.13,card,success,,no_action,False,0.0
PAY001940,CUST00343,2026-05-28,9990.99,netbanking,failed,insufficient_funds,payment_link,True,9990.99
PAY001941,CUST00314,2026-08-02,13701.51,card,success,,no_action,False,0.0
PAY001942,CUST00468,2026-06-27,25693.14,wallet,success,,no_action,False,0.0
PAY001943,CUST00855,2026-06-08,24727.78,netbanking,success,,no_action,False,0.0
PAY001944,CUST00308,2026-07-05,32656.66,card,failed,card_declined,reminder,False,0.0
PAY001945,CUST00111,2026-04-08,1760.57,wallet,success,,no_action,False,0.0
PAY001946,CUST00525,2026-07-28,23232.21,upi,success,,no_action,False,0.0
PAY001947,CUST00989,2026-05-22,13906.86,upi,success,,no_action,False,0.0
PAY001948,CUST00808,2026-04-03,6521.92,card,failed,expired_card,reminder,False,0.0
PAY001949,CUST00821,2026-04-04,220.88,wallet,success,,no_action,False,0.0
PAY001950,CUST00206,2026-03-18,13640.66,upi,success,,no_action,False,0.0
PAY001951,CUST00190,2026-06-01,9395.84,card,failed,card_declined,payment_link,False,0.0
PAY001952,CUST00006,2026-03-23,9744.19,wallet,success,,no_action,False,0.0
PAY001953,CUST00483,2026-06-24,21835.28,upi,failed,timeout,reminder,True,21835.28
PAY001954,CUST00724,2026-05-18,14850.13,upi,failed,insufficient_funds,payment_link,True,14850.13
PAY001955,CUST00782,2026-06-14,23394.51,wallet,failed,expired_card,payment_link,False,0.0
PAY001956,CUST00612,2026-07-26,1328.39,wallet,success,,no_action,False,0.0
PAY001957,CUST00028,2026-05-31,21676.18,upi,failed,card_declined,reminder,True,21676.18
PAY001958,CUST00371,2026-06-07,8628.3,card,success,,no_action,False,0.0
PAY001959,CUST00937,2026-04-21,17468.91,wallet,success,,no_action,False,0.0
PAY001960,CUST00310,2026-04-13,10997.94,netbanking,success,,no_action,False,0.0
PAY001961,CUST00436,2026-06-05,12436.14,upi,success,,no_action,False,0.0
PAY001962,CUST00692,2026-06-07,14683.64,wallet,success,,no_action,False,0.0
PAY001963,CUST00699,2026-03-19,10686.3,card,success,,no_action,False,0.0
PAY001964,CUST00355,2026-03-30,10642.18,wallet,failed,insufficient_funds,payment_link,True,10642.18
PAY001965,CUST00589,2026-08-16,2910.51,wallet,failed,insufficient_funds,payment_link,True,2910.51
PAY001966,CUST00412,2026-08-07,22373.0,wallet,success,,no_action,False,0.0
PAY001967,CUST00119,2026-06-27,333.27,wallet,success,,no_action,False,0.0
PAY001968,CUST00730,2026-04-12,19368.17,netbanking,success,,no_action,False,0.0
PAY001969,CUST00435,2026-05-23,13386.45,wallet,failed,insufficient_funds,payment_link,True,13386.45
PAY001970,CUST00971,2026-08-02,24928.17,netbanking,success,,no_action,False,0.0
PAY001971,CUST00746,2026-03-29,12847.58,wallet,success,,no_action,False,0.0
PAY001972,CUST00889,2026-03-10,9286.63,wallet,success,,no_action,False,0.0
PAY001973,CUST00911,2026-05-12,1643.25,wallet,success,,no_action,False,0.0
PAY001974,CUST00786,2026-04-12,8458.29,card,success,,no_action,False,0.0
PAY001975,CUST00301,2026-03-07,5718.94,netbanking,success,,no_action,False,0.0
PAY001976,CUST00611,2026-03-07,687.69,card,success,,no_action,False,0.0
PAY001977,CUST00545,2026-03-30,2880.57,card,success,,no_action,False,0.0
PAY001978,CUST00745,2026-06-16,686.11,upi,success,,no_action,False,0.0
PAY001979,CUST00915,2026-07-10,10906.23,upi,success,,no_action,False,0.0
PAY001980,CUST00583,2026-03-07,11568.81,card,success,,no_action,False,0.0
PAY001981,CUST00151,2026-03-18,16060.3,card,success,,no_action,False,0.0
PAY001982,CUST00346,2026-04-14,20140.23,wallet,success,,no_action,False,0.0
PAY001983,CUST00974,2026-03-18,11195.93,netbanking,success,,no_action,False,0.0
PAY001984,CUST00857,2026-05-14,40542.4,upi,success,,no_action,False,0.0
PAY001985,CUST00631,2026-06-27,12948.18,upi,failed,insufficient_funds,payment_link,True,12948.18
PAY001986,CUST00221,2026-08-21,5829.17,wallet,success,,no_action,False,0.0
PAY001987,CUST00797,2026-04-13,18641.38,card,success,,no_action,False,0.0
PAY001988,CUST00695,2026-06-10,32022.26,netbanking,success,,no_action,False,0.0
PAY001989,CUST00213,2026-05-07,664.23,wallet,success,,no_action,False,0.0
PAY001990,CUST00274,2026-04-24,422.84,netbanking,success,,no_action,False,0.0
PAY001991,CUST00019,2026-08-01,17187.32,netbanking,success,,no_action,False,0.0
PAY001992,CUST00295,2026-08-07,18258.47,wallet,success,,no_action,False,0.0
PAY001993,CUST00610,2026-07-18,8353.05,wallet,success,,no_action,False,0.0
PAY001994,CUST00013,2026-07-03,8821.9,wallet,success,,no_action,False,0.0
PAY001995,CUST00216,2026-08-14,18300.18,upi,failed,expired_card,payment_link,True,18300.18
PAY001996,CUST00873,2026-05-25,2385.89,wallet,success,,no_action,False,0.0
PAY001997,CUST00086,2026-07-11,3766.86,upi,success,,no_action,False,0.0
PAY001998,CUST00379,2026-03-05,3640.43,wallet,success,,no_action,False,0.0
PAY001999,CUST00160,2026-07-20,2490.89,upi,success,,no_action,False,0.0
PAY002000,CUST00442,2026-07-01,10501.75,card,failed,expired_card,payment_link,False,0.0
PAY002001,CUST00241,2026-03-29,200.0,wallet,success,,no_action,False,0.0
PAY002002,CUST00100,2026-03-26,18895.57,wallet,success,,no_action,False,0.0
PAY002003,CUST00585,2026-05-27,14773.04,wallet,success,,no_action,False,0.0
PAY002004,CUST00770,2026-07-29,12166.0,upi,success,,no_action,False,0.0
PAY002005,CUST00286,2026-08-20,14039.26,card,success,,no_action,False,0.0
PAY002006,CUST00984,2026-07-12,15785.18,netbanking,success,,no_action,False,0.0
PAY002007,CUST00402,2026-06-21,17013.06,wallet,success,,no_action,False,0.0
PAY002008,CUST00161,2026-02-26,16626.33,upi,success,,no_action,False,0.0
PAY002009,CUST00546,2026-03-23,16309.44,upi,success,,no_action,False,0.0
PAY002010,CUST00393,2026-03-05,1813.94,wallet,failed,network_error,reminder,True,1813.94
PAY002011,CUST00634,2026-06-10,1527.54,card,success,,no_action,False,0.0
PAY002012,CUST00969,2026-04-30,15754.83,card,success,,no_action,False,0.0
PAY002013,CUST00171,2026-08-12,8351.86,card,failed,insufficient_funds,payment_link,True,8351.86
PAY002014,CUST00399,2026-04-28,14481.33,upi,failed,card_declined,reminder,True,14481.33
PAY002015,CUST00180,2026-05-12,11909.79,upi,success,,no_action,False,0.0
PAY002016,CUST00067,2026-08-20,22767.03,wallet,success,,no_action,False,0.0
PAY002017,CUST00618,2026-07-04,15133.55,wallet,failed,card_declined,reminder,False,0.0
PAY002018,CUST00657,2026-04-07,31092.49,netbanking,success,,no_action,False,0.0
PAY002019,CUST00251,2026-03-15,13529.21,wallet,success,,no_action,False,0.0
PAY002020,CUST00008,2026-03-16,18765.49,wallet,failed,network_error,retry,True,18765.49
PAY002021,CUST00802,2026-07-31,630.52,card,success,,no_action,False,0.0
PAY002022,CUST00663,2026-03-13,11962.96,card,success,,no_action,False,0.0
PAY002023,CUST00300,2026-07-06,9308.43,card,success,,no_action,False,0.0
PAY002024,CUST00645,2026-05-04,16310.82,wallet,failed,insufficient_funds,reminder,True,16310.82
PAY002025,CUST00777,2026-05-23,11546.72,card,failed,expired_card,payment_link,True,11546.72
PAY002026,CUST00146,2026-05-21,24935.59,upi,success,,no_action,False,0.0
PAY002027,CUST00658,2026-07-01,21711.87,card,success,,no_action,False,0.0
PAY002028,CUST00771,2026-05-21,17148.28,netbanking,success,,no_action,False,0.0
PAY002029,CUST00807,2026-07-21,20414.59,wallet,success,,no_action,False,0.0
PAY002030,CUST00282,2026-05-10,14941.82,upi,success,,no_action,False,0.0
PAY002031,CUST00027,2026-04-07,6462.91,netbanking,failed,expired_card,reminder,False,0.0
PAY002032,CUST00582,2026-06-18,20919.64,netbanking,success,,no_action,False,0.0
PAY002033,CUST00690,2026-05-11,15247.69,upi,success,,no_action,False,0.0
PAY002034,CUST00880,2026-04-21,9728.82,upi,success,,no_action,False,0.0
PAY002035,CUST00598,2026-03-01,26205.04,netbanking,success,,no_action,False,0.0
PAY002036,CUST00266,2026-04-10,10974.54,wallet,success,,no_action,False,0.0
PAY002037,CUST00996,2026-05-17,12678.19,netbanking,failed,authentication_failed,payment_link,False,0.0
PAY002038,CUST00536,2026-07-10,10228.61,wallet,success,,no_action,False,0.0
PAY002039,CUST00494,2026-06-03,2494.0,upi,success,,no_action,False,0.0
PAY002040,CUST00015,2026-04-24,17590.41,upi,success,,no_action,False,0.0
PAY002041,CUST00154,2026-03-28,10731.57,netbanking,success,,no_action,False,0.0
PAY002042,CUST00666,2026-07-10,9911.74,card,success,,no_action,False,0.0
PAY002043,CUST00920,2026-06-08,23301.14,upi,failed,expired_card,payment_link,False,0.0
PAY002044,CUST00642,2026-07-12,13367.73,card,success,,no_action,False,0.0
PAY002045,CUST00867,2026-07-09,5357.44,card,failed,insufficient_funds,payment_link,True,5357.44
PAY002046,CUST00254,2026-04-25,1477.35,upi,failed,timeout,reminder,False,0.0
PAY002047,CUST00707,2026-07-31,39243.7,wallet,success,,no_action,False,0.0
PAY002048,CUST00273,2026-03-31,13996.47,upi,failed,insufficient_funds,payment_link,False,0.0
PAY002049,CUST00536,2026-04-25,15187.91,netbanking,success,,no_action,False,0.0
PAY002050,CUST00250,2026-03-11,1046.79,wallet,success,,no_action,False,0.0
PAY002051,CUST00327,2026-03-27,14346.3,card,success,,no_action,False,0.0
PAY002052,CUST00453,2026-05-13,17411.23,upi,success,,no_action,False,0.0
PAY002053,CUST00583,2026-03-26,12720.28,card,success,,no_action,False,0.0
PAY002054,CUST00738,2026-08-07,8997.03,upi,success,,no_action,False,0.0
PAY002055,CUST00630,2026-07-29,1193.55,wallet,failed,expired_card,reminder,False,0.0
PAY002056,CUST00278,2026-08-10,14815.72,wallet,success,,no_action,False,0.0
PAY002057,CUST00307,2026-08-18,10291.8,netbanking,failed,card_declined,reminder,True,10291.8
PAY002058,CUST00575,2026-04-13,12675.94,wallet,success,,no_action,False,0.0
PAY002059,CUST00500,2026-04-12,361.63,wallet,success,,no_action,False,0.0
PAY002060,CUST00068,2026-08-20,19747.83,card,failed,network_error,reminder,True,19747.83
PAY002061,CUST00552,2026-03-25,9098.65,upi,success,,no_action,False,0.0
PAY002062,CUST00782,2026-07-11,24080.52,netbanking,success,,no_action,False,0.0
PAY002063,CUST00484,2026-08-17,16782.09,card,failed,authentication_failed,payment_link,True,16782.09
PAY002064,CUST00159,2026-04-07,12054.99,wallet,failed,card_declined,reminder,True,12054.99
PAY002065,CUST00334,2026-06-12,12822.42,wallet,success,,no_action,False,0.0
PAY002066,CUST00799,2026-05-14,18216.41,upi,failed,network_error,retry,False,0.0
PAY002067,CUST00380,2026-05-15,3795.67,netbanking,failed,timeout,reminder,True,3795.67
PAY002068,CUST00436,2026-06-09,6096.16,card,success,,no_action,False,0.0
PAY002069,CUST00057,2026-04-02,12751.24,wallet,success,,no_action,False,0.0
PAY002070,CUST00999,2026-05-02,20348.63,upi,success,,no_action,False,0.0
PAY002071,CUST00302,2026-06-15,23026.42,netbanking,success,,no_action,False,0.0
PAY002072,CUST00810,2026-05-07,19753.94,upi,failed,authentication_failed,reminder,True,19753.94
PAY002073,CUST00110,2026-05-20,7652.61,card,success,,no_action,False,0.0
PAY002074,CUST00741,2026-06-05,4019.19,wallet,failed,insufficient_funds,reminder,False,0.0
PAY002075,CUST00705,2026-07-31,24001.35,wallet,success,,no_action,False,0.0
PAY002076,CUST00601,2026-03-12,16683.2,wallet,success,,no_action,False,0.0
PAY002077,CUST00655,2026-03-16,15295.7,wallet,failed,insufficient_funds,reminder,True,15295.7
PAY002078,CUST00333,2026-04-05,1081.16,wallet,success,,no_action,False,0.0
PAY002079,CUST00604,2026-05-20,21831.65,card,success,,no_action,False,0.0
PAY002080,CUST00587,2026-05-11,11100.37,netbanking,success,,no_action,False,0.0
PAY002081,CUST00707,2026-05-17,45510.5,card,failed,timeout,reminder,True,45510.5
PAY002082,CUST00981,2026-04-21,1366.75,netbanking,failed,network_error,reminder,False,0.0
PAY002083,CUST00189,2026-08-18,4372.13,netbanking,success,,no_action,False,0.0
PAY002084,CUST00995,2026-03-03,628.97,netbanking,success,,no_action,False,0.0
PAY002085,CUST00144,2026-06-30,3155.92,wallet,success,,no_action,False,0.0
PAY002086,CUST00818,2026-06-17,7590.98,netbanking,success,,no_action,False,0.0
PAY002087,CUST00033,2026-07-01,3739.49,netbanking,success,,no_action,False,0.0
PAY002088,CUST00290,2026-07-18,14018.78,card,success,,no_action,False,0.0
PAY002089,CUST00800,2026-07-07,14269.79,card,success,,no_action,False,0.0
PAY002090,CUST00867,2026-04-15,5938.22,wallet,success,,no_action,False,0.0
PAY002091,CUST00770,2026-06-25,6291.0,card,failed,network_error,reminder,False,0.0
PAY002092,CUST00463,2026-03-16,16754.67,upi,success,,no_action,False,0.0
PAY002093,CUST00187,2026-08-22,1131.65,netbanking,success,,no_action,False,0.0
PAY002094,CUST00758,2026-05-12,16537.57,card,success,,no_action,False,0.0
PAY002095,CUST00007,2026-04-24,15667.51,wallet,success,,no_action,False,0.0
PAY002096,CUST00331,2026-04-24,6281.97,wallet,success,,no_action,False,0.0
PAY002097,CUST00599,2026-04-18,16059.61,wallet,success,,no_action,False,0.0
PAY002098,CUST00789,2026-04-06,20573.81,netbanking,failed,timeout,retry,True,20573.81
PAY002099,CUST00194,2026-03-23,19370.2,upi,success,,no_action,False,0.0
PAY002100,CUST00027,2026-03-15,4765.55,card,failed,authentication_failed,reminder,True,4765.55
PAY002101,CUST00336,2026-04-08,3451.29,upi,success,,no_action,False,0.0
PAY002102,CUST00435,2026-04-22,6684.78,netbanking,success,,no_action,False,0.0
PAY002103,CUST00791,2026-06-02,14502.08,wallet,success,,no_action,False,0.0
PAY002104,CUST00027,2026-03-10,6634.01,wallet,failed,timeout,reminder,True,6634.01
PAY002105,CUST00458,2026-03-29,327.89,wallet,success,,no_action,False,0.0
PAY002106,CUST00096,2026-07-24,17593.89,upi,success,,no_action,False,0.0
PAY002107,CUST00742,2026-07-01,12916.58,upi,success,,no_action,False,0.0
PAY002108,CUST00759,2026-05-18,11988.54,netbanking,success,,no_action,False,0.0
PAY002109,CUST00426,2026-07-06,17097.36,netbanking,success,,no_action,False,0.0
PAY002110,CUST00115,2026-06-03,33199.86,wallet,success,,no_action,False,0.0
PAY002111,CUST00823,2026-05-16,583.23,card,success,,no_action,False,0.0
PAY002112,CUST00857,2026-08-11,38913.47,card,success,,no_action,False,0.0
PAY002113,CUST00308,2026-05-07,27133.45,wallet,failed,insufficient_funds,reminder,False,0.0
PAY002114,CUST00748,2026-04-30,41728.19,netbanking,success,,no_action,False,0.0
PAY002115,CUST00182,2026-06-26,20156.73,upi,success,,no_action,False,0.0
PAY002116,CUST00781,2026-04-20,4001.71,card,success,,no_action,False,0.0
PAY002117,CUST00888,2026-06-13,21475.0,wallet,success,,no_action,False,0.0
PAY002118,CUST00177,2026-08-16,4531.01,upi,success,,no_action,False,0.0
PAY002119,CUST00186,2026-03-05,564.86,netbanking,failed,insufficient_funds,reminder,False,0.0
PAY002120,CUST00510,2026-03-05,26479.15,netbanking,failed,expired_card,payment_link,False,0.0
PAY002121,CUST00803,2026-06-26,42029.82,card,success,,no_action,False,0.0
PAY002122,CUST00036,2026-06-02,15185.81,wallet,success,,no_action,False,0.0
PAY002123,CUST00781,2026-03-01,3481.22,upi,success,,no_action,False,0.0
PAY002124,CUST00358,2026-06-27,24562.72,card,success,,no_action,False,0.0
PAY002125,CUST00476,2026-07-13,8592.14,wallet,success,,no_action,False,0.0
PAY002126,CUST00451,2026-06-26,6054.5,card,success,,no_action,False,0.0
PAY002127,CUST00922,2026-08-13,3748.15,netbanking,success,,no_action,False,0.0
PAY002128,CUST00553,2026-07-22,1117.66,card,success,,no_action,False,0.0
PAY002129,CUST00201,2026-03-31,6907.47,upi,success,,no_action,False,0.0
PAY002130,CUST00825,2026-08-02,29351.77,card,failed,timeout,reminder,True,29351.77
PAY002131,CUST00108,2026-04-14,10602.77,upi,success,,no_action,False,0.0
PAY002132,CUST00748,2026-07-09,28177.11,wallet,success,,no_action,False,0.0
PAY002133,CUST00530,2026-03-31,6166.75,netbanking,success,,no_action,False,0.0
PAY002134,CUST00336,2026-04-17,1768.63,card,failed,network_error,retry,True,1768.63
PAY002135,CUST00187,2026-03-06,3137.6,card,success,,no_action,False,0.0
PAY002136,CUST00856,2026-06-29,15593.27,netbanking,success,,no_action,False,0.0
PAY002137,CUST00496,2026-07-23,2182.83,netbanking,success,,no_action,False,0.0
PAY002138,CUST00416,2026-03-28,7737.26,netbanking,success,,no_action,False,0.0
PAY002139,CUST00763,2026-07-07,8682.37,netbanking,success,,no_action,False,0.0
PAY002140,CUST00947,2026-06-30,6308.32,upi,success,,no_action,False,0.0
PAY002141,CUST00791,2026-08-16,28550.58,wallet,success,,no_action,False,0.0
PAY002142,CUST00877,2026-07-15,3801.87,card,failed,network_error,retry,True,3801.87
PAY002143,CUST00130,2026-06-23,1640.34,card,success,,no_action,False,0.0
PAY002144,CUST00850,2026-05-25,19713.28,netbanking,success,,no_action,False,0.0
PAY002145,CUST00315,2026-03-19,29621.8,wallet,success,,no_action,False,0.0
PAY002146,CUST00990,2026-08-19,14314.24,wallet,failed,authentication_failed,payment_link,True,14314.24
PAY002147,CUST00228,2026-05-27,8033.01,card,success,,no_action,False,0.0
PAY002148,CUST00539,2026-07-11,15103.22,upi,success,,no_action,False,0.0
PAY002149,CUST00538,2026-07-11,8266.35,upi,success,,no_action,False,0.0
PAY002150,CUST00171,2026-08-19,12331.17,netbanking,success,,no_action,False,0.0
PAY002151,CUST00170,2026-08-01,1906.29,upi,failed,timeout,retry,True,1906.29
PAY002152,CUST00435,2026-06-08,5568.23,upi,success,,no_action,False,0.0
PAY002153,CUST00304,2026-05-13,9866.36,wallet,failed,network_error,retry,True,9866.36
PAY002154,CUST00001,2026-08-01,3297.8,netbanking,success,,no_action,False,0.0
PAY002155,CUST00609,2026-06-11,18004.94,card,success,,no_action,False,0.0
PAY002156,CUST00144,2026-04-07,4245.36,upi,success,,no_action,False,0.0
PAY002157,CUST00662,2026-04-16,2233.86,wallet,success,,no_action,False,0.0
PAY002158,CUST00255,2026-06-08,8460.62,netbanking,success,,no_action,False,0.0
PAY002159,CUST00127,2026-04-03,17435.59,upi,success,,no_action,False,0.0
PAY002160,CUST00689,2026-07-10,18641.62,card,success,,no_action,False,0.0
PAY002161,CUST00106,2026-06-18,711.41,wallet,success,,no_action,False,0.0
PAY002162,CUST00306,2026-05-24,9596.88,wallet,success,,no_action,False,0.0
PAY002163,CUST00897,2026-05-02,4357.45,netbanking,failed,insufficient_funds,reminder,True,4357.45
PAY002164,CUST00116,2026-06-30,9887.93,upi,failed,timeout,reminder,False,0.0
PAY002165,CUST00777,2026-03-24,13803.58,netbanking,success,,no_action,False,0.0
PAY002166,CUST00091,2026-08-15,2913.35,netbanking,success,,no_action,False,0.0
PAY002167,CUST00507,2026-08-08,15546.86,wallet,success,,no_action,False,0.0
PAY002168,CUST00108,2026-08-08,12986.42,netbanking,success,,no_action,False,0.0
PAY002169,CUST00521,2026-05-01,2250.86,netbanking,success,,no_action,False,0.0
PAY002170,CUST00366,2026-06-30,2260.72,card,success,,no_action,False,0.0
PAY002171,CUST00249,2026-08-15,14727.45,upi,success,,no_action,False,0.0
PAY002172,CUST00273,2026-07-20,21682.82,wallet,success,,no_action,False,0.0
PAY002173,CUST00385,2026-03-25,4423.08,wallet,success,,no_action,False,0.0
PAY002174,CUST00605,2026-03-28,1617.69,card,success,,no_action,False,0.0
PAY002175,CUST00990,2026-08-17,8201.87,upi,success,,no_action,False,0.0
PAY002176,CUST00727,2026-06-18,27025.03,wallet,failed,insufficient_funds,escalate,True,27025.03
PAY002177,CUST00873,2026-07-09,2166.44,wallet,success,,no_action,False,0.0
PAY002178,CUST00039,2026-03-04,3509.57,wallet,success,,no_action,False,0.0
PAY002179,CUST00222,2026-05-21,11417.21,upi,success,,no_action,False,0.0
PAY002180,CUST00102,2026-05-01,781.33,card,success,,no_action,False,0.0
PAY002181,CUST00368,2026-04-30,12525.6,netbanking,success,,no_action,False,0.0
PAY002182,CUST00284,2026-04-08,12751.52,wallet,failed,timeout,reminder,True,12751.52
PAY002183,CUST00215,2026-05-26,23099.47,netbanking,success,,no_action,False,0.0
PAY002184,CUST00800,2026-08-02,19671.75,card,success,,no_action,False,0.0
PAY002185,CUST00552,2026-05-15,6864.55,upi,success,,no_action,False,0.0
PAY002186,CUST00104,2026-07-03,10847.86,wallet,success,,no_action,False,0.0
PAY002187,CUST00655,2026-06-30,17214.0,upi,failed,card_declined,reminder,True,17214.0
PAY002188,CUST00360,2026-03-26,12363.03,netbanking,failed,card_declined,reminder,True,12363.03
PAY002189,CUST00195,2026-08-24,28326.67,netbanking,success,,no_action,False,0.0
PAY002190,CUST00658,2026-08-23,14502.22,upi,success,,no_action,False,0.0
PAY002191,CUST00078,2026-05-04,5125.77,card,failed,timeout,reminder,True,5125.77
PAY002192,CUST00150,2026-06-07,16195.39,netbanking,success,,no_action,False,0.0
PAY002193,CUST00137,2026-03-19,18236.41,netbanking,success,,no_action,False,0.0
PAY002194,CUST00332,2026-03-08,2576.09,upi,success,,no_action,False,0.0
PAY002195,CUST00252,2026-04-24,11912.72,netbanking,success,,no_action,False,0.0
PAY002196,CUST00854,2026-04-24,8886.35,upi,success,,no_action,False,0.0
PAY002197,CUST00451,2026-03-03,4543.61,card,success,,no_action,False,0.0
PAY002198,CUST00879,2026-07-21,9298.52,wallet,failed,network_error,reminder,True,9298.52
PAY002199,CUST00197,2026-06-05,1843.33,wallet,success,,no_action,False,0.0
PAY002200,CUST00765,2026-05-30,34074.49,netbanking,success,,no_action,False,0.0
PAY002201,CUST00823,2026-05-28,1517.07,netbanking,failed,card_declined,reminder,True,1517.07
PAY002202,CUST00079,2026-08-24,16729.45,upi,success,,no_action,False,0.0
PAY002203,CUST00253,2026-07-13,6325.76,card,failed,authentication_failed,payment_link,False,0.0
PAY002204,CUST00322,2026-07-30,5575.98,card,success,,no_action,False,0.0
PAY002205,CUST00234,2026-07-23,9389.73,upi,success,,no_action,False,0.0
PAY002206,CUST00857,2026-06-18,16218.63,card,success,,no_action,False,0.0
PAY002207,CUST00510,2026-06-20,22597.41,upi,success,,no_action,False,0.0
PAY002208,CUST00573,2026-08-25,16326.88,netbanking,success,,no_action,False,0.0
PAY002209,CUST00152,2026-03-14,2489.69,card,success,,no_action,False,0.0
PAY002210,CUST00978,2026-07-01,17371.77,card,success,,no_action,False,0.0
PAY002211,CUST00442,2026-05-16,6487.98,upi,failed,card_declined,payment_link,False,0.0
PAY002212,CUST00552,2026-07-06,11985.96,upi,success,,no_action,False,0.0
PAY002213,CUST00969,2026-07-14,10220.24,wallet,success,,no_action,False,0.0
PAY002214,CUST00698,2026-05-28,347.09,card,success,,no_action,False,0.0
PAY002215,CUST00602,2026-03-16,3372.08,card,success,,no_action,False,0.0
PAY002216,CUST00629,2026-04-16,1777.99,wallet,success,,no_action,False,0.0
PAY002217,CUST00255,2026-07-02,12274.88,upi,failed,insufficient_funds,payment_link,False,0.0
PAY002218,CUST00747,2026-03-22,16048.95,card,success,,no_action,False,0.0
PAY002219,CUST00969,2026-06-03,7644.98,wallet,success,,no_action,False,0.0
PAY002220,CUST00714,2026-05-24,17533.44,wallet,success,,no_action,False,0.0
PAY002221,CUST00188,2026-05-03,3723.07,wallet,failed,network_error,reminder,True,3723.07
PAY002222,CUST00412,2026-08-10,27198.28,upi,success,,no_action,False,0.0
PAY002223,CUST00649,2026-03-03,13910.15,card,success,,no_action,False,0.0
PAY002224,CUST00901,2026-03-22,18544.91,card,failed,insufficient_funds,reminder,True,18544.91
PAY002225,CUST00173,2026-06-04,3986.29,card,success,,no_action,False,0.0
PAY002226,CUST00314,2026-03-15,12694.33,card,failed,authentication_failed,reminder,True,12694.33
PAY002227,CUST00979,2026-04-22,18470.09,wallet,success,,no_action,False,0.0
PAY002228,CUST01000,2026-08-19,6595.6,netbanking,success,,no_action,False,0.0
PAY002229,CUST00935,2026-04-12,21321.14,upi,failed,timeout,reminder,False,0.0
PAY002230,CUST00520,2026-03-07,6990.55,upi,failed,network_error,reminder,True,6990.55
PAY002231,CUST00958,2026-03-25,6582.04,card,failed,expired_card,reminder,False,0.0
PAY002232,CUST00358,2026-04-09,19257.22,upi,success,,no_action,False,0.0
PAY002233,CUST00922,2026-08-13,3532.56,upi,failed,expired_card,reminder,False,0.0
PAY002234,CUST00562,2026-03-27,27527.84,wallet,success,,no_action,False,0.0
PAY002235,CUST00685,2026-04-03,13950.65,netbanking,success,,no_action,False,0.0
PAY002236,CUST00246,2026-06-09,24017.6,wallet,success,,no_action,False,0.0
PAY002237,CUST00043,2026-07-27,8454.22,wallet,failed,timeout,retry,True,8454.22
PAY002238,CUST00102,2026-05-19,1271.32,card,success,,no_action,False,0.0
PAY002239,CUST00934,2026-05-19,2208.32,wallet,failed,timeout,retry,True,2208.32
PAY002240,CUST00139,2026-08-05,11308.03,upi,success,,no_action,False,0.0
PAY002241,CUST00437,2026-03-19,14712.33,wallet,success,,no_action,False,0.0
PAY002242,CUST00503,2026-05-15,1451.01,wallet,success,,no_action,False,0.0
PAY002243,CUST00510,2026-03-08,24947.25,netbanking,failed,timeout,reminder,True,24947.25
PAY002244,CUST00193,2026-03-10,534.72,upi,success,,no_action,False,0.0
PAY002245,CUST00548,2026-05-14,284.38,card,success,,no_action,False,0.0
PAY002246,CUST00395,2026-07-06,6201.44,card,failed,timeout,retry,False,0.0
PAY002247,CUST00537,2026-08-19,5718.82,upi,success,,no_action,False,0.0
PAY002248,CUST00716,2026-03-16,18297.08,wallet,failed,card_declined,payment_link,True,18297.08
PAY002249,CUST00732,2026-08-01,5249.48,upi,success,,no_action,False,0.0
PAY002250,CUST00016,2026-03-27,20074.17,card,failed,card_declined,payment_link,False,0.0
PAY002251,CUST00947,2026-06-01,9227.12,netbanking,failed,network_error,retry,True,9227.12
PAY002252,CUST00940,2026-04-03,42193.31,wallet,success,,no_action,False,0.0
PAY002253,CUST00614,2026-08-05,24497.03,wallet,success,,no_action,False,0.0
PAY002254,CUST00318,2026-05-06,19001.69,upi,failed,timeout,reminder,False,0.0
PAY002255,CUST00420,2026-04-15,17318.98,wallet,failed,network_error,retry,True,17318.98
PAY002256,CUST00837,2026-06-07,23569.41,card,success,,no_action,False,0.0
PAY002257,CUST00043,2026-08-21,8926.16,wallet,success,,no_action,False,0.0
PAY002258,CUST00229,2026-07-01,1949.0,card,success,,no_action,False,0.0
PAY002259,CUST00069,2026-06-07,9066.53,netbanking,failed,timeout,reminder,False,0.0
PAY002260,CUST00292,2026-07-21,6715.41,netbanking,success,,no_action,False,0.0
PAY002261,CUST00268,2026-04-18,11817.76,upi,failed,authentication_failed,payment_link,True,11817.76
PAY002262,CUST00131,2026-03-25,13051.99,card,success,,no_action,False,0.0
PAY002263,CUST00115,2026-06-05,25505.63,upi,success,,no_action,False,0.0
PAY002264,CUST00189,2026-08-02,6432.58,card,success,,no_action,False,0.0
PAY002265,CUST00380,2026-03-08,4674.02,wallet,failed,network_error,reminder,True,4674.02
PAY002266,CUST00679,2026-07-21,21468.08,upi,failed,timeout,reminder,True,21468.08
PAY002267,CUST00015,2026-05-01,14337.63,upi,success,,no_action,False,0.0
PAY002268,CUST00944,2026-04-06,26290.46,card,success,,no_action,False,0.0
PAY002269,CUST00970,2026-04-24,3423.46,netbanking,success,,no_action,False,0.0
PAY002270,CUST00189,2026-06-18,4223.26,wallet,success,,no_action,False,0.0
PAY002271,CUST00072,2026-05-10,4666.45,upi,success,,no_action,False,0.0
PAY002272,CUST00571,2026-08-20,17030.57,netbanking,success,,no_action,False,0.0
PAY002273,CUST00067,2026-03-02,27973.03,wallet,success,,no_action,False,0.0
PAY002274,CUST00634,2026-04-03,1334.12,netbanking,success,,no_action,False,0.0
PAY002275,CUST00924,2026-02-27,200.0,card,success,,no_action,False,0.0
PAY002276,CUST00391,2026-03-28,14793.98,wallet,success,,no_action,False,0.0
PAY002277,CUST00878,2026-03-16,5768.05,card,success,,no_action,False,0.0
PAY002278,CUST00021,2026-08-20,15378.54,wallet,failed,timeout,retry,True,15378.54
PAY002279,CUST00631,2026-08-07,6488.07,upi,failed,authentication_failed,reminder,True,6488.07
PAY002280,CUST00466,2026-05-29,35521.62,wallet,failed,card_declined,payment_link,True,35521.62
PAY002281,CUST00230,2026-04-08,1026.93,upi,failed,network_error,retry,False,0.0
PAY002282,CUST00377,2026-05-13,712.09,card,success,,no_action,False,0.0
PAY002283,CUST00148,2026-05-27,5961.82,upi,failed,card_declined,reminder,False,0.0
PAY002284,CUST00214,2026-06-12,22048.05,wallet,success,,no_action,False,0.0
PAY002285,CUST00472,2026-05-23,3066.5,wallet,success,,no_action,False,0.0
PAY002286,CUST00334,2026-07-11,7815.32,wallet,success,,no_action,False,0.0
PAY002287,CUST00211,2026-08-03,18385.27,upi,failed,timeout,retry,True,18385.27
PAY002288,CUST00373,2026-06-10,14272.96,wallet,success,,no_action,False,0.0
PAY002289,CUST00384,2026-06-26,16171.2,upi,success,,no_action,False,0.0
PAY002290,CUST00112,2026-04-22,18793.1,wallet,success,,no_action,False,0.0
PAY002291,CUST00346,2026-07-08,14112.87,upi,success,,no_action,False,0.0
PAY002292,CUST00443,2026-08-15,24048.52,upi,success,,no_action,False,0.0
PAY002293,CUST00177,2026-04-06,5862.8,netbanking,failed,timeout,retry,True,5862.8
PAY002294,CUST00657,2026-05-18,14417.2,upi,success,,no_action,False,0.0
PAY002295,CUST00480,2026-06-30,26704.17,upi,failed,card_declined,reminder,False,0.0
PAY002296,CUST00324,2026-03-14,11104.25,card,success,,no_action,False,0.0
PAY002297,CUST00088,2026-03-11,7411.42,card,success,,no_action,False,0.0
PAY002298,CUST00340,2026-04-05,5186.65,netbanking,success,,no_action,False,0.0
PAY002299,CUST00981,2026-03-14,1021.4,upi,success,,no_action,False,0.0
PAY002300,CUST00372,2026-08-25,12328.22,wallet,success,,no_action,False,0.0
PAY002301,CUST00180,2026-07-19,9734.57,netbanking,success,,no_action,False,0.0
PAY002302,CUST00164,2026-08-03,890.1,wallet,success,,no_action,False,0.0
PAY002303,CUST00420,2026-08-05,15577.59,upi,success,,no_action,False,0.0
PAY002304,CUST00481,2026-06-19,14872.13,upi,failed,timeout,retry,True,14872.13
PAY002305,CUST00100,2026-06-03,12097.38,card,success,,no_action,False,0.0
PAY002306,CUST00485,2026-05-29,14323.84,card,success,,no_action,False,0.0
PAY002307,CUST00954,2026-03-03,14528.21,wallet,failed,card_declined,payment_link,True,14528.21
PAY002308,CUST00994,2026-03-15,3646.96,netbanking,failed,insufficient_funds,reminder,False,0.0
PAY002309,CUST00182,2026-08-18,23230.42,upi,success,,no_action,False,0.0
PAY002310,CUST00404,2026-03-19,2942.99,upi,failed,expired_card,reminder,True,2942.99
PAY002311,CUST00364,2026-07-27,22214.57,wallet,success,,no_action,False,0.0
PAY002312,CUST00428,2026-05-08,32807.11,netbanking,success,,no_action,False,0.0
PAY002313,CUST00533,2026-04-09,12980.49,card,success,,no_action,False,0.0
PAY002314,CUST00054,2026-06-16,3157.45,netbanking,success,,no_action,False,0.0
PAY002315,CUST00346,2026-08-13,9484.28,card,success,,no_action,False,0.0
PAY002316,CUST00470,2026-08-04,15530.79,card,success,,no_action,False,0.0
PAY002317,CUST00011,2026-04-18,4019.39,card,success,,no_action,False,0.0
PAY002318,CUST00927,2026-07-07,16306.41,netbanking,failed,expired_card,payment_link,True,16306.41
PAY002319,CUST00875,2026-05-24,924.61,wallet,success,,no_action,False,0.0
PAY002320,CUST00136,2026-05-05,33414.44,upi,success,,no_action,False,0.0
PAY002321,CUST00086,2026-03-19,3221.6,wallet,success,,no_action,False,0.0
PAY002322,CUST00825,2026-03-30,22639.43,card,success,,no_action,False,0.0
PAY002323,CUST00826,2026-06-01,19099.17,upi,success,,no_action,False,0.0
PAY002324,CUST00067,2026-04-27,18121.95,upi,success,,no_action,False,0.0
PAY002325,CUST00798,2026-05-24,2371.95,card,success,,no_action,False,0.0
PAY002326,CUST00892,2026-08-05,1339.47,card,success,,no_action,False,0.0
PAY002327,CUST00989,2026-03-25,18637.5,netbanking,success,,no_action,False,0.0
PAY002328,CUST00628,2026-04-02,7556.56,card,success,,no_action,False,0.0
PAY002329,CUST00205,2026-03-21,20424.05,upi,success,,no_action,False,0.0
PAY002330,CUST00004,2026-04-26,7154.81,wallet,success,,no_action,False,0.0
PAY002331,CUST00216,2026-04-17,17271.38,netbanking,failed,card_declined,payment_link,True,17271.38
PAY002332,CUST00726,2026-08-18,8742.65,wallet,failed,card_declined,payment_link,True,8742.65
PAY002333,CUST00607,2026-03-18,4111.88,upi,success,,no_action,False,0.0
PAY002334,CUST00181,2026-07-14,6560.36,upi,success,,no_action,False,0.0
PAY002335,CUST00590,2026-05-19,4757.72,card,success,,no_action,False,0.0
PAY002336,CUST00775,2026-08-07,20953.32,upi,success,,no_action,False,0.0
PAY002337,CUST00857,2026-05-01,18560.2,netbanking,success,,no_action,False,0.0
PAY002338,CUST00845,2026-07-11,4824.04,netbanking,success,,no_action,False,0.0
PAY002339,CUST00008,2026-04-08,10445.72,netbanking,success,,no_action,False,0.0
PAY002340,CUST00067,2026-05-25,7719.44,card,success,,no_action,False,0.0
PAY002341,CUST00925,2026-06-20,18376.27,wallet,success,,no_action,False,0.0
PAY002342,CUST00013,2026-05-29,14189.61,netbanking,success,,no_action,False,0.0
PAY002343,CUST00715,2026-05-18,21090.49,card,success,,no_action,False,0.0
PAY002344,CUST00462,2026-07-01,574.97,netbanking,success,,no_action,False,0.0
PAY002345,CUST00321,2026-04-10,15932.29,upi,success,,no_action,False,0.0
PAY002346,CUST00044,2026-06-24,17333.44,wallet,success,,no_action,False,0.0
PAY002347,CUST00333,2026-06-24,1304.54,wallet,success,,no_action,False,0.0
PAY002348,CUST00464,2026-06-04,5885.03,upi,success,,no_action,False,0.0
PAY002349,CUST00430,2026-08-06,14001.7,netbanking,success,,no_action,False,0.0
PAY002350,CUST00153,2026-06-17,6828.51,wallet,success,,no_action,False,0.0
PAY002351,CUST00811,2026-04-14,558.58,upi,success,,no_action,False,0.0
PAY002352,CUST00223,2026-06-26,6506.26,card,success,,no_action,False,0.0
PAY002353,CUST00154,2026-05-14,11005.37,wallet,success,,no_action,False,0.0
PAY002354,CUST00850,2026-06-30,19619.41,netbanking,success,,no_action,False,0.0
PAY002355,CUST00622,2026-08-15,7313.22,upi,success,,no_action,False,0.0
PAY002356,CUST00062,2026-08-25,3228.41,netbanking,failed,insufficient_funds,payment_link,False,0.0
PAY002357,CUST00489,2026-05-15,12838.34,wallet,failed,network_error,reminder,True,12838.34
PAY002358,CUST00647,2026-05-16,19635.1,upi,success,,no_action,False,0.0
PAY002359,CUST00701,2026-05-24,15724.76,upi,success,,no_action,False,0.0
PAY002360,CUST00743,2026-06-27,9061.62,netbanking,failed,card_declined,reminder,True,9061.62
PAY002361,CUST00065,2026-05-20,24378.39,upi,success,,no_action,False,0.0
PAY002362,CUST00705,2026-06-27,24769.97,upi,failed,expired_card,payment_link,False,0.0
PAY002363,CUST00806,2026-03-30,5823.44,netbanking,success,,no_action,False,0.0
PAY002364,CUST00989,2026-07-22,20328.03,netbanking,success,,no_action,False,0.0
PAY002365,CUST00995,2026-06-26,809.02,upi,failed,card_declined,payment_link,True,809.02
PAY002366,CUST00912,2026-03-22,19617.66,card,success,,no_action,False,0.0
PAY002367,CUST00394,2026-06-24,13157.54,card,success,,no_action,False,0.0
PAY002368,CUST00618,2026-06-05,9629.73,netbanking,success,,no_action,False,0.0
PAY002369,CUST00797,2026-03-13,20200.97,upi,success,,no_action,False,0.0
PAY002370,CUST00486,2026-02-26,37877.23,upi,success,,no_action,False,0.0
PAY002371,CUST00336,2026-05-17,1869.32,upi,failed,expired_card,reminder,True,1869.32
PAY002372,CUST00620,2026-07-28,14371.35,upi,failed,timeout,reminder,True,14371.35
PAY002373,CUST00620,2026-07-05,15862.85,upi,success,,no_action,False,0.0
PAY002374,CUST00290,2026-02-28,24431.27,upi,failed,network_error,retry,True,24431.27
PAY002375,CUST00306,2026-08-09,8482.55,card,success,,no_action,False,0.0
PAY002376,CUST00781,2026-06-25,4672.12,wallet,success,,no_action,False,0.0
PAY002377,CUST00795,2026-07-28,21263.3,wallet,success,,no_action,False,0.0
PAY002378,CUST00455,2026-05-07,1402.37,netbanking,success,,no_action,False,0.0
PAY002379,CUST00467,2026-07-26,8892.46,wallet,success,,no_action,False,0.0
PAY002380,CUST00132,2026-05-20,27182.01,netbanking,failed,insufficient_funds,payment_link,True,27182.01
PAY002381,CUST00566,2026-08-05,3384.98,wallet,success,,no_action,False,0.0
PAY002382,CUST00445,2026-05-20,1912.51,netbanking,success,,no_action,False,0.0
PAY002383,CUST00628,2026-07-21,9740.31,netbanking,success,,no_action,False,0.0
PAY002384,CUST00041,2026-03-31,15054.1,card,success,,no_action,False,0.0
PAY002385,CUST00509,2026-04-08,1027.59,upi,success,,no_action,False,0.0
PAY002386,CUST00963,2026-05-29,10789.42,upi,success,,no_action,False,0.0
PAY002387,CUST00996,2026-03-13,10046.75,netbanking,failed,network_error,payment_link,True,10046.75
PAY002388,CUST00538,2026-06-07,7483.55,wallet,success,,no_action,False,0.0
PAY002389,CUST00712,2026-03-27,16244.06,upi,success,,no_action,False,0.0
PAY002390,CUST00782,2026-03-12,34694.85,netbanking,success,,no_action,False,0.0
PAY002391,CUST00661,2026-03-08,11443.15,upi,success,,no_action,False,0.0
PAY002392,CUST00225,2026-05-19,2871.04,upi,failed,card_declined,payment_link,True,2871.04
PAY002393,CUST00397,2026-05-11,19510.11,card,success,,no_action,False,0.0
PAY002394,CUST00505,2026-08-23,3028.26,card,success,,no_action,False,0.0
PAY002395,CUST00425,2026-03-07,13840.77,card,success,,no_action,False,0.0
PAY002396,CUST00214,2026-07-24,22168.14,netbanking,success,,no_action,False,0.0
PAY002397,CUST00903,2026-04-09,8516.95,netbanking,success,,no_action,False,0.0
PAY002398,CUST00407,2026-06-01,28001.3,netbanking,success,,no_action,False,0.0
PAY002399,CUST00524,2026-04-18,16661.18,wallet,success,,no_action,False,0.0
PAY002400,CUST00773,2026-05-10,2045.69,netbanking,failed,network_error,retry,True,2045.69
PAY002401,CUST00463,2026-08-11,9966.64,card,success,,no_action,False,0.0
PAY002402,CUST00688,2026-03-26,12892.77,wallet,success,,no_action,False,0.0
PAY002403,CUST00043,2026-07-21,9503.88,upi,success,,no_action,False,0.0
PAY002404,CUST00754,2026-07-27,7908.93,netbanking,failed,timeout,reminder,True,7908.93
PAY002405,CUST00838,2026-05-01,2399.85,upi,success,,no_action,False,0.0
PAY002406,CUST00223,2026-04-22,14826.05,card,success,,no_action,False,0.0
PAY002407,CUST00850,2026-06-23,18968.59,wallet,failed,network_error,retry,True,18968.59
PAY002408,CUST00401,2026-05-10,5099.16,upi,failed,network_error,reminder,True,5099.16
PAY002409,CUST00815,2026-03-25,19705.92,upi,success,,no_action,False,0.0
PAY002410,CUST00906,2026-02-28,17197.9,card,failed,authentication_failed,reminder,True,17197.9
PAY002411,CUST00970,2026-07-21,2898.71,wallet,success,,no_action,False,0.0
PAY002412,CUST00985,2026-05-31,22311.97,upi,success,,no_action,False,0.0
PAY002413,CUST00221,2026-06-12,4365.34,netbanking,success,,no_action,False,0.0
PAY002414,CUST00670,2026-03-06,8122.17,card,success,,no_action,False,0.0
PAY002415,CUST00921,2026-08-07,15433.78,wallet,failed,card_declined,reminder,True,15433.78
PAY002416,CUST00763,2026-03-26,9387.5,card,failed,network_error,retry,True,9387.5
PAY002417,CUST00089,2026-08-24,18112.09,netbanking,success,,no_action,False,0.0
PAY002418,CUST00577,2026-08-22,16563.08,wallet,success,,no_action,False,0.0
PAY002419,CUST00157,2026-07-03,7333.43,wallet,success,,no_action,False,0.0
PAY002420,CUST00443,2026-03-01,29257.88,wallet,success,,no_action,False,0.0
PAY002421,CUST00591,2026-06-28,13971.28,netbanking,success,,no_action,False,0.0
PAY002422,CUST00208,2026-05-06,13711.59,netbanking,success,,no_action,False,0.0
PAY002423,CUST00987,2026-08-11,10151.58,wallet,success,,no_action,False,0.0
PAY002424,CUST00046,2026-08-24,5921.05,wallet,success,,no_action,False,0.0
PAY002425,CUST00501,2026-03-20,6749.13,card,success,,no_action,False,0.0
PAY002426,CUST00613,2026-06-26,1262.44,netbanking,success,,no_action,False,0.0
PAY002427,CUST00558,2026-08-08,4264.59,netbanking,failed,authentication_failed,reminder,True,4264.59
PAY002428,CUST00356,2026-05-25,10716.23,netbanking,success,,no_action,False,0.0
PAY002429,CUST00786,2026-08-17,11692.65,netbanking,success,,no_action,False,0.0
PAY002430,CUST00770,2026-06-16,11385.24,wallet,success,,no_action,False,0.0
PAY002431,CUST00089,2026-08-10,13423.34,netbanking,failed,expired_card,payment_link,False,0.0
PAY002432,CUST00478,2026-08-05,1398.63,upi,failed,expired_card,reminder,True,1398.63
PAY002433,CUST00149,2026-04-07,2720.84,netbanking,success,,no_action,False,0.0
PAY002434,CUST00872,2026-06-13,4602.63,upi,failed,network_error,reminder,True,4602.63
PAY002435,CUST00902,2026-03-24,2699.59,card,failed,authentication_failed,reminder,True,2699.59
PAY002436,CUST00590,2026-08-20,6393.45,upi,success,,no_action,False,0.0
PAY002437,CUST00727,2026-05-20,23740.41,netbanking,success,,no_action,False,0.0
PAY002438,CUST00750,2026-06-06,21150.79,wallet,success,,no_action,False,0.0
PAY002439,CUST00225,2026-08-21,2228.02,netbanking,success,,no_action,False,0.0
PAY002440,CUST00770,2026-08-22,10980.31,wallet,success,,no_action,False,0.0
PAY002441,CUST00917,2026-07-05,14289.81,upi,success,,no_action,False,0.0
PAY002442,CUST00820,2026-06-09,4375.77,card,failed,expired_card,reminder,True,4375.77
PAY002443,CUST00311,2026-03-22,32222.65,upi,success,,no_action,False,0.0
PAY002444,CUST00975,2026-04-20,2869.34,card,success,,no_action,False,0.0
PAY002445,CUST00191,2026-06-21,13896.24,card,success,,no_action,False,0.0
PAY002446,CUST00974,2026-07-28,20743.64,wallet,success,,no_action,False,0.0
PAY002447,CUST00308,2026-04-20,38728.9,netbanking,success,,no_action,False,0.0
PAY002448,CUST00312,2026-07-01,332.13,wallet,failed,authentication_failed,reminder,True,332.13
PAY002449,CUST00033,2026-03-05,4173.31,wallet,success,,no_action,False,0.0
PAY002450,CUST00262,2026-03-23,17575.66,wallet,success,,no_action,False,0.0
PAY002451,CUST00433,2026-03-04,9974.51,netbanking,failed,timeout,reminder,True,9974.51
PAY002452,CUST00390,2026-07-15,1511.97,card,failed,insufficient_funds,reminder,True,1511.97
PAY002453,CUST00095,2026-05-23,14306.03,card,success,,no_action,False,0.0
PAY002454,CUST00248,2026-05-16,13647.34,wallet,success,,no_action,False,0.0
PAY002455,CUST00566,2026-03-22,4308.81,upi,success,,no_action,False,0.0
PAY002456,CUST00011,2026-08-17,1933.68,upi,success,,no_action,False,0.0
PAY002457,CUST00800,2026-06-24,23242.97,card,success,,no_action,False,0.0
PAY002458,CUST00282,2026-03-10,15881.73,wallet,failed,authentication_failed,payment_link,True,15881.73
PAY002459,CUST00260,2026-06-21,14724.39,wallet,success,,no_action,False,0.0
PAY002460,CUST00301,2026-08-20,6190.21,netbanking,success,,no_action,False,0.0
PAY002461,CUST00159,2026-06-30,11953.37,card,success,,no_action,False,0.0
PAY002462,CUST00256,2026-04-24,3387.91,upi,failed,insufficient_funds,payment_link,True,3387.91
PAY002463,CUST00349,2026-06-19,12541.69,wallet,success,,no_action,False,0.0
PAY002464,CUST00828,2026-03-31,10205.17,card,success,,no_action,False,0.0
PAY002465,CUST00759,2026-05-30,4483.22,card,success,,no_action,False,0.0
PAY002466,CUST00814,2026-03-25,4666.27,netbanking,success,,no_action,False,0.0
PAY002467,CUST00429,2026-06-17,4104.79,wallet,success,,no_action,False,0.0
PAY002468,CUST00571,2026-08-15,14269.54,card,success,,no_action,False,0.0
PAY002469,CUST00367,2026-04-29,20739.78,wallet,success,,no_action,False,0.0
PAY002470,CUST00929,2026-07-22,20462.51,card,success,,no_action,False,0.0
PAY002471,CUST00192,2026-07-15,9175.38,upi,success,,no_action,False,0.0
PAY002472,CUST00383,2026-03-27,3023.73,upi,success,,no_action,False,0.0
PAY002473,CUST00574,2026-04-04,8232.08,card,success,,no_action,False,0.0
PAY002474,CUST00308,2026-07-06,37438.07,card,success,,no_action,False,0.0
PAY002475,CUST00808,2026-08-15,11878.11,card,success,,no_action,False,0.0
PAY002476,CUST00273,2026-04-29,16330.84,upi,success,,no_action,False,0.0
PAY002477,CUST00882,2026-04-15,7293.57,wallet,success,,no_action,False,0.0
PAY002478,CUST00680,2026-07-17,10755.44,card,success,,no_action,False,0.0
PAY002479,CUST00649,2026-03-30,11940.3,card,success,,no_action,False,0.0
PAY002480,CUST00879,2026-03-16,4144.84,card,success,,no_action,False,0.0
PAY002481,CUST00580,2026-06-11,16786.33,upi,success,,no_action,False,0.0
PAY002482,CUST00860,2026-06-16,9374.0,netbanking,success,,no_action,False,0.0
PAY002483,CUST00044,2026-03-05,8638.24,netbanking,success,,no_action,False,0.0
PAY002484,CUST00198,2026-04-24,702.08,wallet,success,,no_action,False,0.0
PAY002485,CUST00767,2026-07-06,22706.2,wallet,success,,no_action,False,0.0
PAY002486,CUST00911,2026-08-07,736.72,wallet,success,,no_action,False,0.0
PAY002487,CUST00162,2026-03-17,6185.25,netbanking,success,,no_action,False,0.0
PAY002488,CUST00444,2026-03-08,3102.55,card,failed,card_declined,payment_link,False,0.0
PAY002489,CUST00379,2026-06-24,3420.06,netbanking,success,,no_action,False,0.0
PAY002490,CUST00666,2026-07-30,11597.91,netbanking,success,,no_action,False,0.0
PAY002491,CUST00335,2026-06-04,22999.3,wallet,success,,no_action,False,0.0
PAY002492,CUST00776,2026-03-21,3743.32,upi,success,,no_action,False,0.0
PAY002493,CUST00709,2026-05-05,11175.44,card,success,,no_action,False,0.0
PAY002494,CUST00957,2026-05-17,5891.2,netbanking,failed,authentication_failed,reminder,True,5891.2
PAY002495,CUST00950,2026-05-26,22664.11,upi,success,,no_action,False,0.0
PAY002496,CUST00996,2026-07-29,8599.25,wallet,success,,no_action,False,0.0
PAY002497,CUST00435,2026-08-21,13042.07,upi,failed,card_declined,payment_link,False,0.0
PAY002498,CUST00303,2026-06-24,4879.8,netbanking,success,,no_action,False,0.0
PAY002499,CUST00596,2026-05-11,17357.04,upi,success,,no_action,False,0.0
PAY002500,CUST00654,2026-08-10,7493.19,netbanking,success,,no_action,False,0.0
PAY002501,CUST00830,2026-06-06,26293.61,wallet,success,,no_action,False,0.0
PAY002502,CUST00496,2026-04-04,2127.91,wallet,success,,no_action,False,0.0
PAY002503,CUST00261,2026-06-02,15228.4,netbanking,success,,no_action,False,0.0
PAY002504,CUST00833,2026-04-15,6460.62,wallet,success,,no_action,False,0.0
PAY002505,CUST00832,2026-07-16,23366.23,wallet,success,,no_action,False,0.0
PAY002506,CUST00598,2026-03-11,25393.71,wallet,success,,no_action,False,0.0
PAY002507,CUST00438,2026-06-27,14269.67,wallet,success,,no_action,False,0.0
PAY002508,CUST00448,2026-03-11,491.44,upi,success,,no_action,False,0.0
PAY002509,CUST00043,2026-07-16,11393.78,card,success,,no_action,False,0.0
PAY002510,CUST00549,2026-08-14,17068.26,wallet,success,,no_action,False,0.0
PAY002511,CUST00581,2026-05-23,28426.87,card,success,,no_action,False,0.0
PAY002512,CUST00640,2026-08-03,11826.45,upi,success,,no_action,False,0.0
PAY002513,CUST00619,2026-04-05,12756.22,netbanking,failed,expired_card,payment_link,False,0.0
PAY002514,CUST00024,2026-06-04,6026.82,upi,success,,no_action,False,0.0
PAY002515,CUST00209,2026-08-02,13634.44,card,failed,insufficient_funds,reminder,True,13634.44
PAY002516,CUST00998,2026-03-29,15180.02,netbanking,success,,no_action,False,0.0
PAY002517,CUST00098,2026-06-23,6305.59,wallet,success,,no_action,False,0.0
PAY002518,CUST00625,2026-02-26,10867.9,upi,success,,no_action,False,0.0
PAY002519,CUST00245,2026-07-29,21496.94,netbanking,success,,no_action,False,0.0
PAY002520,CUST00870,2026-03-18,9790.24,upi,success,,no_action,False,0.0
PAY002521,CUST00419,2026-05-06,17707.06,wallet,failed,network_error,retry,True,17707.06
PAY002522,CUST00211,2026-07-10,12514.1,wallet,success,,no_action,False,0.0
PAY002523,CUST00351,2026-04-03,25018.33,wallet,failed,authentication_failed,payment_link,True,25018.33
PAY002524,CUST00721,2026-08-23,3541.67,card,success,,no_action,False,0.0
PAY002525,CUST00700,2026-05-27,1269.28,upi,success,,no_action,False,0.0
PAY002526,CUST00415,2026-06-26,6998.72,netbanking,failed,network_error,retry,True,6998.72
PAY002527,CUST00984,2026-07-20,18630.07,card,success,,no_action,False,0.0
PAY002528,CUST00250,2026-05-25,1228.08,card,success,,no_action,False,0.0
PAY002529,CUST00369,2026-06-17,1221.92,wallet,success,,no_action,False,0.0
PAY002530,CUST00742,2026-04-25,10394.05,wallet,success,,no_action,False,0.0
PAY002531,CUST00276,2026-04-10,9291.55,netbanking,success,,no_action,False,0.0
PAY002532,CUST00225,2026-06-03,3007.16,upi,success,,no_action,False,0.0
PAY002533,CUST00374,2026-04-07,1389.87,upi,success,,no_action,False,0.0
PAY002534,CUST00095,2026-05-02,8724.78,netbanking,success,,no_action,False,0.0
PAY002535,CUST00464,2026-06-17,5692.13,upi,success,,no_action,False,0.0
PAY002536,CUST00286,2026-07-09,17533.68,wallet,success,,no_action,False,0.0
PAY002537,CUST00069,2026-08-12,7292.34,upi,failed,authentication_failed,payment_link,True,7292.34
PAY002538,CUST00802,2026-06-26,869.41,upi,success,,no_action,False,0.0
PAY002539,CUST00965,2026-04-17,2525.0,wallet,failed,card_declined,reminder,True,2525.0
PAY002540,CUST00618,2026-04-12,14458.35,card,success,,no_action,False,0.0
PAY002541,CUST00547,2026-07-17,371.41,card,success,,no_action,False,0.0
PAY002542,CUST00780,2026-02-28,20663.06,upi,success,,no_action,False,0.0
PAY002543,CUST00334,2026-07-07,12081.76,upi,success,,no_action,False,0.0
PAY002544,CUST00833,2026-04-09,21211.95,card,success,,no_action,False,0.0
PAY002545,CUST00050,2026-03-31,15618.3,wallet,success,,no_action,False,0.0
PAY002546,CUST00248,2026-06-22,16854.08,netbanking,success,,no_action,False,0.0
PAY002547,CUST00180,2026-03-08,6120.99,card,failed,card_declined,payment_link,False,0.0
PAY002548,CUST00069,2026-07-01,9497.29,netbanking,success,,no_action,False,0.0
PAY002549,CUST00694,2026-06-09,18312.05,wallet,success,,no_action,False,0.0
PAY002550,CUST00911,2026-07-23,364.89,netbanking,success,,no_action,False,0.0
PAY002551,CUST00736,2026-07-10,20973.17,wallet,success,,no_action,False,0.0
PAY002552,CUST00960,2026-03-07,10310.42,wallet,success,,no_action,False,0.0
PAY002553,CUST00212,2026-05-31,11152.58,card,success,,no_action,False,0.0
PAY002554,CUST00863,2026-05-13,7601.37,wallet,success,,no_action,False,0.0
PAY002555,CUST00383,2026-08-08,5334.44,card,success,,no_action,False,0.0
PAY002556,CUST00769,2026-07-27,6957.5,upi,success,,no_action,False,0.0
PAY002557,CUST00810,2026-04-03,25188.54,netbanking,success,,no_action,False,0.0
PAY002558,CUST00017,2026-06-25,19380.99,upi,failed,expired_card,reminder,True,19380.99
PAY002559,CUST00730,2026-03-11,8967.75,wallet,success,,no_action,False,0.0
PAY002560,CUST00252,2026-03-11,21013.08,upi,failed,insufficient_funds,reminder,True,21013.08
PAY002561,CUST00359,2026-05-12,2777.65,wallet,success,,no_action,False,0.0
PAY002562,CUST00364,2026-06-28,25038.21,wallet,success,,no_action,False,0.0
PAY002563,CUST00070,2026-07-05,8941.56,upi,success,,no_action,False,0.0
PAY002564,CUST00170,2026-07-06,2872.19,netbanking,success,,no_action,False,0.0
PAY002565,CUST00224,2026-06-09,15840.73,netbanking,success,,no_action,False,0.0
PAY002566,CUST00343,2026-05-20,14628.42,wallet,success,,no_action,False,0.0
PAY002567,CUST00292,2026-06-30,3851.4,card,success,,no_action,False,0.0
PAY002568,CUST00444,2026-07-20,5313.09,card,failed,authentication_failed,payment_link,False,0.0
PAY002569,CUST00519,2026-06-18,2173.9,wallet,success,,no_action,False,0.0
PAY002570,CUST00750,2026-04-17,25066.56,netbanking,success,,no_action,False,0.0
PAY002571,CUST00096,2026-05-14,13604.89,upi,success,,no_action,False,0.0
PAY002572,CUST00013,2026-07-21,9150.69,upi,success,,no_action,False,0.0
PAY002573,CUST00199,2026-07-21,11805.53,upi,success,,no_action,False,0.0
PAY002574,CUST00262,2026-03-14,22455.79,upi,success,,no_action,False,0.0
PAY002575,CUST00168,2026-04-23,16674.55,wallet,success,,no_action,False,0.0
PAY002576,CUST00480,2026-08-16,19290.04,upi,failed,network_error,retry,True,19290.04
PAY002577,CUST00471,2026-05-03,15688.47,netbanking,success,,no_action,False,0.0
PAY002578,CUST00591,2026-05-20,8613.5,netbanking,success,,no_action,False,0.0
PAY002579,CUST00540,2026-04-29,1602.83,netbanking,success,,no_action,False,0.0
PAY002580,CUST00232,2026-05-21,20410.31,wallet,success,,no_action,False,0.0
PAY002581,CUST00963,2026-06-09,14383.02,netbanking,success,,no_action,False,0.0
PAY002582,CUST00053,2026-04-04,9238.68,netbanking,success,,no_action,False,0.0
PAY002583,CUST00569,2026-04-30,6614.15,upi,failed,card_declined,reminder,False,0.0
PAY002584,CUST00476,2026-06-08,14041.89,netbanking,success,,no_action,False,0.0
PAY002585,CUST00430,2026-04-29,6512.8,netbanking,success,,no_action,False,0.0
PAY002586,CUST00167,2026-03-12,5425.8,card,success,,no_action,False,0.0
PAY002587,CUST00447,2026-03-05,5012.85,wallet,failed,card_declined,reminder,True,5012.85
PAY002588,CUST00342,2026-07-01,3974.85,upi,success,,no_action,False,0.0
PAY002589,CUST00951,2026-06-09,17545.52,wallet,success,,no_action,False,0.0
PAY002590,CUST00441,2026-07-29,2827.93,upi,success,,no_action,False,0.0
PAY002591,CUST00335,2026-02-28,18401.51,wallet,failed,insufficient_funds,reminder,True,18401.51
PAY002592,CUST00154,2026-03-11,7412.17,card,failed,timeout,retry,True,7412.17
PAY002593,CUST00003,2026-04-01,1219.34,wallet,success,,no_action,False,0.0
PAY002594,CUST00299,2026-03-20,12313.59,netbanking,success,,no_action,False,0.0
PAY002595,CUST00042,2026-07-25,11440.28,upi,failed,expired_card,payment_link,True,11440.28
PAY002596,CUST00085,2026-07-01,15393.44,upi,failed,network_error,reminder,False,0.0
PAY002597,CUST00111,2026-08-02,2418.79,netbanking,success,,no_action,False,0.0
PAY002598,CUST00857,2026-06-24,11809.79,netbanking,success,,no_action,False,0.0
PAY002599,CUST00621,2026-08-24,11390.22,netbanking,success,,no_action,False,0.0
PAY002600,CUST00528,2026-03-06,2583.78,upi,success,,no_action,False,0.0
PAY002601,CUST00403,2026-05-15,22181.95,wallet,failed,expired_card,reminder,False,0.0
PAY002602,CUST00301,2026-04-27,3826.55,wallet,success,,no_action,False,0.0
PAY002603,CUST00814,2026-06-24,5961.08,netbanking,success,,no_action,False,0.0
PAY002604,CUST00153,2026-03-13,7698.06,upi,success,,no_action,False,0.0
PAY002605,CUST00602,2026-03-16,4626.73,wallet,success,,no_action,False,0.0
PAY002606,CUST00290,2026-07-24,17908.61,netbanking,success,,no_action,False,0.0
PAY002607,CUST00245,2026-07-17,17833.73,card,failed,timeout,retry,False,0.0
PAY002608,CUST00747,2026-04-20,11579.55,netbanking,success,,no_action,False,0.0
PAY002609,CUST00918,2026-06-06,11936.06,card,success,,no_action,False,0.0
PAY002610,CUST00197,2026-07-03,2889.97,netbanking,success,,no_action,False,0.0
PAY002611,CUST00475,2026-05-19,18540.1,wallet,success,,no_action,False,0.0
PAY002612,CUST00461,2026-07-21,12216.12,wallet,success,,no_action,False,0.0
PAY002613,CUST00889,2026-04-09,13346.95,upi,success,,no_action,False,0.0
PAY002614,CUST00978,2026-04-02,18430.02,netbanking,success,,no_action,False,0.0
PAY002615,CUST00246,2026-06-12,27205.07,wallet,failed,card_declined,reminder,False,0.0
PAY002616,CUST00040,2026-03-24,5033.79,netbanking,failed,expired_card,reminder,True,5033.79
PAY002617,CUST00495,2026-05-22,1343.75,upi,success,,no_action,False,0.0
PAY002618,CUST00697,2026-07-11,2367.39,netbanking,success,,no_action,False,0.0
PAY002619,CUST00605,2026-03-08,864.1,upi,success,,no_action,False,0.0
PAY002620,CUST00466,2026-06-22,37522.49,netbanking,success,,no_action,False,0.0
PAY002621,CUST00046,2026-06-10,5896.6,netbanking,success,,no_action,False,0.0
PAY002622,CUST00604,2026-07-31,14322.76,wallet,failed,network_error,reminder,False,0.0
PAY002623,CUST00586,2026-05-04,4518.69,upi,failed,authentication_failed,reminder,True,4518.69
PAY002624,CUST00308,2026-07-24,43682.71,upi,success,,no_action,False,0.0
PAY002625,CUST00261,2026-07-11,9600.01,wallet,success,,no_action,False,0.0
PAY002626,CUST00235,2026-02-26,1205.49,wallet,success,,no_action,False,0.0
PAY002627,CUST00441,2026-07-15,2832.79,netbanking,success,,no_action,False,0.0
PAY002628,CUST00963,2026-08-08,11632.08,wallet,success,,no_action,False,0.0
PAY002629,CUST00807,2026-07-24,15890.3,card,success,,no_action,False,0.0
PAY002630,CUST00219,2026-06-05,13445.43,netbanking,failed,card_declined,reminder,False,0.0
PAY002631,CUST00575,2026-08-12,17507.82,netbanking,success,,no_action,False,0.0
PAY002632,CUST00206,2026-06-28,15282.58,netbanking,success,,no_action,False,0.0
PAY002633,CUST00022,2026-05-03,4550.6,card,success,,no_action,False,0.0
PAY002634,CUST00174,2026-06-15,16504.94,netbanking,success,,no_action,False,0.0
PAY002635,CUST00209,2026-07-14,13128.66,netbanking,success,,no_action,False,0.0
PAY002636,CUST00709,2026-04-06,10048.05,card,success,,no_action,False,0.0
PAY002637,CUST00895,2026-05-06,6442.26,upi,success,,no_action,False,0.0
PAY002638,CUST00989,2026-06-21,25115.61,upi,success,,no_action,False,0.0
PAY002639,CUST00346,2026-06-29,19507.69,wallet,success,,no_action,False,0.0
PAY002640,CUST00685,2026-05-27,18880.41,netbanking,failed,expired_card,reminder,False,0.0
PAY002641,CUST00181,2026-08-03,5953.4,netbanking,success,,no_action,False,0.0
PAY002642,CUST00824,2026-04-08,5565.67,card,failed,card_declined,reminder,True,5565.67
PAY002643,CUST00535,2026-05-24,10781.39,wallet,failed,timeout,reminder,True,10781.39
PAY002644,CUST00874,2026-06-16,6287.82,wallet,success,,no_action,False,0.0
PAY002645,CUST00107,2026-04-15,22049.82,wallet,success,,no_action,False,0.0
PAY002646,CUST00636,2026-04-25,3211.68,wallet,failed,timeout,retry,True,3211.68
PAY002647,CUST00855,2026-06-23,15440.47,wallet,success,,no_action,False,0.0
PAY002648,CUST00397,2026-04-17,8651.6,netbanking,success,,no_action,False,0.0
PAY002649,CUST00922,2026-03-02,4123.34,card,success,,no_action,False,0.0
PAY002650,CUST00681,2026-02-27,17010.25,netbanking,failed,network_error,reminder,False,0.0
PAY002651,CUST00993,2026-03-27,4325.62,upi,failed,authentication_failed,reminder,True,4325.62
PAY002652,CUST00608,2026-07-17,8540.92,upi,success,,no_action,False,0.0
PAY002653,CUST00565,2026-05-16,2011.36,card,failed,timeout,reminder,True,2011.36
PAY002654,CUST00550,2026-03-25,20589.68,netbanking,success,,no_action,False,0.0
PAY002655,CUST00057,2026-04-02,10440.5,netbanking,success,,no_action,False,0.0
PAY002656,CUST00713,2026-06-11,23761.97,upi,success,,no_action,False,0.0
PAY002657,CUST00077,2026-05-15,21894.22,netbanking,success,,no_action,False,0.0
PAY002658,CUST00757,2026-05-09,7635.54,card,success,,no_action,False,0.0
PAY002659,CUST00336,2026-03-23,2482.48,upi,failed,authentication_failed,reminder,True,2482.48
PAY002660,CUST00372,2026-05-04,15415.3,card,success,,no_action,False,0.0
PAY002661,CUST00787,2026-07-25,3036.98,upi,success,,no_action,False,0.0
PAY002662,CUST00820,2026-05-07,6167.93,card,success,,no_action,False,0.0
PAY002663,CUST00319,2026-08-21,8726.08,card,failed,authentication_failed,payment_link,False,0.0
PAY002664,CUST00560,2026-06-09,4970.13,netbanking,failed,timeout,retry,True,4970.13
PAY002665,CUST00771,2026-05-22,21052.78,wallet,success,,no_action,False,0.0
PAY002666,CUST00276,2026-03-22,8276.15,card,success,,no_action,False,0.0
PAY002667,CUST00972,2026-05-29,19278.02,wallet,success,,no_action,False,0.0
PAY002668,CUST00416,2026-07-27,8620.36,card,success,,no_action,False,0.0
PAY002669,CUST00963,2026-04-14,5713.88,card,success,,no_action,False,0.0
PAY002670,CUST00665,2026-03-02,7857.27,card,success,,no_action,False,0.0
PAY002671,CUST00482,2026-08-19,20370.38,upi,success,,no_action,False,0.0
PAY002672,CUST00522,2026-07-09,6116.95,wallet,success,,no_action,False,0.0
PAY002673,CUST00897,2026-04-15,8792.4,netbanking,success,,no_action,False,0.0
PAY002674,CUST00505,2026-06-05,4483.21,upi,success,,no_action,False,0.0
PAY002675,CUST00198,2026-06-09,846.18,netbanking,success,,no_action,False,0.0
PAY002676,CUST00998,2026-08-02,7234.21,netbanking,success,,no_action,False,0.0
PAY002677,CUST00877,2026-05-02,2904.49,card,success,,no_action,False,0.0
PAY002678,CUST00664,2026-05-01,15210.35,card,failed,network_error,retry,True,15210.35
PAY002679,CUST00708,2026-03-08,6846.86,card,failed,card_declined,payment_link,True,6846.86
PAY002680,CUST00237,2026-03-16,2017.43,upi,success,,no_action,False,0.0
PAY002681,CUST00701,2026-04-20,8062.77,netbanking,failed,authentication_failed,reminder,True,8062.77
PAY002682,CUST00735,2026-03-01,29840.91,card,success,,no_action,False,0.0
PAY002683,CUST00424,2026-08-10,1252.74,upi,success,,no_action,False,0.0
PAY002684,CUST00805,2026-06-02,5915.11,card,failed,expired_card,payment_link,False,0.0
PAY002685,CUST00676,2026-05-27,5185.71,upi,failed,card_declined,reminder,True,5185.71
PAY002686,CUST00193,2026-05-07,407.86,upi,success,,no_action,False,0.0
PAY002687,CUST00448,2026-03-13,557.33,wallet,success,,no_action,False,0.0
PAY002688,CUST00767,2026-04-19,22867.53,wallet,success,,no_action,False,0.0
PAY002689,CUST00424,2026-06-15,1336.65,netbanking,success,,no_action,False,0.0
PAY002690,CUST00788,2026-07-11,12614.93,card,success,,no_action,False,0.0
PAY002691,CUST00067,2026-08-21,14670.43,upi,success,,no_action,False,0.0
PAY002692,CUST00885,2026-06-28,11993.0,netbanking,failed,network_error,reminder,True,11993.0
PAY002693,CUST00226,2026-06-04,25151.05,upi,success,,no_action,False,0.0
PAY002694,CUST00225,2026-05-31,2960.59,upi,success,,no_action,False,0.0
PAY002695,CUST00535,2026-03-25,9814.71,netbanking,failed,insufficient_funds,payment_link,True,9814.71
PAY002696,CUST00248,2026-04-29,15729.16,netbanking,success,,no_action,False,0.0
PAY002697,CUST00776,2026-07-11,15270.51,upi,success,,no_action,False,0.0
PAY002698,CUST00004,2026-07-17,7341.04,upi,failed,expired_card,payment_link,True,7341.04
PAY002699,CUST00430,2026-05-15,9419.52,upi,success,,no_action,False,0.0
PAY002700,CUST00739,2026-05-06,12295.82,wallet,success,,no_action,False,0.0
PAY002701,CUST00601,2026-06-26,17566.91,netbanking,success,,no_action,False,0.0
PAY002702,CUST00640,2026-05-20,15741.11,upi,success,,no_action,False,0.0
PAY002703,CUST00047,2026-07-02,1637.44,upi,success,,no_action,False,0.0
PAY002704,CUST00234,2026-03-24,7685.44,wallet,failed,insufficient_funds,payment_link,False,0.0
PAY002705,CUST00579,2026-06-11,1132.08,card,success,,no_action,False,0.0
PAY002706,CUST00548,2026-07-16,241.12,card,success,,no_action,False,0.0
PAY002707,CUST00452,2026-03-22,10313.63,upi,success,,no_action,False,0.0
PAY002708,CUST00038,2026-07-26,17760.13,netbanking,success,,no_action,False,0.0
PAY002709,CUST00419,2026-04-27,21698.9,wallet,failed,insufficient_funds,reminder,True,21698.9
PAY002710,CUST00627,2026-05-01,27718.75,card,success,,no_action,False,0.0
PAY002711,CUST00811,2026-08-21,200.0,upi,success,,no_action,False,0.0
PAY002712,CUST00284,2026-07-01,9786.65,upi,failed,timeout,reminder,False,0.0
PAY002713,CUST00837,2026-07-04,35187.8,netbanking,success,,no_action,False,0.0
PAY002714,CUST00597,2026-08-23,11571.35,upi,failed,expired_card,payment_link,True,11571.35
PAY002715,CUST00358,2026-03-22,32145.5,upi,success,,no_action,False,0.0
PAY002716,CUST00643,2026-04-16,14489.18,card,success,,no_action,False,0.0
PAY002717,CUST00177,2026-04-17,5696.8,card,success,,no_action,False,0.0
PAY002718,CUST00848,2026-03-13,5384.96,upi,success,,no_action,False,0.0
PAY002719,CUST00678,2026-04-19,11346.78,upi,success,,no_action,False,0.0
PAY002720,CUST00376,2026-03-14,9204.09,netbanking,failed,network_error,reminder,True,9204.09
PAY002721,CUST00854,2026-03-06,12495.09,card,success,,no_action,False,0.0
PAY002722,CUST00546,2026-06-13,11367.88,upi,success,,no_action,False,0.0
PAY002723,CUST00112,2026-03-25,29683.05,card,success,,no_action,False,0.0
PAY002724,CUST00446,2026-07-09,5885.58,upi,success,,no_action,False,0.0
PAY002725,CUST00731,2026-07-28,13963.93,netbanking,failed,card_declined,reminder,False,0.0
PAY002726,CUST00546,2026-06-14,14672.38,upi,success,,no_action,False,0.0
PAY002727,CUST00177,2026-07-31,3168.19,netbanking,success,,no_action,False,0.0
PAY002728,CUST00220,2026-05-12,4563.19,card,success,,no_action,False,0.0
PAY002729,CUST00385,2026-03-30,4074.18,card,failed,insufficient_funds,payment_link,False,0.0
PAY002730,CUST00923,2026-08-24,10587.83,card,success,,no_action,False,0.0
PAY002731,CUST00547,2026-08-11,519.03,wallet,success,,no_action,False,0.0
PAY002732,CUST00595,2026-04-13,2286.63,upi,success,,no_action,False,0.0
PAY002733,CUST00552,2026-07-15,17817.04,upi,failed,authentication_failed,reminder,False,0.0
PAY002734,CUST00906,2026-07-17,10972.41,card,success,,no_action,False,0.0
PAY002735,CUST00086,2026-07-16,2931.57,netbanking,success,,no_action,False,0.0
PAY002736,CUST00140,2026-07-01,24849.22,upi,success,,no_action,False,0.0
PAY002737,CUST00871,2026-08-04,10494.24,upi,failed,insufficient_funds,payment_link,True,10494.24
PAY002738,CUST00453,2026-08-07,13504.96,card,success,,no_action,False,0.0
PAY002739,CUST00560,2026-05-07,9690.17,wallet,success,,no_action,False,0.0
PAY002740,CUST00868,2026-02-28,29059.03,netbanking,success,,no_action,False,0.0
PAY002741,CUST00799,2026-05-19,26178.6,card,failed,timeout,reminder,True,26178.6
PAY002742,CUST00169,2026-04-15,11840.67,card,success,,no_action,False,0.0
PAY002743,CUST00493,2026-08-06,18128.89,netbanking,success,,no_action,False,0.0
PAY002744,CUST00767,2026-05-27,21883.64,card,success,,no_action,False,0.0
PAY002745,CUST00321,2026-05-03,10678.66,netbanking,success,,no_action,False,0.0
PAY002746,CUST00164,2026-04-04,920.89,card,success,,no_action,False,0.0
PAY002747,CUST00615,2026-03-17,9670.9,netbanking,success,,no_action,False,0.0
PAY002748,CUST00155,2026-05-10,13056.99,upi,success,,no_action,False,0.0
PAY002749,CUST00514,2026-07-05,6592.6,wallet,success,,no_action,False,0.0
PAY002750,CUST00446,2026-07-29,5525.61,wallet,success,,no_action,False,0.0
PAY002751,CUST00051,2026-05-24,269.33,netbanking,failed,network_error,reminder,True,269.33
PAY002752,CUST00091,2026-07-20,1803.18,upi,success,,no_action,False,0.0
PAY002753,CUST00126,2026-05-05,4148.59,upi,success,,no_action,False,0.0
PAY002754,CUST00524,2026-04-10,13830.77,card,success,,no_action,False,0.0
PAY002755,CUST00804,2026-07-17,25186.23,wallet,success,,no_action,False,0.0
PAY002756,CUST00732,2026-06-11,6969.44,wallet,success,,no_action,False,0.0
PAY002757,CUST00617,2026-03-02,5913.95,wallet,success,,no_action,False,0.0
PAY002758,CUST00791,2026-03-13,13750.6,upi,success,,no_action,False,0.0
PAY002759,CUST00275,2026-07-11,12694.24,card,failed,network_error,retry,True,12694.24
PAY002760,CUST00128,2026-05-03,22277.08,card,success,,no_action,False,0.0
PAY002761,CUST00986,2026-04-30,22883.91,wallet,success,,no_action,False,0.0
PAY002762,CUST00529,2026-04-15,8870.24,upi,success,,no_action,False,0.0
PAY002763,CUST00542,2026-04-06,16264.02,wallet,success,,no_action,False,0.0
PAY002764,CUST00690,2026-08-16,24325.41,netbanking,failed,authentication_failed,reminder,True,24325.41
PAY002765,CUST00683,2026-04-07,23309.1,netbanking,success,,no_action,False,0.0
PAY002766,CUST00022,2026-07-11,4520.35,upi,success,,no_action,False,0.0
PAY002767,CUST00442,2026-05-01,11151.24,upi,success,,no_action,False,0.0
PAY002768,CUST00085,2026-08-06,11351.48,wallet,success,,no_action,False,0.0
PAY002769,CUST00400,2026-06-01,14539.41,upi,success,,no_action,False,0.0
PAY002770,CUST00776,2026-04-25,8383.91,upi,success,,no_action,False,0.0
PAY002771,CUST00739,2026-08-19,19652.62,netbanking,success,,no_action,False,0.0
PAY002772,CUST00192,2026-06-26,7655.39,card,success,,no_action,False,0.0
PAY002773,CUST00387,2026-05-08,30252.62,netbanking,success,,no_action,False,0.0
PAY002774,CUST00884,2026-04-28,3533.42,card,failed,timeout,reminder,True,3533.42
PAY002775,CUST00570,2026-05-07,17495.67,upi,success,,no_action,False,0.0
PAY002776,CUST00340,2026-08-23,6384.13,upi,success,,no_action,False,0.0
PAY002777,CUST00064,2026-05-11,12962.05,netbanking,failed,insufficient_funds,payment_link,False,0.0
PAY002778,CUST00245,2026-05-27,14282.86,upi,failed,card_declined,reminder,False,0.0
PAY002779,CUST00199,2026-04-23,19329.55,netbanking,failed,insufficient_funds,reminder,True,19329.55
PAY002780,CUST00827,2026-03-21,13066.91,upi,success,,no_action,False,0.0
PAY002781,CUST00097,2026-07-31,1579.02,wallet,failed,insufficient_funds,reminder,True,1579.02
PAY002782,CUST01000,2026-03-21,3662.6,upi,success,,no_action,False,0.0
PAY002783,CUST00647,2026-05-19,17953.99,upi,success,,no_action,False,0.0
PAY002784,CUST00232,2026-03-19,13980.15,card,failed,insufficient_funds,reminder,False,0.0
PAY002785,CUST00941,2026-03-22,10352.27,wallet,failed,expired_card,reminder,False,0.0
PAY002786,CUST00473,2026-02-28,10792.96,wallet,failed,timeout,retry,False,0.0
PAY002787,CUST00011,2026-05-22,4366.78,card,failed,insufficient_funds,payment_link,True,4366.78
PAY002788,CUST00798,2026-03-30,1985.24,wallet,success,,no_action,False,0.0
PAY002789,CUST00858,2026-05-22,751.01,upi,success,,no_action,False,0.0
PAY002790,CUST00484,2026-05-09,8558.79,wallet,success,,no_action,False,0.0
PAY002791,CUST00843,2026-06-06,8101.51,wallet,failed,authentication_failed,payment_link,True,8101.51
PAY002792,CUST00377,2026-03-12,586.63,netbanking,success,,no_action,False,0.0
PAY002793,CUST00079,2026-05-10,20625.42,card,failed,timeout,reminder,True,20625.42
PAY002794,CUST00112,2026-06-07,29251.55,netbanking,success,,no_action,False,0.0
PAY002795,CUST00543,2026-04-07,4515.57,upi,failed,network_error,reminder,True,4515.57
PAY002796,CUST00965,2026-07-05,7573.74,upi,success,,no_action,False,0.0
PAY002797,CUST00152,2026-03-17,3391.84,netbanking,success,,no_action,False,0.0
PAY002798,CUST00095,2026-05-12,12657.83,netbanking,failed,timeout,reminder,True,12657.83
PAY002799,CUST00134,2026-05-23,260.1,card,failed,timeout,retry,True,260.1
PAY002800,CUST00244,2026-03-09,10218.48,wallet,failed,network_error,reminder,True,10218.48
PAY002801,CUST00532,2026-03-02,5139.08,upi,success,,no_action,False,0.0
PAY002802,CUST00962,2026-04-19,6789.78,card,failed,insufficient_funds,reminder,True,6789.78
PAY002803,CUST00370,2026-08-20,1074.21,card,failed,insufficient_funds,payment_link,True,1074.21
PAY002804,CUST00467,2026-04-21,13092.74,card,success,,no_action,False,0.0
PAY002805,CUST00103,2026-06-16,35778.35,netbanking,failed,expired_card,reminder,True,35778.35
PAY002806,CUST00522,2026-03-25,5200.53,upi,success,,no_action,False,0.0
PAY002807,CUST00498,2026-07-19,15734.18,wallet,success,,no_action,False,0.0
PAY002808,CUST00660,2026-03-08,17742.18,netbanking,success,,no_action,False,0.0
PAY002809,CUST00119,2026-07-17,200.0,upi,success,,no_action,False,0.0
PAY002810,CUST00006,2026-04-27,10534.01,upi,success,,no_action,False,0.0
PAY002811,CUST00489,2026-04-21,2238.15,upi,success,,no_action,False,0.0
PAY002812,CUST00240,2026-08-15,16199.36,card,success,,no_action,False,0.0
PAY002813,CUST00380,2026-07-20,2369.73,card,success,,no_action,False,0.0
PAY002814,CUST00595,2026-03-02,2686.48,card,failed,expired_card,reminder,True,2686.48
PAY002815,CUST00732,2026-07-29,11794.85,upi,success,,no_action,False,0.0
PAY002816,CUST00724,2026-08-13,15183.62,wallet,failed,authentication_failed,reminder,False,0.0
PAY002817,CUST00304,2026-07-09,11916.11,wallet,success,,no_action,False,0.0
PAY002818,CUST00303,2026-05-30,2824.38,upi,success,,no_action,False,0.0
PAY002819,CUST00594,2026-07-20,1535.8,upi,success,,no_action,False,0.0
PAY002820,CUST00106,2026-07-04,922.12,netbanking,success,,no_action,False,0.0
PAY002821,CUST00909,2026-04-24,9435.16,upi,failed,card_declined,payment_link,True,9435.16
PAY002822,CUST00302,2026-06-16,30411.75,upi,success,,no_action,False,0.0
PAY002823,CUST00414,2026-08-24,610.79,card,success,,no_action,False,0.0
PAY002824,CUST00024,2026-08-08,5270.02,wallet,success,,no_action,False,0.0
PAY002825,CUST00121,2026-04-11,8155.61,card,success,,no_action,False,0.0
PAY002826,CUST00768,2026-04-25,7407.15,upi,success,,no_action,False,0.0
PAY002827,CUST00533,2026-07-19,10375.22,netbanking,failed,authentication_failed,reminder,True,10375.22
PAY002828,CUST00776,2026-05-09,8127.78,card,success,,no_action,False,0.0
PAY002829,CUST00848,2026-08-22,6869.94,wallet,failed,insufficient_funds,reminder,False,0.0
PAY002830,CUST00580,2026-07-16,17307.24,wallet,success,,no_action,False,0.0
PAY002831,CUST00824,2026-04-04,5601.95,netbanking,success,,no_action,False,0.0
PAY002832,CUST00445,2026-07-16,1630.14,netbanking,success,,no_action,False,0.0
PAY002833,CUST00392,2026-06-29,17653.96,card,failed,card_declined,payment_link,True,17653.96
PAY002834,CUST00829,2026-08-20,3016.05,wallet,success,,no_action,False,0.0
PAY002835,CUST00904,2026-03-28,12839.18,netbanking,success,,no_action,False,0.0
PAY002836,CUST00258,2026-04-05,21114.03,netbanking,success,,no_action,False,0.0
PAY002837,CUST00247,2026-03-08,13678.69,netbanking,failed,expired_card,reminder,True,13678.69
PAY002838,CUST00876,2026-07-07,25947.63,wallet,failed,insufficient_funds,payment_link,True,25947.63
PAY002839,CUST00445,2026-03-12,2055.44,wallet,failed,network_error,retry,True,2055.44
PAY002840,CUST00120,2026-08-16,25750.47,upi,success,,no_action,False,0.0
PAY002841,CUST00198,2026-03-14,483.57,netbanking,failed,insufficient_funds,payment_link,True,483.57
PAY002842,CUST00385,2026-08-06,2344.84,netbanking,success,,no_action,False,0.0
PAY002843,CUST00622,2026-06-10,7089.19,card,failed,expired_card,reminder,True,7089.19
PAY002844,CUST00793,2026-08-05,6511.32,upi,failed,network_error,reminder,True,6511.32
PAY002845,CUST00148,2026-04-23,6809.4,card,success,,no_action,False,0.0
PAY002846,CUST00653,2026-07-29,6686.48,wallet,success,,no_action,False,0.0
PAY002847,CUST00289,2026-06-20,8083.69,wallet,success,,no_action,False,0.0
PAY002848,CUST00907,2026-07-28,5255.67,wallet,success,,no_action,False,0.0
PAY002849,CUST00141,2026-03-21,22682.22,netbanking,success,,no_action,False,0.0
PAY002850,CUST00764,2026-07-20,13063.42,wallet,failed,insufficient_funds,payment_link,False,0.0
PAY002851,CUST00717,2026-05-04,13820.84,card,success,,no_action,False,0.0
PAY002852,CUST00024,2026-04-16,4999.84,netbanking,success,,no_action,False,0.0
PAY002853,CUST00204,2026-03-20,13054.03,upi,success,,no_action,False,0.0
PAY002854,CUST00960,2026-06-08,15123.76,netbanking,failed,card_declined,payment_link,True,15123.76
PAY002855,CUST00112,2026-03-18,40631.87,wallet,success,,no_action,False,0.0
PAY002856,CUST00476,2026-03-18,16863.7,upi,success,,no_action,False,0.0
PAY002857,CUST00618,2026-03-26,15344.96,upi,success,,no_action,False,0.0
PAY002858,CUST00225,2026-07-02,2826.02,netbanking,success,,no_action,False,0.0
PAY002859,CUST00560,2026-04-15,5690.54,netbanking,success,,no_action,False,0.0
PAY002860,CUST00224,2026-07-27,6367.09,netbanking,success,,no_action,False,0.0
PAY002861,CUST00051,2026-06-07,405.87,upi,failed,expired_card,payment_link,True,405.87
PAY002862,CUST00302,2026-05-09,4550.28,card,success,,no_action,False,0.0
PAY002863,CUST00055,2026-08-19,2701.01,upi,success,,no_action,False,0.0
PAY002864,CUST00257,2026-07-03,19514.29,card,failed,network_error,retry,True,19514.29
PAY002865,CUST00684,2026-04-08,12932.09,upi,success,,no_action,False,0.0
PAY002866,CUST00655,2026-04-13,13443.93,card,failed,authentication_failed,reminder,True,13443.93
PAY002867,CUST00105,2026-07-15,2718.89,wallet,success,,no_action,False,0.0
PAY002868,CUST00349,2026-08-20,10303.34,wallet,success,,no_action,False,0.0
PAY002869,CUST00622,2026-03-27,4019.55,upi,failed,authentication_failed,reminder,True,4019.55
PAY002870,CUST00869,2026-05-18,21898.66,upi,success,,no_action,False,0.0
PAY002871,CUST00419,2026-08-24,23674.38,wallet,failed,insufficient_funds,reminder,True,23674.38
PAY002872,CUST00603,2026-03-28,26726.0,wallet,success,,no_action,False,0.0
PAY002873,CUST00465,2026-07-03,12062.37,card,success,,no_action,False,0.0
PAY002874,CUST00242,2026-02-26,19228.56,upi,failed,insufficient_funds,payment_link,True,19228.56
PAY002875,CUST00386,2026-04-10,16737.59,upi,success,,no_action,False,0.0
PAY002876,CUST00185,2026-06-06,23114.73,upi,success,,no_action,False,0.0
PAY002877,CUST00696,2026-05-22,26855.36,netbanking,success,,no_action,False,0.0
PAY002878,CUST00553,2026-04-05,2264.97,netbanking,success,,no_action,False,0.0
PAY002879,CUST00751,2026-04-11,3246.87,card,success,,no_action,False,0.0
PAY002880,CUST00075,2026-07-18,10498.13,wallet,failed,authentication_failed,reminder,False,0.0
PAY002881,CUST00605,2026-08-04,1243.08,netbanking,success,,no_action,False,0.0
PAY002882,CUST00624,2026-03-07,8416.61,card,failed,card_declined,payment_link,False,0.0
PAY002883,CUST00872,2026-04-25,3824.59,netbanking,failed,authentication_failed,reminder,False,0.0
PAY002884,CUST00679,2026-05-11,21190.66,netbanking,success,,no_action,False,0.0
PAY002885,CUST00664,2026-07-31,11134.3,upi,success,,no_action,False,0.0
PAY002886,CUST00346,2026-05-09,18501.02,card,success,,no_action,False,0.0
PAY002887,CUST00356,2026-07-05,9700.56,wallet,success,,no_action,False,0.0
PAY002888,CUST00469,2026-06-18,24571.5,card,success,,no_action,False,0.0
PAY002889,CUST00094,2026-06-08,2676.55,netbanking,failed,card_declined,payment_link,True,2676.55
PAY002890,CUST00459,2026-08-02,20329.31,upi,success,,no_action,False,0.0
PAY002891,CUST00463,2026-03-17,12937.48,netbanking,success,,no_action,False,0.0
PAY002892,CUST00987,2026-07-12,5846.81,wallet,success,,no_action,False,0.0
PAY002893,CUST00505,2026-08-04,3360.8,wallet,success,,no_action,False,0.0
PAY002894,CUST00589,2026-07-23,4082.28,upi,failed,card_declined,payment_link,True,4082.28
PAY002895,CUST00201,2026-07-12,4767.95,wallet,failed,insufficient_funds,reminder,False,0.0
PAY002896,CUST00326,2026-08-23,9178.63,upi,failed,card_declined,payment_link,True,9178.63
PAY002897,CUST00276,2026-05-29,8697.17,card,success,,no_action,False,0.0
PAY002898,CUST00774,2026-07-21,6620.39,netbanking,success,,no_action,False,0.0
PAY002899,CUST00040,2026-07-14,4851.66,card,failed,card_declined,reminder,True,4851.66
PAY002900,CUST00181,2026-04-13,7111.85,netbanking,success,,no_action,False,0.0
PAY002901,CUST00957,2026-06-06,4241.6,wallet,success,,no_action,False,0.0
PAY002902,CUST00201,2026-04-30,7539.98,netbanking,success,,no_action,False,0.0
PAY002903,CUST00650,2026-07-23,43126.81,upi,success,,no_action,False,0.0
PAY002904,CUST00868,2026-07-22,24340.04,upi,failed,card_declined,reminder,True,24340.04
PAY002905,CUST00957,2026-04-09,7131.59,card,success,,no_action,False,0.0
PAY002906,CUST00267,2026-05-23,5948.78,netbanking,success,,no_action,False,0.0
PAY002907,CUST00740,2026-05-24,14847.37,wallet,success,,no_action,False,0.0
PAY002908,CUST00399,2026-04-23,18736.15,wallet,failed,card_declined,reminder,False,0.0
PAY002909,CUST00352,2026-07-05,32632.5,netbanking,success,,no_action,False,0.0
PAY002910,CUST00109,2026-08-10,200.0,netbanking,success,,no_action,False,0.0
PAY002911,CUST00502,2026-08-01,13069.59,wallet,failed,authentication_failed,payment_link,True,13069.59
PAY002912,CUST00329,2026-04-24,4605.12,wallet,failed,expired_card,payment_link,False,0.0
PAY002913,CUST00008,2026-03-17,16723.87,card,failed,authentication_failed,payment_link,True,16723.87
PAY002914,CUST00949,2026-03-10,13492.42,card,failed,authentication_failed,reminder,True,13492.42
PAY002915,CUST00204,2026-03-07,5984.95,upi,success,,no_action,False,0.0
PAY002916,CUST00089,2026-05-15,16648.17,netbanking,success,,no_action,False,0.0
PAY002917,CUST00091,2026-04-18,1881.23,netbanking,success,,no_action,False,0.0
PAY002918,CUST00110,2026-04-21,8274.83,upi,failed,expired_card,payment_link,False,0.0
PAY002919,CUST00838,2026-06-15,1498.12,card,success,,no_action,False,0.0
PAY002920,CUST00459,2026-08-03,27365.38,netbanking,success,,no_action,False,0.0
PAY002921,CUST00273,2026-03-20,19539.69,card,success,,no_action,False,0.0
PAY002922,CUST00037,2026-06-04,13316.04,netbanking,success,,no_action,False,0.0
PAY002923,CUST00631,2026-07-30,200.0,wallet,success,,no_action,False,0.0
PAY002924,CUST00751,2026-02-27,2731.73,upi,success,,no_action,False,0.0
PAY002925,CUST00279,2026-05-26,9152.47,upi,failed,authentication_failed,reminder,True,9152.47
PAY002926,CUST00412,2026-06-15,26802.76,netbanking,success,,no_action,False,0.0
PAY002927,CUST00427,2026-06-21,27893.01,card,failed,authentication_failed,reminder,True,27893.01
PAY002928,CUST00552,2026-08-25,10385.04,upi,success,,no_action,False,0.0
PAY002929,CUST00346,2026-08-06,16819.42,netbanking,failed,timeout,retry,True,16819.42
PAY002930,CUST00348,2026-05-18,10429.03,netbanking,success,,no_action,False,0.0
PAY002931,CUST00807,2026-03-30,12118.83,netbanking,success,,no_action,False,0.0
PAY002932,CUST00312,2026-03-04,916.65,card,failed,network_error,reminder,False,0.0
PAY002933,CUST00140,2026-05-15,16463.02,card,failed,insufficient_funds,payment_link,True,16463.02
PAY002934,CUST00382,2026-04-27,12816.98,upi,success,,no_action,False,0.0
PAY002935,CUST00135,2026-05-18,2028.04,card,success,,no_action,False,0.0
PAY002936,CUST00071,2026-03-06,5366.93,netbanking,success,,no_action,False,0.0
PAY002937,CUST00535,2026-05-09,11034.95,upi,success,,no_action,False,0.0
PAY002938,CUST00311,2026-06-04,41897.93,netbanking,failed,authentication_failed,reminder,True,41897.93
PAY002939,CUST00601,2026-08-21,10717.96,upi,success,,no_action,False,0.0
PAY002940,CUST00960,2026-08-08,8570.02,upi,success,,no_action,False,0.0
PAY002941,CUST00808,2026-02-27,3035.74,wallet,success,,no_action,False,0.0
PAY002942,CUST00133,2026-08-25,19534.69,netbanking,success,,no_action,False,0.0
PAY002943,CUST00172,2026-04-11,2196.0,card,success,,no_action,False,0.0
PAY002944,CUST00725,2026-03-30,21314.62,card,failed,card_declined,reminder,False,0.0
PAY002945,CUST00205,2026-08-04,7269.91,card,success,,no_action,False,0.0
PAY002946,CUST00095,2026-02-28,7067.78,card,success,,no_action,False,0.0
PAY002947,CUST00907,2026-04-19,5744.15,netbanking,success,,no_action,False,0.0
PAY002948,CUST00735,2026-07-12,28026.73,wallet,success,,no_action,False,0.0
PAY002949,CUST00170,2026-04-12,2725.08,card,success,,no_action,False,0.0
PAY002950,CUST00806,2026-05-03,4205.02,upi,failed,network_error,retry,True,4205.02
PAY002951,CUST00765,2026-06-03,38787.79,netbanking,success,,no_action,False,0.0
PAY002952,CUST00159,2026-08-03,11796.26,card,success,,no_action,False,0.0
PAY002953,CUST00093,2026-08-13,1900.19,wallet,success,,no_action,False,0.0
PAY002954,CUST00568,2026-06-06,2720.63,upi,success,,no_action,False,0.0
PAY002955,CUST00055,2026-03-14,2293.34,wallet,failed,timeout,retry,True,2293.34
PAY002956,CUST00469,2026-04-22,19358.9,upi,success,,no_action,False,0.0
PAY002957,CUST00949,2026-04-11,7358.42,upi,failed,insufficient_funds,reminder,True,7358.42
PAY002958,CUST00159,2026-04-10,10500.26,upi,success,,no_action,False,0.0
PAY002959,CUST00979,2026-05-14,20608.55,netbanking,failed,authentication_failed,reminder,True,20608.55
PAY002960,CUST00242,2026-04-09,19376.27,upi,success,,no_action,False,0.0
PAY002961,CUST00333,2026-07-14,672.19,upi,success,,no_action,False,0.0
PAY002962,CUST00209,2026-05-15,8249.0,netbanking,success,,no_action,False,0.0
PAY002963,CUST00274,2026-07-02,504.22,wallet,success,,no_action,False,0.0
PAY002964,CUST00225,2026-05-11,3309.53,upi,success,,no_action,False,0.0
PAY002965,CUST00254,2026-07-03,1989.45,netbanking,failed,authentication_failed,payment_link,False,0.0
PAY002966,CUST00626,2026-06-20,19818.36,card,success,,no_action,False,0.0
PAY002967,CUST00619,2026-07-22,18769.4,wallet,success,,no_action,False,0.0
PAY002968,CUST00179,2026-04-30,11115.51,upi,success,,no_action,False,0.0
PAY002969,CUST00683,2026-07-03,10079.69,wallet,success,,no_action,False,0.0
PAY002970,CUST00737,2026-07-18,6891.87,netbanking,success,,no_action,False,0.0
PAY002971,CUST00969,2026-03-05,13741.26,upi,success,,no_action,False,0.0
PAY002972,CUST00832,2026-03-11,14875.51,upi,failed,network_error,retry,True,14875.51
PAY002973,CUST00562,2026-03-09,7423.98,upi,success,,no_action,False,0.0
PAY002974,CUST00272,2026-07-05,2523.89,wallet,success,,no_action,False,0.0
PAY002975,CUST00885,2026-04-20,8708.58,wallet,success,,no_action,False,0.0
PAY002976,CUST00710,2026-05-28,5995.78,netbanking,success,,no_action,False,0.0
PAY002977,CUST00190,2026-06-06,4935.78,upi,success,,no_action,False,0.0
PAY002978,CUST00947,2026-05-08,16194.99,card,success,,no_action,False,0.0
PAY002979,CUST00310,2026-07-22,13347.1,upi,failed,timeout,retry,True,13347.1
PAY002980,CUST00876,2026-04-08,21882.22,wallet,success,,no_action,False,0.0
PAY002981,CUST00977,2026-04-05,5409.28,card,success,,no_action,False,0.0
PAY002982,CUST00659,2026-06-28,14514.27,netbanking,failed,insufficient_funds,payment_link,True,14514.27
PAY002983,CUST00284,2026-04-17,9763.83,upi,success,,no_action,False,0.0
PAY002984,CUST00934,2026-08-20,3807.32,wallet,success,,no_action,False,0.0
PAY002985,CUST00608,2026-03-27,7272.25,wallet,success,,no_action,False,0.0
PAY002986,CUST00149,2026-04-07,1703.25,upi,success,,no_action,False,0.0
PAY002987,CUST00121,2026-08-14,13898.18,wallet,success,,no_action,False,0.0
PAY002988,CUST00143,2026-06-03,6749.28,card,success,,no_action,False,0.0
PAY002989,CUST00413,2026-04-13,15257.03,card,success,,no_action,False,0.0
PAY002990,CUST00043,2026-05-24,14252.54,wallet,success,,no_action,False,0.0
PAY002991,CUST00678,2026-04-21,15097.4,wallet,failed,card_declined,payment_link,False,0.0
PAY002992,CUST00038,2026-07-13,19022.08,wallet,success,,no_action,False,0.0
PAY002993,CUST00014,2026-08-15,5421.09,upi,success,,no_action,False,0.0
PAY002994,CUST00831,2026-05-09,13242.96,upi,success,,no_action,False,0.0
PAY002995,CUST00181,2026-03-03,9195.82,card,success,,no_action,False,0.0
PAY002996,CUST00809,2026-05-20,4012.6,upi,failed,insufficient_funds,reminder,True,4012.6
PAY002997,CUST00138,2026-06-02,5058.99,upi,success,,no_action,False,0.0
PAY002998,CUST00132,2026-05-30,35582.36,upi,success,,no_action,False,0.0
PAY002999,CUST00991,2026-08-12,4471.32,netbanking,failed,insufficient_funds,payment_link,False,0.0
PAY003000,CUST00002,2026-03-30,20172.98,upi,failed,authentication_failed,reminder,True,20172.98
PAY003001,CUST00798,2026-04-25,1906.28,card,success,,no_action,False,0.0
PAY003002,CUST00993,2026-05-07,3193.57,wallet,success,,no_action,False,0.0
PAY003003,CUST00196,2026-06-05,4615.57,netbanking,success,,no_action,False,0.0
PAY003004,CUST00315,2026-03-04,30197.77,upi,success,,no_action,False,0.0
PAY003005,CUST00266,2026-06-29,21989.98,upi,success,,no_action,False,0.0
PAY003006,CUST00953,2026-05-29,11309.99,card,success,,no_action,False,0.0
PAY003007,CUST00629,2026-04-09,1981.02,wallet,success,,no_action,False,0.0
PAY003008,CUST00614,2026-03-19,28873.04,card,success,,no_action,False,0.0
PAY003009,CUST00442,2026-03-30,6015.57,wallet,success,,no_action,False,0.0
PAY003010,CUST00881,2026-03-25,8482.53,netbanking,success,,no_action,False,0.0
PAY003011,CUST00351,2026-08-20,19267.82,upi,success,,no_action,False,0.0
PAY003012,CUST00647,2026-05-10,34033.35,card,success,,no_action,False,0.0
PAY003013,CUST00034,2026-07-20,5051.53,netbanking,failed,network_error,reminder,False,0.0
PAY003014,CUST00937,2026-05-15,18549.84,wallet,success,,no_action,False,0.0
PAY003015,CUST00638,2026-05-26,1809.08,wallet,success,,no_action,False,0.0
PAY003016,CUST00381,2026-03-25,7269.08,upi,failed,expired_card,payment_link,True,7269.08
PAY003017,CUST00141,2026-03-09,21510.49,wallet,success,,no_action,False,0.0
PAY003018,CUST00569,2026-04-20,5612.43,card,failed,authentication_failed,reminder,True,5612.43
PAY003019,CUST00028,2026-03-23,24074.08,wallet,success,,no_action,False,0.0
PAY003020,CUST00461,2026-03-21,5845.39,wallet,success,,no_action,False,0.0
PAY003021,CUST00501,2026-08-16,7441.63,card,success,,no_action,False,0.0
PAY003022,CUST00376,2026-07-27,13510.26,wallet,success,,no_action,False,0.0
PAY003023,CUST00032,2026-03-19,21737.13,card,failed,timeout,retry,True,21737.13
PAY003024,CUST00201,2026-06-24,4125.32,card,success,,no_action,False,0.0
PAY003025,CUST00730,2026-03-10,19675.39,upi,success,,no_action,False,0.0
PAY003026,CUST00833,2026-04-18,20388.11,netbanking,success,,no_action,False,0.0
PAY003027,CUST00821,2026-08-25,200.0,wallet,success,,no_action,False,0.0
PAY003028,CUST00202,2026-07-11,5610.58,upi,success,,no_action,False,0.0
PAY003029,CUST00693,2026-03-05,9012.27,wallet,failed,authentication_failed,reminder,True,9012.27
PAY003030,CUST00210,2026-08-16,3188.31,card,success,,no_action,False,0.0
PAY003031,CUST00823,2026-04-07,1496.77,upi,success,,no_action,False,0.0
PAY003032,CUST00843,2026-06-06,9544.87,netbanking,success,,no_action,False,0.0
PAY003033,CUST00448,2026-07-25,200.0,upi,success,,no_action,False,0.0
PAY003034,CUST00066,2026-03-12,10341.69,wallet,success,,no_action,False,0.0
PAY003035,CUST00273,2026-03-23,15750.4,wallet,success,,no_action,False,0.0
PAY003036,CUST00319,2026-07-26,10630.0,card,failed,insufficient_funds,payment_link,True,10630.0
PAY003037,CUST00498,2026-05-01,14291.69,wallet,success,,no_action,False,0.0
PAY003038,CUST00039,2026-07-17,3615.11,upi,success,,no_action,False,0.0
PAY003039,CUST00070,2026-05-17,9423.53,netbanking,success,,no_action,False,0.0
PAY003040,CUST00256,2026-07-31,1889.78,netbanking,failed,insufficient_funds,payment_link,True,1889.78
PAY003041,CUST00514,2026-07-29,4028.7,card,failed,expired_card,payment_link,False,0.0
PAY003042,CUST00842,2026-08-10,2649.35,wallet,success,,no_action,False,0.0
PAY003043,CUST00067,2026-06-18,18714.82,upi,success,,no_action,False,0.0
PAY003044,CUST00702,2026-06-03,15737.27,netbanking,success,,no_action,False,0.0
PAY003045,CUST00979,2026-06-30,21184.4,card,success,,no_action,False,0.0
PAY003046,CUST00294,2026-04-11,15008.26,netbanking,success,,no_action,False,0.0
PAY003047,CUST00781,2026-04-20,3717.36,netbanking,success,,no_action,False,0.0
PAY003048,CUST00755,2026-03-27,7677.9,netbanking,success,,no_action,False,0.0
PAY003049,CUST00626,2026-05-04,14250.38,wallet,failed,insufficient_funds,reminder,True,14250.38
PAY003050,CUST00170,2026-06-25,3813.25,upi,success,,no_action,False,0.0
PAY003051,CUST00053,2026-03-25,4815.69,wallet,failed,authentication_failed,reminder,False,0.0
PAY003052,CUST00092,2026-08-14,1591.51,card,success,,no_action,False,0.0
PAY003053,CUST00643,2026-07-15,21293.61,netbanking,success,,no_action,False,0.0
PAY003054,CUST00967,2026-07-28,22382.74,netbanking,failed,authentication_failed,payment_link,False,0.0
PAY003055,CUST00517,2026-06-19,17396.42,wallet,failed,insufficient_funds,reminder,True,17396.42
PAY003056,CUST00986,2026-03-16,33007.27,netbanking,failed,authentication_failed,reminder,True,33007.27
PAY003057,CUST00994,2026-04-08,6329.07,wallet,failed,expired_card,reminder,True,6329.07
PAY003058,CUST00777,2026-04-26,25216.91,netbanking,success,,no_action,False,0.0
PAY003059,CUST00585,2026-02-28,24992.32,wallet,failed,expired_card,escalate,False,0.0
PAY003060,CUST00553,2026-06-13,2061.98,netbanking,success,,no_action,False,0.0
PAY003061,CUST00486,2026-03-21,42522.82,netbanking,success,,no_action,False,0.0
PAY003062,CUST00849,2026-05-13,11716.74,wallet,success,,no_action,False,0.0
PAY003063,CUST00610,2026-08-10,4330.26,wallet,success,,no_action,False,0.0
PAY003064,CUST00685,2026-07-27,18908.94,wallet,success,,no_action,False,0.0
PAY003065,CUST00277,2026-07-05,19828.29,wallet,success,,no_action,False,0.0
PAY003066,CUST00155,2026-06-06,18786.57,wallet,success,,no_action,False,0.0
PAY003067,CUST00593,2026-07-26,12371.84,wallet,failed,insufficient_funds,payment_link,True,12371.84
PAY003068,CUST00364,2026-05-03,20108.83,upi,success,,no_action,False,0.0
PAY003069,CUST00927,2026-06-15,25022.43,wallet,success,,no_action,False,0.0
PAY003070,CUST00046,2026-06-30,3059.7,wallet,failed,timeout,reminder,True,3059.7
PAY003071,CUST00291,2026-06-02,4125.0,upi,success,,no_action,False,0.0
PAY003072,CUST00363,2026-08-13,2853.82,wallet,success,,no_action,False,0.0
PAY003073,CUST00687,2026-08-08,8696.97,wallet,success,,no_action,False,0.0
PAY003074,CUST00047,2026-06-02,2291.72,netbanking,success,,no_action,False,0.0
PAY003075,CUST00393,2026-05-05,1523.24,upi,failed,authentication_failed,reminder,True,1523.24
PAY003076,CUST00464,2026-07-19,6042.65,wallet,success,,no_action,False,0.0
PAY003077,CUST00347,2026-04-07,20050.01,card,success,,no_action,False,0.0
PAY003078,CUST00956,2026-07-15,9018.17,upi,failed,network_error,retry,True,9018.17
PAY003079,CUST00129,2026-06-08,20127.71,upi,success,,no_action,False,0.0
PAY003080,CUST00546,2026-06-17,13733.82,upi,success,,no_action,False,0.0
PAY003081,CUST00141,2026-07-23,25488.89,upi,failed,authentication_failed,payment_link,True,25488.89
PAY003082,CUST00070,2026-03-14,8922.78,wallet,success,,no_action,False,0.0
PAY003083,CUST00092,2026-04-30,2668.31,card,success,,no_action,False,0.0
PAY003084,CUST00367,2026-03-25,26335.39,upi,failed,card_declined,payment_link,True,26335.39
PAY003085,CUST00239,2026-04-30,24701.06,card,success,,no_action,False,0.0
PAY003086,CUST00045,2026-07-06,31042.14,netbanking,success,,no_action,False,0.0
PAY003087,CUST00097,2026-05-08,949.85,card,failed,expired_card,reminder,False,0.0
PAY003088,CUST00769,2026-05-04,8856.76,netbanking,success,,no_action,False,0.0
PAY003089,CUST00128,2026-08-23,17008.46,card,success,,no_action,False,0.0
PAY003090,CUST00297,2026-07-21,3507.2,netbanking,success,,no_action,False,0.0
PAY003091,CUST00427,2026-07-08,23356.81,wallet,failed,timeout,reminder,True,23356.81
PAY003092,CUST00130,2026-07-22,1540.03,netbanking,success,,no_action,False,0.0
PAY003093,CUST00772,2026-04-04,14310.8,card,failed,network_error,reminder,False,0.0
PAY003094,CUST00100,2026-05-06,14755.99,netbanking,success,,no_action,False,0.0
PAY003095,CUST00424,2026-06-06,200.0,upi,failed,authentication_failed,reminder,True,200.0
PAY003096,CUST00642,2026-08-14,10541.62,wallet,failed,authentication_failed,payment_link,True,10541.62
PAY003097,CUST00552,2026-07-16,6688.58,wallet,success,,no_action,False,0.0
PAY003098,CUST00451,2026-06-03,2776.53,netbanking,success,,no_action,False,0.0
PAY003099,CUST00581,2026-07-26,16624.85,card,success,,no_action,False,0.0
PAY003100,CUST00268,2026-03-10,17162.61,netbanking,success,,no_action,False,0.0
PAY003101,CUST00114,2026-08-20,3344.5,upi,success,,no_action,False,0.0
PAY003102,CUST00800,2026-06-03,20839.77,wallet,failed,card_declined,reminder,True,20839.77
PAY003103,CUST00911,2026-06-14,1106.31,card,success,,no_action,False,0.0
PAY003104,CUST00700,2026-07-28,1222.9,card,success,,no_action,False,0.0
PAY003105,CUST00551,2026-05-17,12139.12,wallet,success,,no_action,False,0.0
PAY003106,CUST00255,2026-07-07,5529.63,wallet,failed,timeout,payment_link,True,5529.63
PAY003107,CUST00594,2026-02-27,2899.94,card,success,,no_action,False,0.0
PAY003108,CUST00051,2026-04-01,530.27,card,failed,timeout,payment_link,False,0.0
PAY003109,CUST00306,2026-06-02,5238.21,upi,success,,no_action,False,0.0
PAY003110,CUST00385,2026-08-02,3283.65,netbanking,failed,timeout,reminder,False,0.0
PAY003111,CUST00446,2026-05-04,4107.17,netbanking,success,,no_action,False,0.0
PAY003112,CUST00166,2026-05-30,556.01,netbanking,success,,no_action,False,0.0
PAY003113,CUST00502,2026-03-05,14755.03,wallet,success,,no_action,False,0.0
PAY003114,CUST00585,2026-07-31,5385.05,netbanking,failed,card_declined,payment_link,False,0.0
PAY003115,CUST00030,2026-05-31,1526.9,wallet,success,,no_action,False,0.0
PAY003116,CUST00265,2026-05-23,11537.52,upi,failed,card_declined,payment_link,False,0.0
PAY003117,CUST00718,2026-06-07,5984.45,netbanking,success,,no_action,False,0.0
PAY003118,CUST00648,2026-08-17,8542.35,upi,failed,insufficient_funds,reminder,False,0.0
PAY003119,CUST00436,2026-05-12,14515.27,upi,failed,insufficient_funds,reminder,True,14515.27
PAY003120,CUST00186,2026-06-27,1050.46,wallet,failed,network_error,retry,True,1050.46
PAY003121,CUST00319,2026-05-17,7061.18,wallet,success,,no_action,False,0.0
PAY003122,CUST00628,2026-03-23,10046.01,card,success,,no_action,False,0.0
PAY003123,CUST00095,2026-05-01,10878.46,netbanking,failed,authentication_failed,reminder,False,0.0
PAY003124,CUST00547,2026-07-13,527.46,card,success,,no_action,False,0.0
PAY003125,CUST00016,2026-07-08,11411.55,card,success,,no_action,False,0.0
PAY003126,CUST00406,2026-03-18,8672.39,upi,success,,no_action,False,0.0
PAY003127,CUST00178,2026-03-01,16799.06,netbanking,success,,no_action,False,0.0
PAY003128,CUST00954,2026-06-14,14698.87,wallet,failed,card_declined,payment_link,False,0.0
PAY003129,CUST00078,2026-07-11,3542.37,upi,failed,card_declined,payment_link,True,3542.37
PAY003130,CUST00258,2026-06-16,22534.19,wallet,success,,no_action,False,0.0
PAY003131,CUST00355,2026-07-17,16444.52,wallet,failed,authentication_failed,reminder,True,16444.52
PAY003132,CUST00359,2026-03-30,5231.45,netbanking,failed,authentication_failed,payment_link,True,5231.45
PAY003133,CUST00127,2026-05-01,17400.95,upi,success,,no_action,False,0.0
PAY003134,CUST00371,2026-08-18,10731.16,netbanking,success,,no_action,False,0.0
PAY003135,CUST00968,2026-08-12,4042.28,wallet,success,,no_action,False,0.0
PAY003136,CUST00377,2026-04-16,546.24,upi,failed,insufficient_funds,reminder,True,546.24
PAY003137,CUST00158,2026-07-13,13069.03,wallet,success,,no_action,False,0.0
PAY003138,CUST00630,2026-08-03,1571.48,wallet,success,,no_action,False,0.0
PAY003139,CUST00752,2026-06-07,20426.85,card,success,,no_action,False,0.0
PAY003140,CUST00783,2026-05-12,811.52,upi,success,,no_action,False,0.0
PAY003141,CUST00661,2026-04-16,8045.14,wallet,success,,no_action,False,0.0
PAY003142,CUST00889,2026-05-27,7207.46,wallet,failed,insufficient_funds,payment_link,False,0.0
PAY003143,CUST00732,2026-06-05,10999.96,card,success,,no_action,False,0.0
PAY003144,CUST00986,2026-08-07,24171.09,upi,failed,expired_card,payment_link,True,24171.09
PAY003145,CUST00200,2026-07-15,1023.36,upi,success,,no_action,False,0.0
PAY003146,CUST00516,2026-04-25,19007.35,upi,success,,no_action,False,0.0
PAY003147,CUST00903,2026-08-24,5305.28,netbanking,success,,no_action,False,0.0
PAY003148,CUST00807,2026-06-07,14730.18,card,success,,no_action,False,0.0
PAY003149,CUST00452,2026-07-07,9498.78,wallet,success,,no_action,False,0.0
PAY003150,CUST00927,2026-05-02,28912.59,upi,success,,no_action,False,0.0
PAY003151,CUST00939,2026-06-15,16816.64,netbanking,success,,no_action,False,0.0
PAY003152,CUST00055,2026-06-27,3017.76,upi,failed,expired_card,reminder,False,0.0
PAY003153,CUST00618,2026-08-20,11298.75,card,success,,no_action,False,0.0
PAY003154,CUST00667,2026-07-28,1647.15,netbanking,success,,no_action,False,0.0
PAY003155,CUST00127,2026-08-04,22054.57,netbanking,failed,timeout,reminder,True,22054.57
PAY003156,CUST00582,2026-04-06,22062.54,wallet,failed,authentication_failed,payment_link,True,22062.54
PAY003157,CUST00907,2026-05-17,6919.1,card,success,,no_action,False,0.0
PAY003158,CUST00493,2026-03-24,11955.16,upi,success,,no_action,False,0.0
PAY003159,CUST00281,2026-03-07,4881.65,netbanking,success,,no_action,False,0.0
PAY003160,CUST00830,2026-07-29,13099.04,card,success,,no_action,False,0.0
PAY003161,CUST00554,2026-03-31,11008.53,netbanking,success,,no_action,False,0.0
PAY003162,CUST00927,2026-06-21,16355.06,upi,failed,timeout,reminder,True,16355.06
PAY003163,CUST00167,2026-03-26,7331.09,card,success,,no_action,False,0.0
PAY003164,CUST00662,2026-04-07,1837.23,wallet,success,,no_action,False,0.0
PAY003165,CUST00967,2026-07-07,23411.54,upi,success,,no_action,False,0.0
PAY003166,CUST00947,2026-07-18,10068.93,card,success,,no_action,False,0.0
PAY003167,CUST00947,2026-03-01,11883.91,card,success,,no_action,False,0.0
PAY003168,CUST00190,2026-02-26,9782.08,upi,success,,no_action,False,0.0
PAY003169,CUST00017,2026-03-27,29721.05,wallet,success,,no_action,False,0.0
PAY003170,CUST00047,2026-08-06,2022.99,card,success,,no_action,False,0.0
PAY003171,CUST00612,2026-03-29,1141.52,wallet,success,,no_action,False,0.0
PAY003172,CUST00012,2026-06-04,13783.98,netbanking,success,,no_action,False,0.0
PAY003173,CUST00816,2026-05-11,2504.92,card,failed,card_declined,reminder,False,0.0
PAY003174,CUST00951,2026-08-09,11975.26,netbanking,success,,no_action,False,0.0
PAY003175,CUST00967,2026-07-16,27178.34,card,failed,expired_card,payment_link,False,0.0
PAY003176,CUST00657,2026-05-16,27643.35,upi,success,,no_action,False,0.0
PAY003177,CUST00419,2026-04-17,26049.82,card,success,,no_action,False,0.0
PAY003178,CUST00751,2026-06-09,2278.82,card,success,,no_action,False,0.0
PAY003179,CUST00938,2026-06-18,21619.37,netbanking,failed,timeout,reminder,True,21619.37
PAY003180,CUST00855,2026-08-21,29126.36,card,success,,no_action,False,0.0
PAY003181,CUST00048,2026-03-21,6210.43,wallet,success,,no_action,False,0.0
PAY003182,CUST00076,2026-05-13,523.44,wallet,success,,no_action,False,0.0
PAY003183,CUST00889,2026-04-24,14197.84,card,failed,timeout,reminder,False,0.0
PAY003184,CUST00289,2026-08-02,10355.22,netbanking,success,,no_action,False,0.0
PAY003185,CUST00838,2026-08-02,2330.62,netbanking,failed,network_error,reminder,True,2330.62
PAY003186,CUST00016,2026-07-16,12864.81,upi,success,,no_action,False,0.0
PAY003187,CUST00208,2026-06-02,21829.24,netbanking,success,,no_action,False,0.0
PAY003188,CUST00548,2026-07-31,275.29,wallet,success,,no_action,False,0.0
PAY003189,CUST00471,2026-07-14,9234.19,card,success,,no_action,False,0.0
PAY003190,CUST00444,2026-08-19,2759.86,card,success,,no_action,False,0.0
PAY003191,CUST00677,2026-03-16,3253.28,wallet,success,,no_action,False,0.0
PAY003192,CUST00373,2026-06-22,16580.9,wallet,success,,no_action,False,0.0
PAY003193,CUST00865,2026-04-27,2122.85,wallet,failed,insufficient_funds,reminder,True,2122.85
PAY003194,CUST00130,2026-08-24,1632.6,card,failed,card_declined,reminder,True,1632.6
PAY003195,CUST00783,2026-05-14,1753.15,upi,success,,no_action,False,0.0
PAY003196,CUST00081,2026-04-02,23306.49,card,failed,authentication_failed,reminder,True,23306.49
PAY003197,CUST00964,2026-03-28,12356.21,netbanking,success,,no_action,False,0.0
PAY003198,CUST00472,2026-08-25,3579.83,wallet,success,,no_action,False,0.0
PAY003199,CUST00093,2026-04-14,2691.26,netbanking,success,,no_action,False,0.0
PAY003200,CUST00803,2026-08-17,29009.3,card,success,,no_action,False,0.0
PAY003201,CUST00817,2026-07-27,1364.97,netbanking,success,,no_action,False,0.0
PAY003202,CUST00413,2026-04-12,9287.49,upi,success,,no_action,False,0.0
PAY003203,CUST00167,2026-03-17,12910.53,netbanking,success,,no_action,False,0.0
PAY003204,CUST00461,2026-05-04,15292.46,card,success,,no_action,False,0.0
PAY003205,CUST00739,2026-07-17,13436.85,upi,success,,no_action,False,0.0
PAY003206,CUST00355,2026-03-09,9782.48,netbanking,success,,no_action,False,0.0
PAY003207,CUST00327,2026-04-03,11499.03,card,success,,no_action,False,0.0
PAY003208,CUST00130,2026-02-26,1732.17,netbanking,success,,no_action,False,0.0
PAY003209,CUST00728,2026-06-08,4999.34,card,success,,no_action,False,0.0
PAY003210,CUST00225,2026-03-11,1969.81,netbanking,success,,no_action,False,0.0
PAY003211,CUST00471,2026-06-26,16510.24,netbanking,success,,no_action,False,0.0
PAY003212,CUST00182,2026-05-08,34112.31,upi,failed,authentication_failed,reminder,True,34112.31
PAY003213,CUST00006,2026-05-04,11801.66,upi,success,,no_action,False,0.0
PAY003214,CUST00735,2026-04-01,29250.0,wallet,success,,no_action,False,0.0
PAY003215,CUST00430,2026-03-14,15653.63,netbanking,success,,no_action,False,0.0
PAY003216,CUST00061,2026-03-13,1089.0,netbanking,failed,timeout,retry,True,1089.0
PAY003217,CUST00094,2026-06-24,3469.17,card,success,,no_action,False,0.0
PAY003218,CUST00908,2026-06-15,20220.11,card,success,,no_action,False,0.0
PAY003219,CUST00083,2026-04-25,27548.03,card,success,,no_action,False,0.0
PAY003220,CUST00970,2026-04-01,3530.34,card,success,,no_action,False,0.0
PAY003221,CUST00205,2026-03-16,6720.26,card,success,,no_action,False,0.0
PAY003222,CUST00830,2026-06-29,14677.43,card,success,,no_action,False,0.0
PAY003223,CUST00263,2026-07-19,21241.36,card,failed,authentication_failed,payment_link,True,21241.36
PAY003224,CUST00729,2026-07-09,13076.76,upi,success,,no_action,False,0.0
PAY003225,CUST00480,2026-07-22,27062.72,wallet,success,,no_action,False,0.0
PAY003226,CUST00219,2026-05-08,16198.99,upi,success,,no_action,False,0.0
PAY003227,CUST00980,2026-06-11,6230.09,wallet,success,,no_action,False,0.0
PAY003228,CUST00857,2026-07-13,22850.32,upi,failed,card_declined,reminder,False,0.0
PAY003229,CUST00085,2026-03-07,2975.65,upi,failed,timeout,reminder,False,0.0
PAY003230,CUST00265,2026-04-13,9448.76,wallet,success,,no_action,False,0.0
PAY003231,CUST00071,2026-05-29,6175.6,wallet,failed,card_declined,reminder,False,0.0
PAY003232,CUST00449,2026-04-05,18079.84,upi,success,,no_action,False,0.0
PAY003233,CUST00431,2026-05-06,13891.19,card,success,,no_action,False,0.0
PAY003234,CUST00559,2026-07-16,2995.5,wallet,success,,no_action,False,0.0
PAY003235,CUST00225,2026-07-14,3322.8,netbanking,success,,no_action,False,0.0
PAY003236,CUST00516,2026-04-25,19591.68,upi,success,,no_action,False,0.0
PAY003237,CUST00392,2026-04-02,27293.49,netbanking,success,,no_action,False,0.0
PAY003238,CUST00554,2026-05-07,13899.25,wallet,success,,no_action,False,0.0
PAY003239,CUST00722,2026-06-20,4874.35,card,success,,no_action,False,0.0
PAY003240,CUST00635,2026-07-20,9041.78,wallet,success,,no_action,False,0.0
PAY003241,CUST00188,2026-07-14,3728.13,card,success,,no_action,False,0.0
PAY003242,CUST00960,2026-08-06,8439.25,card,success,,no_action,False,0.0
PAY003243,CUST00717,2026-08-15,28387.51,netbanking,success,,no_action,False,0.0
PAY003244,CUST00615,2026-06-05,13291.21,card,failed,network_error,retry,True,13291.21
PAY003245,CUST00098,2026-05-12,7128.6,card,success,,no_action,False,0.0
PAY003246,CUST00722,2026-04-12,6535.81,card,success,,no_action,False,0.0
PAY003247,CUST00173,2026-08-03,2307.8,card,success,,no_action,False,0.0
PAY003248,CUST00380,2026-02-26,4437.82,netbanking,failed,insufficient_funds,payment_link,False,0.0
PAY003249,CUST00915,2026-04-13,10749.56,card,success,,no_action,False,0.0
PAY003250,CUST00449,2026-06-12,26066.19,netbanking,failed,insufficient_funds,reminder,True,26066.19
PAY003251,CUST00778,2026-03-26,636.28,card,success,,no_action,False,0.0
PAY003252,CUST00346,2026-08-12,17232.77,upi,failed,expired_card,payment_link,False,0.0
PAY003253,CUST00703,2026-08-03,16171.66,netbanking,success,,no_action,False,0.0
PAY003254,CUST00348,2026-06-19,13287.96,wallet,success,,no_action,False,0.0
PAY003255,CUST00722,2026-03-10,5151.91,upi,failed,network_error,reminder,True,5151.91
PAY003256,CUST00954,2026-03-14,9505.29,netbanking,failed,card_declined,payment_link,False,0.0
PAY003257,CUST00050,2026-08-04,21276.41,card,failed,expired_card,payment_link,False,0.0
PAY003258,CUST00222,2026-07-24,20106.66,card,success,,no_action,False,0.0
PAY003259,CUST00122,2026-03-30,16921.57,card,success,,no_action,False,0.0
PAY003260,CUST00961,2026-08-23,26954.14,card,success,,no_action,False,0.0
PAY003261,CUST00996,2026-07-14,10679.25,netbanking,success,,no_action,False,0.0
PAY003262,CUST00308,2026-08-02,17264.19,upi,failed,expired_card,reminder,False,0.0
PAY003263,CUST00914,2026-04-29,4521.71,netbanking,success,,no_action,False,0.0
PAY003264,CUST00932,2026-05-29,1801.95,netbanking,failed,expired_card,payment_link,True,1801.95
PAY003265,CUST00398,2026-07-23,21381.99,wallet,success,,no_action,False,0.0
PAY003266,CUST00014,2026-06-15,5065.49,card,success,,no_action,False,0.0
PAY003267,CUST00966,2026-06-05,5257.85,card,success,,no_action,False,0.0
PAY003268,CUST00735,2026-03-09,19107.77,wallet,success,,no_action,False,0.0
PAY003269,CUST00797,2026-08-22,16551.09,wallet,success,,no_action,False,0.0
PAY003270,CUST00697,2026-07-21,2208.72,upi,failed,card_declined,payment_link,False,0.0
PAY003271,CUST00869,2026-03-03,18202.49,netbanking,success,,no_action,False,0.0
PAY003272,CUST00003,2026-06-02,1795.62,wallet,success,,no_action,False,0.0
PAY003273,CUST00777,2026-04-08,20567.08,netbanking,success,,no_action,False,0.0
PAY003274,CUST00649,2026-03-16,9780.81,netbanking,success,,no_action,False,0.0
PAY003275,CUST00506,2026-06-06,7183.63,netbanking,success,,no_action,False,0.0
PAY003276,CUST00189,2026-07-13,6376.88,netbanking,success,,no_action,False,0.0
PAY003277,CUST00261,2026-07-22,12949.0,upi,success,,no_action,False,0.0
PAY003278,CUST00720,2026-05-15,19521.64,upi,success,,no_action,False,0.0
PAY003279,CUST00339,2026-03-06,13471.53,card,success,,no_action,False,0.0
PAY003280,CUST00586,2026-02-27,11049.41,wallet,failed,insufficient_funds,payment_link,True,11049.41
PAY003281,CUST00653,2026-04-29,7795.0,wallet,success,,no_action,False,0.0
PAY003282,CUST00015,2026-06-19,23168.67,card,success,,no_action,False,0.0
PAY003283,CUST00226,2026-02-27,43450.14,upi,success,,no_action,False,0.0
PAY003284,CUST00289,2026-07-20,10261.87,wallet,success,,no_action,False,0.0
PAY003285,CUST00570,2026-07-20,14625.1,wallet,success,,no_action,False,0.0
PAY003286,CUST00882,2026-06-07,7940.16,wallet,success,,no_action,False,0.0
PAY003287,CUST00048,2026-04-12,17578.35,upi,failed,card_declined,payment_link,True,17578.35
PAY003288,CUST00817,2026-07-09,1779.41,wallet,success,,no_action,False,0.0
PAY003289,CUST00192,2026-06-24,9373.2,card,success,,no_action,False,0.0
PAY003290,CUST00912,2026-05-25,33504.69,card,failed,insufficient_funds,reminder,True,33504.69
PAY003291,CUST00863,2026-07-16,8075.16,upi,success,,no_action,False,0.0
PAY003292,CUST00007,2026-07-31,17767.74,upi,success,,no_action,False,0.0
PAY003293,CUST00743,2026-07-10,13949.48,upi,success,,no_action,False,0.0
PAY003294,CUST00805,2026-03-22,7131.24,wallet,failed,timeout,payment_link,True,7131.24
PAY003295,CUST00445,2026-07-13,2381.34,card,failed,authentication_failed,reminder,True,2381.34
PAY003296,CUST00381,2026-06-24,5905.3,netbanking,success,,no_action,False,0.0
PAY003297,CUST00707,2026-08-21,45168.2,wallet,success,,no_action,False,0.0
PAY003298,CUST00097,2026-06-28,1037.87,card,failed,expired_card,payment_link,False,0.0
PAY003299,CUST00548,2026-06-02,472.24,upi,success,,no_action,False,0.0
PAY003300,CUST00624,2026-05-16,18922.96,wallet,failed,authentication_failed,payment_link,True,18922.96
PAY003301,CUST00888,2026-07-07,19018.49,card,success,,no_action,False,0.0
PAY003302,CUST00142,2026-04-12,26382.75,upi,success,,no_action,False,0.0
PAY003303,CUST00565,2026-07-13,2953.39,upi,success,,no_action,False,0.0
PAY003304,CUST00131,2026-04-06,7772.25,upi,success,,no_action,False,0.0
PAY003305,CUST00061,2026-05-08,530.87,netbanking,success,,no_action,False,0.0
PAY003306,CUST00499,2026-03-14,11316.02,upi,failed,authentication_failed,reminder,False,0.0
PAY003307,CUST00432,2026-04-17,1369.76,netbanking,success,,no_action,False,0.0
PAY003308,CUST00718,2026-08-07,11773.39,card,success,,no_action,False,0.0
PAY003309,CUST00213,2026-08-23,670.9,card,success,,no_action,False,0.0
PAY003310,CUST00153,2026-03-30,8087.19,wallet,success,,no_action,False,0.0
PAY003311,CUST00713,2026-04-16,27683.96,card,success,,no_action,False,0.0
PAY003312,CUST00043,2026-03-10,15739.18,card,success,,no_action,False,0.0
PAY003313,CUST00417,2026-03-12,6485.95,upi,success,,no_action,False,0.0
PAY003314,CUST00353,2026-05-28,2972.53,upi,failed,network_error,reminder,True,2972.53
PAY003315,CUST00408,2026-03-16,24579.5,upi,success,,no_action,False,0.0
PAY003316,CUST00701,2026-07-29,16892.2,card,success,,no_action,False,0.0
PAY003317,CUST00092,2026-06-02,1308.71,card,success,,no_action,False,0.0
PAY003318,CUST00886,2026-07-11,15281.34,upi,success,,no_action,False,0.0
PAY003319,CUST00224,2026-07-14,14593.23,card,failed,insufficient_funds,reminder,True,14593.23
PAY003320,CUST00841,2026-07-21,16270.54,wallet,success,,no_action,False,0.0
PAY003321,CUST00084,2026-07-04,35668.79,upi,failed,network_error,reminder,True,35668.79
PAY003322,CUST00058,2026-06-06,3165.46,netbanking,failed,network_error,retry,True,3165.46
PAY003323,CUST00472,2026-08-24,4203.57,card,success,,no_action,False,0.0
PAY003324,CUST00404,2026-03-13,3094.27,wallet,success,,no_action,False,0.0
PAY003325,CUST00311,2026-03-07,30088.61,netbanking,failed,expired_card,reminder,True,30088.61
PAY003326,CUST00452,2026-07-30,13351.89,upi,success,,no_action,False,0.0
PAY003327,CUST00789,2026-07-21,19243.52,upi,success,,no_action,False,0.0
PAY003328,CUST00427,2026-04-15,21512.78,wallet,success,,no_action,False,0.0
PAY003329,CUST00133,2026-06-17,21187.34,upi,success,,no_action,False,0.0
PAY003330,CUST00904,2026-06-11,12948.43,upi,success,,no_action,False,0.0
PAY003331,CUST00682,2026-05-05,3608.65,netbanking,failed,authentication_failed,payment_link,True,3608.65
PAY003332,CUST00690,2026-07-07,16458.61,upi,success,,no_action,False,0.0
PAY003333,CUST00871,2026-07-02,3795.05,card,success,,no_action,False,0.0
PAY003334,CUST00972,2026-06-10,17915.52,card,success,,no_action,False,0.0
PAY003335,CUST00152,2026-07-22,1889.13,card,success,,no_action,False,0.0
PAY003336,CUST00700,2026-04-18,953.09,wallet,success,,no_action,False,0.0
PAY003337,CUST00574,2026-05-09,7928.72,upi,success,,no_action,False,0.0
PAY003338,CUST00970,2026-08-15,3594.95,wallet,failed,card_declined,payment_link,True,3594.95
PAY003339,CUST00059,2026-04-18,15880.83,upi,success,,no_action,False,0.0
PAY003340,CUST00973,2026-04-28,2358.86,card,success,,no_action,False,0.0
PAY003341,CUST00080,2026-06-01,27820.06,wallet,success,,no_action,False,0.0
PAY003342,CUST00737,2026-06-25,7378.05,netbanking,success,,no_action,False,0.0
PAY003343,CUST00798,2026-06-22,1917.52,netbanking,success,,no_action,False,0.0
PAY003344,CUST00412,2026-08-07,8542.6,netbanking,success,,no_action,False,0.0
PAY003345,CUST00344,2026-07-20,2196.09,upi,success,,no_action,False,0.0
PAY003346,CUST00484,2026-07-28,11917.49,netbanking,success,,no_action,False,0.0
PAY003347,CUST00796,2026-05-08,4635.96,card,success,,no_action,False,0.0
PAY003348,CUST00130,2026-05-10,1539.69,card,success,,no_action,False,0.0
PAY003349,CUST00379,2026-08-03,5886.35,card,success,,no_action,False,0.0
PAY003350,CUST00940,2026-05-24,33345.01,netbanking,success,,no_action,False,0.0
PAY003351,CUST00190,2026-06-07,8864.04,netbanking,failed,expired_card,payment_link,True,8864.04
PAY003352,CUST00310,2026-04-28,7266.85,wallet,success,,no_action,False,0.0
PAY003353,CUST00014,2026-07-26,943.54,upi,success,,no_action,False,0.0
PAY003354,CUST00122,2026-03-29,22194.67,netbanking,success,,no_action,False,0.0
PAY003355,CUST00956,2026-07-25,9364.52,netbanking,success,,no_action,False,0.0
PAY003356,CUST00201,2026-03-27,5135.31,upi,failed,card_declined,reminder,False,0.0
PAY003357,CUST00309,2026-03-12,12650.87,upi,success,,no_action,False,0.0
PAY003358,CUST00464,2026-06-23,2728.46,wallet,success,,no_action,False,0.0
PAY003359,CUST00232,2026-08-10,26120.8,card,success,,no_action,False,0.0
PAY003360,CUST00703,2026-07-11,17822.51,card,success,,no_action,False,0.0
PAY003361,CUST00842,2026-07-16,4656.89,card,success,,no_action,False,0.0
PAY003362,CUST00458,2026-04-07,505.03,card,failed,authentication_failed,reminder,True,505.03
PAY003363,CUST00215,2026-04-12,10935.27,netbanking,success,,no_action,False,0.0
PAY003364,CUST00444,2026-08-19,6239.31,wallet,success,,no_action,False,0.0
PAY003365,CUST00667,2026-08-09,2397.19,card,success,,no_action,False,0.0
PAY003366,CUST00989,2026-08-18,14165.2,upi,success,,no_action,False,0.0
PAY003367,CUST00026,2026-04-23,17349.22,wallet,failed,timeout,retry,True,17349.22
PAY003368,CUST00927,2026-05-19,15517.51,wallet,success,,no_action,False,0.0
PAY003369,CUST00417,2026-02-26,7213.59,upi,success,,no_action,False,0.0
PAY003370,CUST00115,2026-04-06,23382.76,card,failed,timeout,reminder,True,23382.76
PAY003371,CUST00834,2026-05-31,17645.46,wallet,failed,insufficient_funds,reminder,True,17645.46
PAY003372,CUST00334,2026-04-05,8067.03,card,success,,no_action,False,0.0
PAY003373,CUST00496,2026-03-14,1546.56,upi,success,,no_action,False,0.0
PAY003374,CUST00317,2026-03-04,14626.84,upi,success,,no_action,False,0.0
PAY003375,CUST00619,2026-07-22,21073.96,netbanking,success,,no_action,False,0.0
PAY003376,CUST00709,2026-07-11,14736.49,upi,success,,no_action,False,0.0
PAY003377,CUST00826,2026-04-09,9622.67,card,success,,no_action,False,0.0
PAY003378,CUST00931,2026-05-26,5589.4,wallet,success,,no_action,False,0.0
PAY003379,CUST00727,2026-06-06,24212.02,upi,success,,no_action,False,0.0
PAY003380,CUST00181,2026-08-06,7590.88,upi,success,,no_action,False,0.0
PAY003381,CUST00877,2026-06-01,4026.95,wallet,failed,expired_card,reminder,True,4026.95
PAY003382,CUST00990,2026-08-08,6578.12,upi,failed,card_declined,payment_link,True,6578.12
PAY003383,CUST00710,2026-08-02,3817.9,wallet,success,,no_action,False,0.0
PAY003384,CUST00195,2026-05-30,32019.17,upi,success,,no_action,False,0.0
PAY003385,CUST00874,2026-04-23,5910.33,wallet,success,,no_action,False,0.0
PAY003386,CUST00801,2026-07-05,12359.96,wallet,success,,no_action,False,0.0
PAY003387,CUST00359,2026-03-21,4434.75,card,success,,no_action,False,0.0
PAY003388,CUST00930,2026-04-14,1414.08,wallet,success,,no_action,False,0.0
PAY003389,CUST00399,2026-04-18,9804.47,card,failed,card_declined,reminder,False,0.0
PAY003390,CUST00391,2026-07-01,9219.67,card,success,,no_action,False,0.0
PAY003391,CUST00128,2026-07-18,21147.79,upi,success,,no_action,False,0.0
PAY003392,CUST00695,2026-08-06,29838.63,upi,failed,network_error,reminder,True,29838.63
PAY003393,CUST00446,2026-06-28,7500.91,netbanking,success,,no_action,False,0.0
PAY003394,CUST00206,2026-05-04,9425.7,netbanking,success,,no_action,False,0.0
PAY003395,CUST00135,2026-04-08,3743.36,upi,failed,card_declined,reminder,True,3743.36
PAY003396,CUST00942,2026-07-31,17859.36,card,success,,no_action,False,0.0
PAY003397,CUST00300,2026-08-16,13662.57,netbanking,failed,expired_card,payment_link,False,0.0
PAY003398,CUST00879,2026-05-27,8120.57,upi,success,,no_action,False,0.0
PAY003399,CUST00415,2026-08-03,5785.36,card,success,,no_action,False,0.0
PAY003400,CUST00346,2026-08-07,17424.81,wallet,success,,no_action,False,0.0
PAY003401,CUST00810,2026-08-10,35658.9,wallet,failed,card_declined,payment_link,True,35658.9
PAY003402,CUST00118,2026-04-27,5596.68,wallet,success,,no_action,False,0.0
PAY003403,CUST00007,2026-05-15,15930.81,wallet,failed,card_declined,payment_link,False,0.0
PAY003404,CUST00791,2026-08-13,23289.07,upi,success,,no_action,False,0.0
PAY003405,CUST00074,2026-04-11,10726.84,upi,success,,no_action,False,0.0
PAY003406,CUST00411,2026-04-25,12408.27,netbanking,success,,no_action,False,0.0
PAY003407,CUST00585,2026-05-07,11274.84,wallet,failed,network_error,payment_link,True,11274.84
PAY003408,CUST00810,2026-04-11,19518.64,netbanking,success,,no_action,False,0.0
PAY003409,CUST00960,2026-06-15,11061.17,card,success,,no_action,False,0.0
PAY003410,CUST00738,2026-05-06,6997.47,netbanking,success,,no_action,False,0.0
PAY003411,CUST00018,2026-06-02,13868.2,card,success,,no_action,False,0.0
PAY003412,CUST00607,2026-05-28,5469.31,wallet,success,,no_action,False,0.0
PAY003413,CUST00825,2026-02-26,24255.19,upi,success,,no_action,False,0.0
PAY003414,CUST00831,2026-08-04,16549.75,wallet,failed,timeout,retry,True,16549.75
PAY003415,CUST00888,2026-08-14,25093.22,wallet,success,,no_action,False,0.0
PAY003416,CUST00092,2026-06-16,2817.72,upi,success,,no_action,False,0.0
PAY003417,CUST00928,2026-07-21,17752.68,wallet,success,,no_action,False,0.0
PAY003418,CUST00663,2026-04-09,10454.64,wallet,success,,no_action,False,0.0
PAY003419,CUST00437,2026-07-30,15983.28,wallet,failed,card_declined,payment_link,True,15983.28
PAY003420,CUST00789,2026-03-05,22440.69,wallet,success,,no_action,False,0.0
PAY003421,CUST00472,2026-07-11,4542.93,netbanking,success,,no_action,False,0.0
PAY003422,CUST00548,2026-08-08,200.0,wallet,success,,no_action,False,0.0
PAY003423,CUST00959,2026-08-23,4849.86,upi,failed,timeout,reminder,True,4849.86
PAY003424,CUST00710,2026-06-03,5044.87,card,success,,no_action,False,0.0
PAY003425,CUST00337,2026-08-17,7857.41,card,success,,no_action,False,0.0
PAY003426,CUST00743,2026-03-29,13505.8,netbanking,success,,no_action,False,0.0
PAY003427,CUST00149,2026-03-04,2623.64,card,success,,no_action,False,0.0
PAY003428,CUST00794,2026-06-02,8111.17,netbanking,success,,no_action,False,0.0
PAY003429,CUST00279,2026-03-10,12682.43,wallet,failed,expired_card,payment_link,True,12682.43
PAY003430,CUST00002,2026-07-19,19839.73,upi,success,,no_action,False,0.0
PAY003431,CUST00476,2026-05-13,9710.99,wallet,success,,no_action,False,0.0
PAY003432,CUST00587,2026-05-16,11816.41,wallet,success,,no_action,False,0.0
PAY003433,CUST00907,2026-05-25,7207.4,upi,success,,no_action,False,0.0
PAY003434,CUST00437,2026-05-21,13888.18,card,success,,no_action,False,0.0
PAY003435,CUST00034,2026-07-26,6172.39,netbanking,failed,network_error,reminder,True,6172.39
PAY003436,CUST00757,2026-04-14,7883.0,wallet,failed,authentication_failed,payment_link,True,7883.0
PAY003437,CUST00986,2026-08-23,20788.64,netbanking,success,,no_action,False,0.0
PAY003438,CUST00390,2026-03-10,2287.34,upi,success,,no_action,False,0.0
PAY003439,CUST00712,2026-05-26,9999.02,card,success,,no_action,False,0.0
PAY003440,CUST00113,2026-06-24,5025.01,upi,success,,no_action,False,0.0
PAY003441,CUST00424,2026-07-10,859.66,upi,failed,expired_card,reminder,True,859.66
PAY003442,CUST00636,2026-05-26,3397.36,netbanking,success,,no_action,False,0.0
PAY003443,CUST00945,2026-05-21,15411.18,upi,success,,no_action,False,0.0
PAY003444,CUST00772,2026-05-15,21722.03,netbanking,failed,expired_card,payment_link,False,0.0
PAY003445,CUST00727,2026-07-30,23457.87,netbanking,failed,network_error,payment_link,True,23457.87
PAY003446,CUST00604,2026-05-03,23068.42,upi,failed,card_declined,reminder,False,0.0
PAY003447,CUST00283,2026-05-06,14542.32,netbanking,success,,no_action,False,0.0
PAY003448,CUST00899,2026-03-10,318.86,upi,success,,no_action,False,0.0
PAY003449,CUST00608,2026-03-30,7436.64,netbanking,success,,no_action,False,0.0
PAY003450,CUST00620,2026-08-09,11518.83,upi,failed,timeout,reminder,False,0.0
PAY003451,CUST00790,2026-04-07,9429.38,netbanking,success,,no_action,False,0.0
PAY003452,CUST00107,2026-08-21,39457.7,wallet,success,,no_action,False,0.0
PAY003453,CUST00178,2026-03-09,12868.96,card,success,,no_action,False,0.0
PAY003454,CUST00491,2026-08-06,6185.94,netbanking,success,,no_action,False,0.0
PAY003455,CUST00727,2026-06-26,36979.69,wallet,success,,no_action,False,0.0
PAY003456,CUST00820,2026-02-28,2170.76,upi,success,,no_action,False,0.0
PAY003457,CUST00044,2026-06-16,9034.28,netbanking,success,,no_action,False,0.0
PAY003458,CUST00869,2026-04-24,14984.82,upi,success,,no_action,False,0.0
PAY003459,CUST00581,2026-05-28,33995.47,card,failed,card_declined,reminder,False,0.0
PAY003460,CUST00110,2026-06-06,7360.34,wallet,success,,no_action,False,0.0
PAY003461,CUST00886,2026-07-28,16992.31,netbanking,success,,no_action,False,0.0
PAY003462,CUST00402,2026-03-18,18893.85,wallet,failed,authentication_failed,payment_link,False,0.0
PAY003463,CUST00945,2026-07-17,22099.6,upi,failed,expired_card,reminder,True,22099.6
PAY003464,CUST00306,2026-03-19,9390.5,wallet,success,,no_action,False,0.0
PAY003465,CUST00075,2026-04-19,13604.71,upi,failed,authentication_failed,reminder,True,13604.71
PAY003466,CUST00304,2026-08-16,12530.07,wallet,success,,no_action,False,0.0
PAY003467,CUST00759,2026-04-30,8375.6,upi,success,,no_action,False,0.0
PAY003468,CUST00200,2026-08-12,929.25,netbanking,success,,no_action,False,0.0
PAY003469,CUST00111,2026-08-14,3043.26,card,success,,no_action,False,0.0
PAY003470,CUST00462,2026-07-14,745.55,wallet,success,,no_action,False,0.0
PAY003471,CUST00852,2026-08-11,13574.68,card,success,,no_action,False,0.0
PAY003472,CUST00322,2026-07-25,6615.65,netbanking,success,,no_action,False,0.0
PAY003473,CUST00983,2026-08-12,3909.65,card,success,,no_action,False,0.0
PAY003474,CUST00092,2026-03-14,1365.61,wallet,success,,no_action,False,0.0
PAY003475,CUST00477,2026-05-18,6734.7,card,success,,no_action,False,0.0
PAY003476,CUST00060,2026-05-30,7295.62,upi,success,,no_action,False,0.0
PAY003477,CUST00970,2026-05-23,3652.8,netbanking,success,,no_action,False,0.0
PAY003478,CUST00186,2026-04-07,820.51,wallet,success,,no_action,False,0.0
PAY003479,CUST00204,2026-03-02,11442.09,upi,failed,card_declined,payment_link,True,11442.09
PAY003480,CUST00138,2026-03-25,7471.0,netbanking,success,,no_action,False,0.0
PAY003481,CUST00221,2026-05-01,7551.43,card,success,,no_action,False,0.0
PAY003482,CUST00419,2026-08-22,22540.06,wallet,success,,no_action,False,0.0
PAY003483,CUST00126,2026-02-28,2946.34,wallet,success,,no_action,False,0.0
PAY003484,CUST00449,2026-06-28,15059.52,wallet,success,,no_action,False,0.0
PAY003485,CUST00625,2026-03-12,6392.65,netbanking,success,,no_action,False,0.0
PAY003486,CUST00178,2026-04-20,10548.29,netbanking,success,,no_action,False,0.0
PAY003487,CUST00058,2026-07-18,6121.08,upi,success,,no_action,False,0.0
PAY003488,CUST00789,2026-04-10,27108.12,netbanking,success,,no_action,False,0.0
PAY003489,CUST00241,2026-07-14,379.18,upi,success,,no_action,False,0.0
PAY003490,CUST00304,2026-07-24,11932.44,wallet,success,,no_action,False,0.0
PAY003491,CUST00829,2026-04-08,3089.68,card,success,,no_action,False,0.0
PAY003492,CUST00981,2026-03-31,200.0,upi,success,,no_action,False,0.0
PAY003493,CUST00300,2026-05-03,12211.25,wallet,failed,timeout,payment_link,True,12211.25
PAY003494,CUST00677,2026-03-24,3998.16,wallet,success,,no_action,False,0.0
PAY003495,CUST00852,2026-05-03,24050.74,wallet,success,,no_action,False,0.0
PAY003496,CUST00424,2026-07-29,774.17,card,success,,no_action,False,0.0
PAY003497,CUST00959,2026-08-08,9003.61,card,success,,no_action,False,0.0
PAY003498,CUST00555,2026-06-18,11629.08,upi,success,,no_action,False,0.0
PAY003499,CUST00158,2026-03-14,11509.22,upi,success,,no_action,False,0.0
PAY003500,CUST00185,2026-03-08,15089.36,upi,success,,no_action,False,0.0
PAY003501,CUST00822,2026-07-12,3386.31,netbanking,success,,no_action,False,0.0
PAY003502,CUST00289,2026-04-30,7542.5,netbanking,failed,timeout,retry,True,7542.5
PAY003503,CUST00498,2026-03-23,15029.28,card,success,,no_action,False,0.0
PAY003504,CUST00134,2026-03-10,524.35,card,success,,no_action,False,0.0
PAY003505,CUST00123,2026-05-25,5397.83,card,success,,no_action,False,0.0
PAY003506,CUST00705,2026-08-16,20713.14,wallet,failed,timeout,reminder,True,20713.14
PAY003507,CUST00939,2026-03-07,25173.88,wallet,failed,network_error,retry,True,25173.88
PAY003508,CUST00818,2026-05-27,3626.13,upi,success,,no_action,False,0.0
PAY003509,CUST00107,2026-04-12,15144.72,netbanking,success,,no_action,False,0.0
PAY003510,CUST00613,2026-03-26,1405.67,netbanking,success,,no_action,False,0.0
PAY003511,CUST00506,2026-04-23,7992.45,wallet,failed,timeout,retry,True,7992.45
PAY003512,CUST00571,2026-03-03,16313.01,wallet,success,,no_action,False,0.0
PAY003513,CUST00370,2026-06-02,2072.68,card,success,,no_action,False,0.0
PAY003514,CUST00696,2026-05-03,20763.94,netbanking,success,,no_action,False,0.0
PAY003515,CUST00606,2026-08-22,22050.78,upi,failed,timeout,reminder,False,0.0
PAY003516,CUST00553,2026-05-11,1392.06,upi,success,,no_action,False,0.0
PAY003517,CUST00302,2026-07-08,16572.76,card,success,,no_action,False,0.0
PAY003518,CUST00512,2026-06-24,34512.51,netbanking,success,,no_action,False,0.0
PAY003519,CUST00022,2026-06-02,4534.09,netbanking,success,,no_action,False,0.0
PAY003520,CUST00785,2026-05-17,7239.33,netbanking,success,,no_action,False,0.0
PAY003521,CUST00195,2026-04-13,28222.51,netbanking,success,,no_action,False,0.0
PAY003522,CUST00407,2026-07-29,17964.41,wallet,failed,card_declined,payment_link,True,17964.41
PAY003523,CUST00759,2026-07-03,8443.21,upi,success,,no_action,False,0.0
PAY003524,CUST00486,2026-07-21,37692.67,netbanking,failed,card_declined,payment_link,False,0.0
PAY003525,CUST00158,2026-03-19,12140.37,wallet,success,,no_action,False,0.0
PAY003526,CUST00146,2026-05-31,19330.99,upi,success,,no_action,False,0.0
PAY003527,CUST00587,2026-05-19,10451.64,netbanking,success,,no_action,False,0.0
PAY003528,CUST00947,2026-04-05,9499.27,wallet,success,,no_action,False,0.0
PAY003529,CUST00606,2026-04-29,15917.39,wallet,success,,no_action,False,0.0
PAY003530,CUST00475,2026-04-11,25423.87,upi,success,,no_action,False,0.0
PAY003531,CUST00847,2026-06-02,16670.16,upi,success,,no_action,False,0.0
PAY003532,CUST00078,2026-08-10,3575.34,netbanking,failed,authentication_failed,payment_link,True,3575.34
PAY003533,CUST00685,2026-04-24,15028.25,upi,success,,no_action,False,0.0
PAY003534,CUST00671,2026-07-22,5067.3,card,success,,no_action,False,0.0
PAY003535,CUST00548,2026-08-09,400.07,upi,success,,no_action,False,0.0
PAY003536,CUST00086,2026-03-22,2877.44,upi,success,,no_action,False,0.0
PAY003537,CUST00973,2026-07-06,2597.72,netbanking,success,,no_action,False,0.0
PAY003538,CUST00679,2026-06-17,10296.18,card,failed,authentication_failed,reminder,True,10296.18
PAY003539,CUST00557,2026-03-24,10545.48,wallet,failed,expired_card,payment_link,False,0.0
PAY003540,CUST00782,2026-03-12,18619.72,netbanking,success,,no_action,False,0.0
PAY003541,CUST00399,2026-08-17,12230.07,netbanking,failed,card_declined,reminder,False,0.0
PAY003542,CUST00001,2026-07-10,3407.25,wallet,success,,no_action,False,0.0
PAY003543,CUST00492,2026-06-05,12232.91,upi,failed,authentication_failed,payment_link,True,12232.91
PAY003544,CUST00654,2026-03-28,3057.05,wallet,success,,no_action,False,0.0
PAY003545,CUST00611,2026-04-22,945.14,wallet,success,,no_action,False,0.0
PAY003546,CUST00304,2026-06-17,10642.95,upi,success,,no_action,False,0.0
PAY003547,CUST00829,2026-04-16,2846.28,upi,success,,no_action,False,0.0
PAY003548,CUST00188,2026-08-01,5085.61,card,success,,no_action,False,0.0
PAY003549,CUST00260,2026-06-30,15449.87,upi,failed,insufficient_funds,payment_link,True,15449.87
PAY003550,CUST00961,2026-08-02,9465.89,card,success,,no_action,False,0.0
PAY003551,CUST00458,2026-06-10,405.18,upi,success,,no_action,False,0.0
PAY003552,CUST00603,2026-07-10,9451.71,netbanking,success,,no_action,False,0.0
PAY003553,CUST00099,2026-04-17,5496.72,upi,success,,no_action,False,0.0
PAY003554,CUST00114,2026-08-21,3097.73,upi,failed,network_error,retry,True,3097.73
PAY003555,CUST00764,2026-04-17,10224.83,upi,failed,insufficient_funds,payment_link,True,10224.83
PAY003556,CUST00766,2026-03-22,14691.28,wallet,success,,no_action,False,0.0
PAY003557,CUST00004,2026-05-20,10378.92,netbanking,success,,no_action,False,0.0
PAY003558,CUST00830,2026-02-26,20061.71,upi,success,,no_action,False,0.0
PAY003559,CUST00958,2026-04-08,18868.72,netbanking,success,,no_action,False,0.0
PAY003560,CUST00948,2026-07-20,1036.82,upi,success,,no_action,False,0.0
PAY003561,CUST00786,2026-06-07,12853.33,card,success,,no_action,False,0.0
PAY003562,CUST00547,2026-04-29,419.57,wallet,success,,no_action,False,0.0
PAY003563,CUST00879,2026-07-18,6793.5,upi,success,,no_action,False,0.0
PAY003564,CUST00911,2026-04-19,1394.7,wallet,success,,no_action,False,0.0
PAY003565,CUST00220,2026-03-19,10068.53,wallet,success,,no_action,False,0.0
PAY003566,CUST00518,2026-06-22,19633.59,wallet,success,,no_action,False,0.0
PAY003567,CUST00108,2026-05-15,13107.05,upi,success,,no_action,False,0.0
PAY003568,CUST00989,2026-08-14,17706.63,card,success,,no_action,False,0.0
PAY003569,CUST00518,2026-04-24,20197.56,upi,success,,no_action,False,0.0
PAY003570,CUST00735,2026-04-14,22596.29,upi,success,,no_action,False,0.0
PAY003571,CUST00473,2026-05-20,14944.9,card,success,,no_action,False,0.0
PAY003572,CUST00726,2026-06-29,12356.79,card,success,,no_action,False,0.0
PAY003573,CUST00505,2026-03-09,3807.95,wallet,success,,no_action,False,0.0
PAY003574,CUST00433,2026-07-13,11400.89,upi,success,,no_action,False,0.0
PAY003575,CUST00536,2026-03-17,8165.38,card,failed,expired_card,reminder,True,8165.38
PAY003576,CUST00637,2026-07-04,7829.84,wallet,success,,no_action,False,0.0
PAY003577,CUST00712,2026-07-27,16282.06,card,success,,no_action,False,0.0
PAY003578,CUST00430,2026-05-13,7122.76,upi,success,,no_action,False,0.0
PAY003579,CUST00359,2026-08-17,3299.5,wallet,success,,no_action,False,0.0
PAY003580,CUST00018,2026-06-02,20044.83,upi,success,,no_action,False,0.0
PAY003581,CUST00378,2026-04-10,2908.37,wallet,success,,no_action,False,0.0
PAY003582,CUST00627,2026-06-20,32642.39,card,success,,no_action,False,0.0
PAY003583,CUST00210,2026-07-27,2275.84,netbanking,success,,no_action,False,0.0
PAY003584,CUST00580,2026-05-06,19625.26,netbanking,success,,no_action,False,0.0
PAY003585,CUST00688,2026-05-13,11436.86,wallet,failed,insufficient_funds,payment_link,False,0.0
PAY003586,CUST00908,2026-08-05,28113.06,card,success,,no_action,False,0.0
PAY003587,CUST00487,2026-06-11,15670.02,upi,success,,no_action,False,0.0
PAY003588,CUST00434,2026-06-30,1947.9,card,failed,authentication_failed,reminder,True,1947.9
PAY003589,CUST00023,2026-07-28,2154.32,card,success,,no_action,False,0.0
PAY003590,CUST00469,2026-08-20,16955.64,netbanking,success,,no_action,False,0.0
PAY003591,CUST00633,2026-03-17,6377.57,netbanking,success,,no_action,False,0.0
PAY003592,CUST00977,2026-06-24,2490.15,netbanking,success,,no_action,False,0.0
PAY003593,CUST00249,2026-05-24,14274.59,netbanking,failed,authentication_failed,reminder,False,0.0
PAY003594,CUST00212,2026-07-12,8381.33,card,failed,expired_card,reminder,False,0.0
PAY003595,CUST00029,2026-02-28,8930.75,netbanking,success,,no_action,False,0.0
PAY003596,CUST00812,2026-03-28,636.65,wallet,failed,expired_card,payment_link,False,0.0
PAY003597,CUST00856,2026-04-02,11099.56,card,success,,no_action,False,0.0
PAY003598,CUST00985,2026-03-13,15794.56,netbanking,success,,no_action,False,0.0
PAY003599,CUST00019,2026-05-01,17496.8,upi,success,,no_action,False,0.0
PAY003600,CUST00368,2026-07-14,5193.21,card,success,,no_action,False,0.0
PAY003601,CUST00587,2026-05-15,9981.08,upi,failed,insufficient_funds,payment_link,True,9981.08
PAY003602,CUST00683,2026-03-25,20342.79,wallet,success,,no_action,False,0.0
PAY003603,CUST00567,2026-04-27,14738.45,netbanking,success,,no_action,False,0.0
PAY003604,CUST00015,2026-03-09,26711.37,netbanking,failed,insufficient_funds,payment_link,True,26711.37
PAY003605,CUST00696,2026-08-18,36964.96,netbanking,success,,no_action,False,0.0
PAY003606,CUST00413,2026-03-02,19633.08,netbanking,success,,no_action,False,0.0
PAY003607,CUST00934,2026-03-22,4408.31,netbanking,success,,no_action,False,0.0
PAY003608,CUST00572,2026-05-12,19797.1,wallet,failed,timeout,retry,False,0.0
PAY003609,CUST00443,2026-07-04,34402.2,wallet,success,,no_action,False,0.0
PAY003610,CUST00780,2026-07-11,11898.04,card,success,,no_action,False,0.0
PAY003611,CUST00484,2026-08-09,13746.21,upi,success,,no_action,False,0.0
PAY003612,CUST00823,2026-08-21,1633.82,upi,success,,no_action,False,0.0
PAY003613,CUST00126,2026-05-12,3477.02,card,success,,no_action,False,0.0
PAY003614,CUST00311,2026-05-07,38407.07,card,success,,no_action,False,0.0
PAY003615,CUST00682,2026-06-08,3352.17,netbanking,failed,authentication_failed,payment_link,True,3352.17
PAY003616,CUST00839,2026-03-30,15231.84,card,success,,no_action,False,0.0
PAY003617,CUST00120,2026-06-28,21043.85,netbanking,failed,authentication_failed,payment_link,True,21043.85
PAY003618,CUST00141,2026-04-13,17871.9,upi,success,,no_action,False,0.0
PAY003619,CUST00128,2026-04-22,25976.84,card,success,,no_action,False,0.0
PAY003620,CUST00955,2026-03-05,15953.02,netbanking,success,,no_action,False,0.0
PAY003621,CUST00265,2026-05-10,6641.33,wallet,success,,no_action,False,0.0
PAY003622,CUST00702,2026-04-24,13594.11,netbanking,success,,no_action,False,0.0
PAY003623,CUST00616,2026-05-17,11357.4,upi,success,,no_action,False,0.0
PAY003624,CUST00007,2026-05-26,17618.77,wallet,failed,card_declined,payment_link,True,17618.77
PAY003625,CUST00224,2026-04-30,16862.09,card,success,,no_action,False,0.0
PAY003626,CUST00404,2026-03-21,3685.38,upi,success,,no_action,False,0.0
PAY003627,CUST00953,2026-08-08,20248.1,wallet,success,,no_action,False,0.0
PAY003628,CUST00147,2026-06-14,12129.71,wallet,success,,no_action,False,0.0
PAY003629,CUST00791,2026-07-18,18168.04,upi,success,,no_action,False,0.0
PAY003630,CUST00329,2026-04-10,6975.68,netbanking,success,,no_action,False,0.0
PAY003631,CUST00186,2026-05-17,614.11,netbanking,success,,no_action,False,0.0
PAY003632,CUST00104,2026-07-04,8807.7,wallet,success,,no_action,False,0.0
PAY003633,CUST00336,2026-05-23,1397.45,wallet,success,,no_action,False,0.0
PAY003634,CUST00939,2026-08-08,21582.39,card,success,,no_action,False,0.0
PAY003635,CUST00049,2026-05-15,5566.62,netbanking,success,,no_action,False,0.0
PAY003636,CUST00276,2026-05-30,11444.75,wallet,success,,no_action,False,0.0
PAY003637,CUST00654,2026-07-11,6674.15,netbanking,success,,no_action,False,0.0
PAY003638,CUST00750,2026-06-24,30019.15,netbanking,success,,no_action,False,0.0
PAY003639,CUST00122,2026-05-11,16256.33,wallet,success,,no_action,False,0.0
PAY003640,CUST00868,2026-04-26,30001.42,upi,success,,no_action,False,0.0
PAY003641,CUST00501,2026-04-22,6063.76,upi,success,,no_action,False,0.0
PAY003642,CUST00432,2026-04-28,1399.65,card,failed,insufficient_funds,reminder,True,1399.65
PAY003643,CUST00846,2026-03-07,14503.4,upi,success,,no_action,False,0.0
PAY003644,CUST00526,2026-04-11,11346.76,wallet,success,,no_action,False,0.0
PAY003645,CUST00832,2026-06-27,20968.66,upi,success,,no_action,False,0.0
PAY003646,CUST00202,2026-07-18,4309.03,card,success,,no_action,False,0.0
PAY003647,CUST00446,2026-06-19,6811.74,netbanking,success,,no_action,False,0.0
PAY003648,CUST00709,2026-08-14,18915.54,netbanking,success,,no_action,False,0.0
PAY003649,CUST00218,2026-07-07,769.55,wallet,failed,authentication_failed,reminder,True,769.55
PAY003650,CUST00579,2026-08-20,822.44,card,success,,no_action,False,0.0
PAY003651,CUST00490,2026-06-28,28558.94,wallet,success,,no_action,False,0.0
PAY003652,CUST00454,2026-07-26,22888.61,wallet,failed,authentication_failed,payment_link,True,22888.61
PAY003653,CUST00955,2026-07-23,19736.59,upi,failed,card_declined,payment_link,False,0.0
PAY003654,CUST00264,2026-06-16,22596.94,wallet,success,,no_action,False,0.0
PAY003655,CUST00269,2026-07-26,24297.39,netbanking,success,,no_action,False,0.0
PAY003656,CUST00589,2026-07-12,3228.11,card,success,,no_action,False,0.0
PAY003657,CUST00610,2026-07-23,6104.65,netbanking,success,,no_action,False,0.0
PAY003658,CUST00018,2026-08-25,11519.42,netbanking,success,,no_action,False,0.0
PAY003659,CUST00088,2026-05-11,9377.3,wallet,success,,no_action,False,0.0
PAY003660,CUST00927,2026-07-07,19632.04,wallet,success,,no_action,False,0.0
PAY003661,CUST00796,2026-08-16,17513.64,netbanking,success,,no_action,False,0.0
PAY003662,CUST00630,2026-05-31,1427.0,wallet,success,,no_action,False,0.0
PAY003663,CUST00844,2026-07-22,11245.16,wallet,success,,no_action,False,0.0
PAY003664,CUST00357,2026-03-11,9240.87,card,success,,no_action,False,0.0
PAY003665,CUST00184,2026-07-25,17798.61,upi,success,,no_action,False,0.0
PAY003666,CUST00474,2026-05-13,18331.98,card,success,,no_action,False,0.0
PAY003667,CUST00542,2026-05-21,9519.95,wallet,failed,network_error,retry,True,9519.95
PAY003668,CUST00769,2026-05-04,6671.04,netbanking,success,,no_action,False,0.0
PAY003669,CUST00948,2026-04-07,1556.26,netbanking,failed,card_declined,reminder,True,1556.26
PAY003670,CUST00536,2026-04-22,16205.38,wallet,failed,insufficient_funds,reminder,True,16205.38
PAY003671,CUST00654,2026-07-13,8392.99,netbanking,success,,no_action,False,0.0
PAY003672,CUST00117,2026-08-01,22776.32,card,success,,no_action,False,0.0
PAY003673,CUST00504,2026-03-03,10871.49,netbanking,success,,no_action,False,0.0
PAY003674,CUST00756,2026-03-10,5994.26,upi,failed,network_error,retry,True,5994.26
PAY003675,CUST00380,2026-06-01,3230.72,wallet,failed,authentication_failed,payment_link,True,3230.72
PAY003676,CUST00092,2026-07-13,3417.37,netbanking,success,,no_action,False,0.0
PAY003677,CUST00769,2026-08-16,10737.36,card,success,,no_action,False,0.0
PAY003678,CUST00327,2026-06-07,16961.12,upi,success,,no_action,False,0.0
PAY003679,CUST00021,2026-03-18,15295.77,upi,success,,no_action,False,0.0
PAY003680,CUST00011,2026-07-22,3288.07,upi,failed,authentication_failed,payment_link,True,3288.07
PAY003681,CUST00486,2026-04-29,27509.62,netbanking,success,,no_action,False,0.0
PAY003682,CUST00741,2026-03-13,8206.4,wallet,success,,no_action,False,0.0
PAY003683,CUST00707,2026-05-09,16268.69,card,failed,timeout,reminder,True,16268.69
PAY003684,CUST00336,2026-06-24,1976.62,card,failed,expired_card,reminder,True,1976.62
PAY003685,CUST00212,2026-06-08,5427.11,wallet,success,,no_action,False,0.0
PAY003686,CUST00144,2026-08-21,5113.32,wallet,success,,no_action,False,0.0
PAY003687,CUST00358,2026-04-28,14601.96,upi,success,,no_action,False,0.0
PAY003688,CUST00818,2026-08-05,5476.02,card,success,,no_action,False,0.0
PAY003689,CUST00342,2026-08-07,785.14,wallet,success,,no_action,False,0.0
PAY003690,CUST00979,2026-04-30,14100.27,netbanking,success,,no_action,False,0.0
PAY003691,CUST00089,2026-06-30,11462.38,wallet,success,,no_action,False,0.0
PAY003692,CUST00582,2026-03-27,9490.65,upi,success,,no_action,False,0.0
PAY003693,CUST00104,2026-07-06,8183.3,card,success,,no_action,False,0.0
PAY003694,CUST00933,2026-04-13,2344.72,upi,success,,no_action,False,0.0
PAY003695,CUST00468,2026-02-27,25252.37,wallet,failed,timeout,retry,True,25252.37
PAY003696,CUST00352,2026-07-09,27937.24,upi,success,,no_action,False,0.0
PAY003697,CUST00085,2026-03-06,8597.09,card,failed,timeout,reminder,True,8597.09
PAY003698,CUST00915,2026-08-23,14126.14,card,success,,no_action,False,0.0
PAY003699,CUST00473,2026-08-07,19962.44,upi,success,,no_action,False,0.0
PAY003700,CUST00942,2026-05-04,16650.04,netbanking,success,,no_action,False,0.0
PAY003701,CUST00044,2026-07-19,20561.84,card,success,,no_action,False,0.0
PAY003702,CUST00560,2026-04-21,6198.57,card,success,,no_action,False,0.0
PAY003703,CUST00009,2026-07-06,17974.11,upi,success,,no_action,False,0.0
PAY003704,CUST00894,2026-06-22,2740.73,netbanking,success,,no_action,False,0.0
PAY003705,CUST00119,2026-04-21,508.44,upi,success,,no_action,False,0.0
PAY003706,CUST00949,2026-06-08,13285.9,card,success,,no_action,False,0.0
PAY003707,CUST00267,2026-04-11,5315.9,card,success,,no_action,False,0.0
PAY003708,CUST00518,2026-05-26,8605.27,wallet,failed,expired_card,payment_link,False,0.0
PAY003709,CUST00115,2026-06-22,20540.91,upi,failed,expired_card,payment_link,True,20540.91
PAY003710,CUST00140,2026-06-14,21082.99,netbanking,failed,insufficient_funds,payment_link,False,0.0
PAY003711,CUST00826,2026-05-06,12539.75,card,failed,network_error,retry,True,12539.75
PAY003712,CUST00795,2026-04-20,17169.09,upi,success,,no_action,False,0.0
PAY003713,CUST00605,2026-04-19,561.9,card,success,,no_action,False,0.0
PAY003714,CUST00562,2026-04-21,11369.29,netbanking,failed,card_declined,payment_link,True,11369.29
PAY003715,CUST00415,2026-06-21,6915.89,netbanking,success,,no_action,False,0.0
PAY003716,CUST00015,2026-08-04,21361.79,card,success,,no_action,False,0.0
PAY003717,CUST00936,2026-08-08,2995.38,netbanking,success,,no_action,False,0.0
PAY003718,CUST00895,2026-06-07,4406.45,wallet,failed,card_declined,reminder,True,4406.45
PAY003719,CUST00137,2026-04-10,11946.47,card,failed,insufficient_funds,reminder,True,11946.47
PAY003720,CUST00884,2026-08-12,5329.81,upi,failed,authentication_failed,reminder,True,5329.81
PAY003721,CUST00365,2026-08-21,4022.29,netbanking,failed,insufficient_funds,payment_link,True,4022.29
PAY003722,CUST00507,2026-04-22,16367.07,netbanking,success,,no_action,False,0.0
PAY003723,CUST00164,2026-08-04,746.09,upi,failed,timeout,retry,True,746.09
PAY003724,CUST00495,2026-08-07,4235.59,netbanking,success,,no_action,False,0.0
PAY003725,CUST00946,2026-07-18,19525.65,wallet,success,,no_action,False,0.0
PAY003726,CUST00487,2026-05-02,16749.63,upi,success,,no_action,False,0.0
PAY003727,CUST00887,2026-03-18,1528.4,upi,success,,no_action,False,0.0
PAY003728,CUST00508,2026-04-14,6941.03,netbanking,success,,no_action,False,0.0
PAY003729,CUST00297,2026-03-23,6668.68,upi,success,,no_action,False,0.0
PAY003730,CUST00111,2026-05-15,2743.3,card,success,,no_action,False,0.0
PAY003731,CUST00392,2026-06-27,19942.25,wallet,success,,no_action,False,0.0
PAY003732,CUST00013,2026-06-20,10326.39,upi,success,,no_action,False,0.0
PAY003733,CUST00712,2026-03-06,12280.94,upi,success,,no_action,False,0.0
PAY003734,CUST00609,2026-04-27,14566.2,netbanking,success,,no_action,False,0.0
PAY003735,CUST00401,2026-05-29,5713.96,upi,success,,no_action,False,0.0
PAY003736,CUST00202,2026-05-23,3639.77,wallet,failed,authentication_failed,payment_link,True,3639.77
PAY003737,CUST00477,2026-04-29,5004.24,card,success,,no_action,False,0.0
PAY003738,CUST00140,2026-03-04,20375.58,netbanking,failed,authentication_failed,reminder,False,0.0
PAY003739,CUST00818,2026-03-06,3340.44,card,success,,no_action,False,0.0
PAY003740,CUST00671,2026-03-21,5696.88,wallet,success,,no_action,False,0.0
PAY003741,CUST00112,2026-06-26,33013.26,card,success,,no_action,False,0.0
PAY003742,CUST00906,2026-07-02,23540.91,card,success,,no_action,False,0.0
PAY003743,CUST00146,2026-05-08,19632.18,netbanking,success,,no_action,False,0.0
PAY003744,CUST00762,2026-07-16,10306.31,card,failed,insufficient_funds,payment_link,True,10306.31
PAY003745,CUST00828,2026-02-27,13111.94,card,success,,no_action,False,0.0
PAY003746,CUST00466,2026-05-14,28455.6,card,failed,card_declined,payment_link,False,0.0
PAY003747,CUST00301,2026-04-03,6900.6,upi,success,,no_action,False,0.0
PAY003748,CUST00096,2026-07-26,15634.83,netbanking,success,,no_action,False,0.0
PAY003749,CUST00277,2026-08-15,18988.54,card,success,,no_action,False,0.0
PAY003750,CUST00748,2026-06-27,39281.55,wallet,success,,no_action,False,0.0
PAY003751,CUST00905,2026-03-03,5173.46,upi,success,,no_action,False,0.0
PAY003752,CUST00214,2026-04-24,18447.36,netbanking,success,,no_action,False,0.0
PAY003753,CUST00946,2026-03-18,11872.84,upi,success,,no_action,False,0.0
PAY003754,CUST00668,2026-05-25,9464.28,card,failed,timeout,retry,True,9464.28
PAY003755,CUST00848,2026-05-26,6855.19,netbanking,success,,no_action,False,0.0
PAY003756,CUST00115,2026-03-26,20483.87,card,success,,no_action,False,0.0
PAY003757,CUST00328,2026-06-16,13821.14,card,success,,no_action,False,0.0
PAY003758,CUST00554,2026-07-13,19699.8,netbanking,success,,no_action,False,0.0
PAY003759,CUST00907,2026-07-18,2085.86,wallet,success,,no_action,False,0.0
PAY003760,CUST00439,2026-06-24,19820.86,wallet,success,,no_action,False,0.0
PAY003761,CUST00389,2026-05-03,7901.16,netbanking,success,,no_action,False,0.0
PAY003762,CUST00025,2026-08-13,5941.96,upi,success,,no_action,False,0.0
PAY003763,CUST00571,2026-07-01,27043.57,card,success,,no_action,False,0.0
PAY003764,CUST00299,2026-05-13,8897.3,upi,success,,no_action,False,0.0
PAY003765,CUST00045,2026-08-05,32416.51,upi,success,,no_action,False,0.0
PAY003766,CUST00131,2026-04-25,11676.95,upi,success,,no_action,False,0.0
PAY003767,CUST00286,2026-03-08,10379.65,netbanking,success,,no_action,False,0.0
PAY003768,CUST00517,2026-07-22,16088.47,upi,success,,no_action,False,0.0
PAY003769,CUST00989,2026-02-28,13101.39,wallet,success,,no_action,False,0.0
PAY003770,CUST00173,2026-07-01,2518.77,card,failed,card_declined,reminder,False,0.0
PAY003771,CUST00703,2026-05-21,16220.62,card,success,,no_action,False,0.0
PAY003772,CUST00002,2026-03-02,18730.28,upi,failed,insufficient_funds,payment_link,True,18730.28
PAY003773,CUST00562,2026-06-09,13752.78,netbanking,success,,no_action,False,0.0
PAY003774,CUST00465,2026-08-01,11736.52,upi,success,,no_action,False,0.0
PAY003775,CUST00005,2026-03-28,28438.11,card,success,,no_action,False,0.0
PAY003776,CUST00416,2026-03-21,8740.1,card,success,,no_action,False,0.0
PAY003777,CUST00394,2026-04-02,7241.62,upi,success,,no_action,False,0.0
PAY003778,CUST00702,2026-06-22,10805.23,wallet,success,,no_action,False,0.0
PAY003779,CUST00760,2026-02-28,29465.97,wallet,failed,authentication_failed,reminder,True,29465.97
PAY003780,CUST00555,2026-03-19,12214.17,netbanking,success,,no_action,False,0.0
PAY003781,CUST00966,2026-05-03,5777.68,wallet,success,,no_action,False,0.0
PAY003782,CUST00398,2026-03-03,9799.18,upi,success,,no_action,False,0.0
PAY003783,CUST00944,2026-04-30,12417.15,netbanking,success,,no_action,False,0.0
PAY003784,CUST00445,2026-06-20,1322.31,card,failed,timeout,reminder,False,0.0
PAY003785,CUST00085,2026-08-14,13323.93,card,success,,no_action,False,0.0
PAY003786,CUST00619,2026-07-22,14637.05,netbanking,failed,expired_card,payment_link,True,14637.05
PAY003787,CUST00986,2026-05-03,24530.04,card,success,,no_action,False,0.0
PAY003788,CUST00825,2026-04-19,20998.49,card,success,,no_action,False,0.0
PAY003789,CUST00332,2026-05-19,2719.26,wallet,success,,no_action,False,0.0
PAY003790,CUST00385,2026-08-25,2652.98,netbanking,success,,no_action,False,0.0
PAY003791,CUST00280,2026-03-22,7703.1,upi,success,,no_action,False,0.0
PAY003792,CUST00060,2026-08-09,10446.25,upi,success,,no_action,False,0.0
PAY003793,CUST00739,2026-04-05,16002.09,card,success,,no_action,False,0.0
PAY003794,CUST00943,2026-07-07,942.45,upi,success,,no_action,False,0.0
PAY003795,CUST00458,2026-06-06,200.0,card,success,,no_action,False,0.0
PAY003796,CUST00145,2026-07-04,2546.69,card,success,,no_action,False,0.0
PAY003797,CUST00909,2026-05-28,13144.47,netbanking,failed,network_error,reminder,True,13144.47
PAY003798,CUST00653,2026-04-07,7695.55,upi,success,,no_action,False,0.0
PAY003799,CUST00974,2026-05-12,18744.0,wallet,success,,no_action,False,0.0
PAY003800,CUST00090,2026-07-19,11116.27,upi,success,,no_action,False,0.0
PAY003801,CUST00974,2026-08-20,20282.65,card,success,,no_action,False,0.0
PAY003802,CUST00429,2026-08-06,5833.18,card,success,,no_action,False,0.0
PAY003803,CUST00998,2026-06-07,11843.29,netbanking,success,,no_action,False,0.0
PAY003804,CUST00118,2026-07-30,9232.73,card,success,,no_action,False,0.0
PAY003805,CUST00178,2026-03-19,15154.84,wallet,success,,no_action,False,0.0
PAY003806,CUST00131,2026-06-23,13333.35,upi,success,,no_action,False,0.0
PAY003807,CUST00089,2026-03-30,24608.24,upi,success,,no_action,False,0.0
PAY003808,CUST00582,2026-03-20,18395.08,wallet,success,,no_action,False,0.0
PAY003809,CUST00129,2026-06-15,22102.44,netbanking,success,,no_action,False,0.0
PAY003810,CUST00446,2026-05-03,6677.8,netbanking,success,,no_action,False,0.0
PAY003811,CUST00320,2026-04-03,3082.69,netbanking,success,,no_action,False,0.0
PAY003812,CUST00451,2026-03-04,4865.62,wallet,failed,timeout,retry,True,4865.62
PAY003813,CUST00110,2026-08-05,5480.06,card,success,,no_action,False,0.0
PAY003814,CUST00210,2026-04-05,2220.38,netbanking,success,,no_action,False,0.0
PAY003815,CUST00266,2026-06-10,15422.45,wallet,success,,no_action,False,0.0
PAY003816,CUST00548,2026-05-18,578.09,upi,success,,no_action,False,0.0
PAY003817,CUST00776,2026-04-13,13060.52,wallet,success,,no_action,False,0.0
PAY003818,CUST00404,2026-06-13,3915.32,wallet,failed,authentication_failed,reminder,True,3915.32
PAY003819,CUST00721,2026-03-17,3588.73,wallet,failed,card_declined,payment_link,True,3588.73
PAY003820,CUST00980,2026-06-19,2485.63,wallet,failed,network_error,retry,True,2485.63
PAY003821,CUST00523,2026-03-18,2378.43,netbanking,success,,no_action,False,0.0
PAY003822,CUST00679,2026-08-08,13740.03,upi,success,,no_action,False,0.0
PAY003823,CUST00213,2026-06-29,632.33,card,failed,expired_card,reminder,True,632.33
PAY003824,CUST00309,2026-05-17,12423.16,upi,success,,no_action,False,0.0
PAY003825,CUST00885,2026-06-13,11832.78,card,success,,no_action,False,0.0
PAY003826,CUST00900,2026-03-26,30368.89,wallet,success,,no_action,False,0.0
PAY003827,CUST00155,2026-07-30,25638.31,wallet,success,,no_action,False,0.0
PAY003828,CUST00756,2026-05-02,8322.14,netbanking,success,,no_action,False,0.0
PAY003829,CUST00589,2026-08-09,3431.43,wallet,failed,expired_card,payment_link,False,0.0
PAY003830,CUST00839,2026-03-23,12945.5,card,success,,no_action,False,0.0
PAY003831,CUST00687,2026-03-18,12928.23,upi,success,,no_action,False,0.0
PAY003832,CUST00544,2026-02-26,4352.77,upi,success,,no_action,False,0.0
PAY003833,CUST00878,2026-07-26,5151.02,upi,success,,no_action,False,0.0
PAY003834,CUST00808,2026-07-04,6696.49,netbanking,success,,no_action,False,0.0
PAY003835,CUST00826,2026-06-13,14407.35,netbanking,success,,no_action,False,0.0
PAY003836,CUST00550,2026-03-02,22627.58,card,failed,network_error,retry,True,22627.58
PAY003837,CUST00356,2026-04-08,17990.66,card,success,,no_action,False,0.0
PAY003838,CUST00835,2026-08-13,6725.47,netbanking,success,,no_action,False,0.0
PAY003839,CUST00768,2026-03-05,6341.95,upi,success,,no_action,False,0.0
PAY003840,CUST00122,2026-08-01,28371.01,wallet,success,,no_action,False,0.0
PAY003841,CUST00762,2026-03-23,13401.08,upi,success,,no_action,False,0.0
PAY003842,CUST00731,2026-03-12,12632.38,wallet,success,,no_action,False,0.0
PAY003843,CUST00208,2026-06-20,29243.32,upi,success,,no_action,False,0.0
PAY003844,CUST00564,2026-05-07,21850.35,card,success,,no_action,False,0.0
PAY003845,CUST00034,2026-08-21,6235.87,wallet,failed,card_declined,payment_link,True,6235.87
PAY003846,CUST00509,2026-06-25,903.21,card,success,,no_action,False,0.0
PAY003847,CUST00781,2026-04-06,3339.19,card,failed,network_error,retry,False,0.0
PAY003848,CUST00779,2026-03-11,14032.62,netbanking,failed,authentication_failed,payment_link,False,0.0
PAY003849,CUST00740,2026-07-10,10989.55,netbanking,failed,timeout,retry,True,10989.55
PAY003850,CUST00337,2026-08-05,7808.0,netbanking,success,,no_action,False,0.0
PAY003851,CUST00124,2026-05-23,2110.62,wallet,success,,no_action,False,0.0
PAY003852,CUST00543,2026-06-19,9098.53,wallet,failed,authentication_failed,reminder,True,9098.53
PAY003853,CUST00536,2026-06-25,16631.9,card,success,,no_action,False,0.0
PAY003854,CUST00614,2026-06-12,26676.19,wallet,success,,no_action,False,0.0
PAY003855,CUST00109,2026-08-21,200.0,wallet,success,,no_action,False,0.0
PAY003856,CUST00525,2026-04-18,27589.48,upi,success,,no_action,False,0.0
PAY003857,CUST00694,2026-07-01,23522.46,wallet,success,,no_action,False,0.0
PAY003858,CUST00794,2026-06-13,9093.12,netbanking,failed,insufficient_funds,reminder,True,9093.12
PAY003859,CUST00574,2026-05-10,9915.36,card,failed,insufficient_funds,payment_link,True,9915.36
PAY003860,CUST00561,2026-06-25,9562.48,netbanking,success,,no_action,False,0.0
PAY003861,CUST00888,2026-08-11,22820.05,card,success,,no_action,False,0.0
PAY003862,CUST00264,2026-06-07,18611.86,upi,success,,no_action,False,0.0
PAY003863,CUST00988,2026-03-29,14120.37,upi,success,,no_action,False,0.0
PAY003864,CUST00401,2026-06-03,2705.17,wallet,success,,no_action,False,0.0
PAY003865,CUST00565,2026-06-26,1719.17,netbanking,failed,expired_card,reminder,True,1719.17
PAY003866,CUST00021,2026-08-03,11529.31,netbanking,success,,no_action,False,0.0
PAY003867,CUST00707,2026-05-30,39735.82,card,success,,no_action,False,0.0
PAY003868,CUST00714,2026-03-12,14997.76,upi,success,,no_action,False,0.0
PAY003869,CUST00754,2026-06-05,2853.56,card,failed,expired_card,payment_link,False,0.0
PAY003870,CUST00075,2026-03-09,17784.98,upi,success,,no_action,False,0.0
PAY003871,CUST00964,2026-04-07,11141.8,netbanking,success,,no_action,False,0.0
PAY003872,CUST00289,2026-04-23,10927.75,card,success,,no_action,False,0.0
PAY003873,CUST00592,2026-05-11,22120.44,upi,success,,no_action,False,0.0
PAY003874,CUST00516,2026-03-17,19669.53,netbanking,failed,timeout,reminder,True,19669.53
PAY003875,CUST00834,2026-04-25,16958.4,card,success,,no_action,False,0.0
PAY003876,CUST00048,2026-05-30,18628.74,card,success,,no_action,False,0.0
PAY003877,CUST00782,2026-04-29,30987.58,wallet,failed,network_error,reminder,False,0.0
PAY003878,CUST00237,2026-07-16,1188.96,netbanking,success,,no_action,False,0.0
PAY003879,CUST00093,2026-03-02,1105.68,card,success,,no_action,False,0.0
PAY003880,CUST00840,2026-04-06,33071.9,wallet,success,,no_action,False,0.0
PAY003881,CUST00503,2026-04-30,1791.2,wallet,failed,insufficient_funds,reminder,True,1791.2
PAY003882,CUST00566,2026-03-17,2956.77,card,success,,no_action,False,0.0
PAY003883,CUST00928,2026-04-01,24178.01,wallet,failed,expired_card,payment_link,True,24178.01
PAY003884,CUST00240,2026-05-24,9279.44,wallet,success,,no_action,False,0.0
PAY003885,CUST00371,2026-08-08,6971.95,netbanking,success,,no_action,False,0.0
PAY003886,CUST00047,2026-06-04,1914.5,wallet,success,,no_action,False,0.0
PAY003887,CUST00020,2026-05-11,2357.94,upi,success,,no_action,False,0.0
PAY003888,CUST00446,2026-06-14,6269.5,netbanking,success,,no_action,False,0.0
PAY003889,CUST00792,2026-03-07,1085.02,wallet,success,,no_action,False,0.0
PAY003890,CUST00367,2026-07-04,26421.46,wallet,success,,no_action,False,0.0
PAY003891,CUST00475,2026-05-04,19578.26,card,success,,no_action,False,0.0
PAY003892,CUST00773,2026-03-13,1826.02,upi,success,,no_action,False,0.0
PAY003893,CUST00222,2026-05-15,10491.08,card,success,,no_action,False,0.0
PAY003894,CUST00234,2026-03-16,4473.09,wallet,success,,no_action,False,0.0
PAY003895,CUST00861,2026-05-20,5669.59,netbanking,success,,no_action,False,0.0
PAY003896,CUST00723,2026-04-11,19414.57,card,success,,no_action,False,0.0
PAY003897,CUST00341,2026-06-06,18691.83,netbanking,success,,no_action,False,0.0
PAY003898,CUST00702,2026-07-08,2189.13,wallet,success,,no_action,False,0.0
PAY003899,CUST00854,2026-05-01,8911.4,netbanking,failed,network_error,retry,True,8911.4
PAY003900,CUST00140,2026-03-15,28262.03,wallet,failed,card_declined,payment_link,True,28262.03
PAY003901,CUST00881,2026-06-08,7660.34,upi,failed,card_declined,reminder,True,7660.34
PAY003902,CUST00488,2026-07-11,5041.52,upi,success,,no_action,False,0.0
PAY003903,CUST00442,2026-08-22,9231.29,wallet,failed,network_error,reminder,False,0.0
PAY003904,CUST00031,2026-04-26,15436.51,wallet,success,,no_action,False,0.0
PAY003905,CUST00181,2026-05-31,4725.22,card,success,,no_action,False,0.0
PAY003906,CUST00797,2026-06-27,17678.02,card,failed,authentication_failed,reminder,False,0.0
PAY003907,CUST00205,2026-05-20,12700.83,wallet,success,,no_action,False,0.0
PAY003908,CUST00611,2026-05-17,860.56,netbanking,success,,no_action,False,0.0
PAY003909,CUST00197,2026-03-12,2251.77,netbanking,success,,no_action,False,0.0
PAY003910,CUST00755,2026-05-23,5103.63,wallet,success,,no_action,False,0.0
PAY003911,CUST00353,2026-03-17,3853.83,netbanking,success,,no_action,False,0.0
PAY003912,CUST00601,2026-04-13,14976.67,netbanking,success,,no_action,False,0.0
PAY003913,CUST00489,2026-06-22,9262.33,upi,failed,timeout,reminder,False,0.0
PAY003914,CUST00747,2026-08-09,16282.41,upi,success,,no_action,False,0.0
PAY003915,CUST00151,2026-03-17,13777.99,wallet,success,,no_action,False,0.0
PAY003916,CUST00856,2026-03-28,9946.73,wallet,success,,no_action,False,0.0
PAY003917,CUST00992,2026-04-09,1536.39,wallet,success,,no_action,False,0.0
PAY003918,CUST00059,2026-05-05,17786.1,netbanking,success,,no_action,False,0.0
PAY003919,CUST00858,2026-04-26,1145.12,wallet,success,,no_action,False,0.0
PAY003920,CUST00034,2026-04-12,2676.28,wallet,failed,insufficient_funds,payment_link,True,2676.28
PAY003921,CUST00192,2026-07-21,13825.31,card,failed,timeout,reminder,True,13825.31
PAY003922,CUST00814,2026-06-07,4287.17,netbanking,success,,no_action,False,0.0
PAY003923,CUST00276,2026-03-13,9038.58,wallet,success,,no_action,False,0.0
PAY003924,CUST00433,2026-03-02,4744.44,wallet,success,,no_action,False,0.0
PAY003925,CUST00944,2026-03-18,17920.7,upi,success,,no_action,False,0.0
PAY003926,CUST00410,2026-08-20,23111.5,wallet,failed,insufficient_funds,payment_link,False,0.0
PAY003927,CUST00012,2026-06-11,16984.66,upi,success,,no_action,False,0.0
PAY003928,CUST00856,2026-05-08,11720.24,wallet,success,,no_action,False,0.0
PAY003929,CUST00386,2026-05-08,9139.48,wallet,success,,no_action,False,0.0
PAY003930,CUST00802,2026-04-28,561.14,wallet,success,,no_action,False,0.0
PAY003931,CUST00938,2026-04-07,12901.62,card,failed,expired_card,payment_link,True,12901.62
PAY003932,CUST00903,2026-08-01,5668.99,netbanking,success,,no_action,False,0.0
PAY003933,CUST00838,2026-08-24,2940.75,upi,failed,card_declined,payment_link,True,2940.75
PAY003934,CUST00162,2026-03-20,6047.3,wallet,success,,no_action,False,0.0
PAY003935,CUST00164,2026-08-11,933.46,wallet,success,,no_action,False,0.0
PAY003936,CUST00049,2026-07-20,5964.1,netbanking,success,,no_action,False,0.0
PAY003937,CUST00837,2026-06-21,22354.42,wallet,success,,no_action,False,0.0
PAY003938,CUST00405,2026-07-17,1234.75,netbanking,failed,network_error,retry,True,1234.75
PAY003939,CUST00660,2026-08-05,10430.26,wallet,success,,no_action,False,0.0
PAY003940,CUST00601,2026-02-26,27090.78,netbanking,success,,no_action,False,0.0
PAY003941,CUST00518,2026-07-02,20958.45,card,success,,no_action,False,0.0
PAY003942,CUST00373,2026-07-15,9010.42,wallet,failed,insufficient_funds,reminder,True,9010.42
PAY003943,CUST00011,2026-04-09,2464.64,upi,success,,no_action,False,0.0
PAY003944,CUST00191,2026-04-27,6076.16,card,failed,expired_card,payment_link,False,0.0
PAY003945,CUST00635,2026-04-11,11470.02,card,success,,no_action,False,0.0
PAY003946,CUST00921,2026-04-16,15000.27,upi,success,,no_action,False,0.0
PAY003947,CUST00254,2026-03-15,1578.81,upi,success,,no_action,False,0.0
PAY003948,CUST00042,2026-08-11,12057.3,upi,success,,no_action,False,0.0
PAY003949,CUST00825,2026-04-24,17348.49,card,success,,no_action,False,0.0
PAY003950,CUST00346,2026-08-19,24059.96,netbanking,success,,no_action,False,0.0
PAY003951,CUST00920,2026-04-29,29092.19,netbanking,failed,card_declined,payment_link,False,0.0
PAY003952,CUST00198,2026-04-30,863.49,upi,success,,no_action,False,0.0
PAY003953,CUST00404,2026-07-13,4391.18,upi,success,,no_action,False,0.0
PAY003954,CUST00028,2026-07-13,17126.46,netbanking,success,,no_action,False,0.0
PAY003955,CUST00661,2026-03-21,11162.54,netbanking,success,,no_action,False,0.0
PAY003956,CUST00166,2026-05-22,659.17,card,success,,no_action,False,0.0
PAY003957,CUST00770,2026-07-03,7383.08,upi,failed,insufficient_funds,payment_link,True,7383.08
PAY003958,CUST00412,2026-06-23,18593.28,upi,success,,no_action,False,0.0
PAY003959,CUST00317,2026-05-05,10609.26,card,failed,network_error,reminder,True,10609.26
PAY003960,CUST00657,2026-06-20,20935.84,card,success,,no_action,False,0.0
PAY003961,CUST00351,2026-06-20,15893.69,upi,success,,no_action,False,0.0
PAY003962,CUST00078,2026-06-01,2563.6,upi,success,,no_action,False,0.0
PAY003963,CUST00238,2026-04-05,1399.23,wallet,failed,expired_card,reminder,True,1399.23
PAY003964,CUST00684,2026-03-24,10930.77,wallet,success,,no_action,False,0.0
PAY003965,CUST00919,2026-04-25,14679.38,wallet,success,,no_action,False,0.0
PAY003966,CUST00028,2026-04-07,15231.26,card,success,,no_action,False,0.0
PAY003967,CUST00676,2026-04-02,6418.1,netbanking,success,,no_action,False,0.0
PAY003968,CUST00277,2026-08-25,12232.2,card,success,,no_action,False,0.0
PAY003969,CUST00109,2026-05-18,548.4,netbanking,success,,no_action,False,0.0
PAY003970,CUST00097,2026-04-02,1553.97,netbanking,success,,no_action,False,0.0
PAY003971,CUST00103,2026-03-10,24495.69,upi,success,,no_action,False,0.0
PAY003972,CUST00530,2026-07-27,6573.27,wallet,success,,no_action,False,0.0
PAY003973,CUST00473,2026-05-01,14349.81,upi,success,,no_action,False,0.0
PAY003974,CUST00881,2026-03-21,6156.01,upi,success,,no_action,False,0.0
PAY003975,CUST00514,2026-07-14,3226.79,netbanking,failed,timeout,reminder,True,3226.79
PAY003976,CUST00811,2026-02-27,291.5,card,success,,no_action,False,0.0
PAY003977,CUST00310,2026-08-07,11030.04,card,success,,no_action,False,0.0
PAY003978,CUST00392,2026-07-26,14845.68,upi,failed,card_declined,reminder,True,14845.68
PAY003979,CUST00604,2026-08-03,27839.27,card,success,,no_action,False,0.0
PAY003980,CUST00966,2026-06-25,4410.35,card,success,,no_action,False,0.0
PAY003981,CUST00734,2026-07-09,9520.0,wallet,success,,no_action,False,0.0
PAY003982,CUST00342,2026-07-14,2740.79,netbanking,failed,authentication_failed,reminder,True,2740.79
PAY003983,CUST00176,2026-06-28,2980.25,wallet,success,,no_action,False,0.0
PAY003984,CUST00139,2026-05-05,10798.13,wallet,failed,insufficient_funds,payment_link,False,0.0
PAY003985,CUST00408,2026-04-22,13149.3,upi,success,,no_action,False,0.0
PAY003986,CUST00883,2026-06-06,22049.02,netbanking,failed,insufficient_funds,payment_link,False,0.0
PAY003987,CUST00173,2026-03-25,2161.18,netbanking,success,,no_action,False,0.0
PAY003988,CUST00547,2026-08-14,410.77,upi,success,,no_action,False,0.0
PAY003989,CUST00957,2026-07-17,5080.12,netbanking,success,,no_action,False,0.0
PAY003990,CUST00422,2026-05-01,689.62,upi,success,,no_action,False,0.0
PAY003991,CUST00902,2026-03-20,3010.68,upi,failed,card_declined,payment_link,False,0.0
PAY003992,CUST00295,2026-03-01,19051.93,upi,success,,no_action,False,0.0
PAY003993,CUST00621,2026-06-10,11180.86,upi,failed,network_error,reminder,True,11180.86
PAY003994,CUST00409,2026-05-24,6729.65,card,success,,no_action,False,0.0
PAY003995,CUST00848,2026-04-14,8975.7,netbanking,success,,no_action,False,0.0
PAY003996,CUST00069,2026-04-26,2935.48,wallet,failed,timeout,reminder,True,2935.48
PAY003997,CUST00630,2026-04-29,2156.2,card,success,,no_action,False,0.0
PAY003998,CUST00380,2026-04-12,4524.63,upi,success,,no_action,False,0.0
PAY003999,CUST00138,2026-07-27,7657.84,card,success,,no_action,False,0.0
PAY004000,CUST00228,2026-03-03,14043.53,wallet,failed,timeout,reminder,True,14043.53
PAY004001,CUST00955,2026-05-08,11987.05,card,success,,no_action,False,0.0
PAY004002,CUST00410,2026-03-12,21719.7,card,failed,timeout,retry,True,21719.7
PAY004003,CUST00486,2026-07-10,50000.0,wallet,success,,no_action,False,0.0
PAY004004,CUST00731,2026-07-22,12067.62,netbanking,success,,no_action,False,0.0
PAY004005,CUST00334,2026-06-19,10697.79,netbanking,success,,no_action,False,0.0
PAY004006,CUST00846,2026-04-24,23226.77,wallet,success,,no_action,False,0.0
PAY004007,CUST00690,2026-08-03,30097.51,upi,failed,insufficient_funds,payment_link,True,30097.51
PAY004008,CUST00266,2026-04-18,23181.43,netbanking,failed,network_error,payment_link,True,23181.43
PAY004009,CUST00733,2026-04-17,19805.42,netbanking,success,,no_action,False,0.0
PAY004010,CUST00471,2026-08-13,16167.06,upi,success,,no_action,False,0.0
PAY004011,CUST00917,2026-03-06,11308.03,wallet,success,,no_action,False,0.0
PAY004012,CUST00433,2026-08-04,11785.09,upi,failed,authentication_failed,payment_link,True,11785.09
PAY004013,CUST00999,2026-05-24,31366.44,wallet,failed,network_error,reminder,True,31366.44
PAY004014,CUST00103,2026-03-20,28900.55,wallet,success,,no_action,False,0.0
PAY004015,CUST00856,2026-08-23,15641.91,upi,success,,no_action,False,0.0
PAY004016,CUST00188,2026-06-19,2554.88,card,failed,expired_card,reminder,True,2554.88
PAY004017,CUST00316,2026-05-05,20137.23,wallet,success,,no_action,False,0.0
PAY004018,CUST00354,2026-04-17,16284.92,wallet,success,,no_action,False,0.0
PAY004019,CUST00514,2026-05-12,6137.46,wallet,failed,insufficient_funds,escalate,True,6137.46
PAY004020,CUST00792,2026-04-02,1344.75,netbanking,failed,network_error,reminder,False,0.0
PAY004021,CUST00429,2026-07-08,4227.98,wallet,success,,no_action,False,0.0
PAY004022,CUST00445,2026-03-01,1802.36,netbanking,success,,no_action,False,0.0
PAY004023,CUST00981,2026-05-17,1449.36,netbanking,success,,no_action,False,0.0
PAY004024,CUST00494,2026-06-06,2007.85,netbanking,success,,no_action,False,0.0
PAY004025,CUST00744,2026-04-23,13009.01,card,failed,insufficient_funds,payment_link,False,0.0
PAY004026,CUST00489,2026-06-15,12309.29,card,success,,no_action,False,0.0
PAY004027,CUST00052,2026-05-12,3649.15,wallet,success,,no_action,False,0.0
PAY004028,CUST00228,2026-07-09,17008.2,wallet,success,,no_action,False,0.0
PAY004029,CUST00269,2026-06-21,22996.82,wallet,failed,insufficient_funds,payment_link,True,22996.82
PAY004030,CUST00864,2026-06-25,16365.26,netbanking,failed,expired_card,reminder,False,0.0
PAY004031,CUST00135,2026-06-09,3845.7,wallet,success,,no_action,False,0.0
PAY004032,CUST00567,2026-05-13,34075.58,card,success,,no_action,False,0.0
PAY004033,CUST00904,2026-07-08,8763.09,card,success,,no_action,False,0.0
PAY004034,CUST00765,2026-06-27,28405.14,card,success,,no_action,False,0.0
PAY004035,CUST00947,2026-03-26,10688.02,upi,success,,no_action,False,0.0
PAY004036,CUST00012,2026-07-19,16054.79,card,failed,timeout,retry,False,0.0
PAY004037,CUST00395,2026-04-27,3841.47,card,success,,no_action,False,0.0
PAY004038,CUST00373,2026-03-07,5422.87,card,success,,no_action,False,0.0
PAY004039,CUST00234,2026-06-14,10562.39,upi,success,,no_action,False,0.0
PAY004040,CUST00607,2026-06-18,3349.84,wallet,success,,no_action,False,0.0
PAY004041,CUST00682,2026-06-09,3438.87,upi,success,,no_action,False,0.0
PAY004042,CUST00483,2026-04-01,22972.33,card,success,,no_action,False,0.0
PAY004043,CUST00188,2026-06-27,1457.75,upi,success,,no_action,False,0.0
PAY004044,CUST00934,2026-07-07,2743.71,card,success,,no_action,False,0.0
PAY004045,CUST00463,2026-07-04,10482.67,wallet,success,,no_action,False,0.0
PAY004046,CUST00779,2026-04-19,14389.74,card,success,,no_action,False,0.0
PAY004047,CUST00587,2026-08-19,14278.01,wallet,success,,no_action,False,0.0
PAY004048,CUST00833,2026-05-17,20842.35,wallet,failed,insufficient_funds,reminder,False,0.0
PAY004049,CUST00818,2026-08-16,6931.44,netbanking,success,,no_action,False,0.0
PAY004050,CUST00653,2026-03-13,6758.44,card,success,,no_action,False,0.0
PAY004051,CUST00269,2026-06-08,27304.08,wallet,failed,insufficient_funds,payment_link,False,0.0
PAY004052,CUST00700,2026-03-13,1356.12,wallet,success,,no_action,False,0.0
PAY004053,CUST00781,2026-04-08,3675.32,card,success,,no_action,False,0.0
PAY004054,CUST00592,2026-07-24,43927.67,card,success,,no_action,False,0.0
PAY004055,CUST00596,2026-07-06,11274.08,upi,success,,no_action,False,0.0
PAY004056,CUST00860,2026-07-19,10350.4,upi,success,,no_action,False,0.0
PAY004057,CUST00158,2026-04-19,7748.1,wallet,success,,no_action,False,0.0
PAY004058,CUST00792,2026-05-15,2098.56,wallet,failed,insufficient_funds,payment_link,False,0.0
PAY004059,CUST00626,2026-07-26,13025.94,netbanking,success,,no_action,False,0.0
PAY004060,CUST00299,2026-04-27,11030.39,upi,failed,insufficient_funds,payment_link,True,11030.39
PAY004061,CUST00981,2026-08-08,1369.26,netbanking,success,,no_action,False,0.0
PAY004062,CUST00616,2026-08-01,12229.9,netbanking,success,,no_action,False,0.0
PAY004063,CUST00429,2026-06-03,3916.23,wallet,success,,no_action,False,0.0
PAY004064,CUST00614,2026-05-31,30706.77,wallet,success,,no_action,False,0.0
PAY004065,CUST00265,2026-07-07,12956.42,upi,failed,expired_card,payment_link,True,12956.42
PAY004066,CUST00761,2026-08-22,24561.81,upi,failed,timeout,reminder,True,24561.81
PAY004067,CUST00695,2026-07-13,15586.66,card,success,,no_action,False,0.0
PAY004068,CUST00115,2026-06-02,15883.56,card,success,,no_action,False,0.0
PAY004069,CUST00977,2026-08-18,4667.34,netbanking,success,,no_action,False,0.0
PAY004070,CUST00117,2026-08-11,16575.25,card,success,,no_action,False,0.0
PAY004071,CUST00872,2026-08-13,5882.23,netbanking,failed,authentication_failed,reminder,False,0.0
PAY004072,CUST00146,2026-04-18,26040.81,card,success,,no_action,False,0.0
PAY004073,CUST00963,2026-07-29,7834.15,wallet,failed,insufficient_funds,payment_link,True,7834.15
PAY004074,CUST00160,2026-08-06,1537.34,wallet,failed,card_declined,payment_link,True,1537.34
PAY004075,CUST00553,2026-03-14,1897.16,card,success,,no_action,False,0.0
PAY004076,CUST00466,2026-06-12,31342.43,upi,success,,no_action,False,0.0
PAY004077,CUST00564,2026-05-12,15624.18,upi,success,,no_action,False,0.0
PAY004078,CUST00853,2026-07-08,8274.54,card,failed,insufficient_funds,payment_link,True,8274.54
PAY004079,CUST00520,2026-06-25,8521.29,netbanking,failed,card_declined,payment_link,False,0.0
PAY004080,CUST00647,2026-07-27,22649.8,card,success,,no_action,False,0.0
PAY004081,CUST00702,2026-06-04,12900.88,card,success,,no_action,False,0.0
PAY004082,CUST00880,2026-03-01,13758.6,wallet,success,,no_action,False,0.0
PAY004083,CUST00571,2026-03-02,22069.38,card,success,,no_action,False,0.0
PAY004084,CUST00246,2026-05-04,19609.91,upi,failed,network_error,reminder,True,19609.91
PAY004085,CUST00288,2026-07-28,17944.6,netbanking,success,,no_action,False,0.0
PAY004086,CUST00391,2026-07-09,11163.57,netbanking,success,,no_action,False,0.0
PAY004087,CUST00697,2026-05-12,2237.5,wallet,failed,insufficient_funds,payment_link,True,2237.5
PAY004088,CUST00830,2026-06-01,14300.21,netbanking,success,,no_action,False,0.0
PAY004089,CUST00221,2026-07-25,4684.28,wallet,success,,no_action,False,0.0
PAY004090,CUST00093,2026-04-30,2798.89,upi,success,,no_action,False,0.0
PAY004091,CUST00010,2026-05-05,11173.15,upi,success,,no_action,False,0.0
PAY004092,CUST00584,2026-06-02,11393.46,card,success,,no_action,False,0.0
PAY004093,CUST00665,2026-05-18,9174.68,netbanking,success,,no_action,False,0.0
PAY004094,CUST00137,2026-05-27,15289.91,netbanking,success,,no_action,False,0.0
PAY004095,CUST00228,2026-05-08,11242.7,card,failed,network_error,reminder,False,0.0
PAY004096,CUST00696,2026-05-06,18513.1,card,failed,network_error,retry,True,18513.1
PAY004097,CUST00861,2026-07-21,7510.79,upi,success,,no_action,False,0.0
PAY004098,CUST00463,2026-05-31,8674.51,wallet,success,,no_action,False,0.0
PAY004099,CUST00284,2026-03-07,16156.04,upi,failed,card_declined,payment_link,True,16156.04
PAY004100,CUST00391,2026-07-30,11139.49,wallet,success,,no_action,False,0.0
PAY004101,CUST00795,2026-03-31,13909.54,netbanking,success,,no_action,False,0.0
PAY004102,CUST00382,2026-06-30,11111.06,netbanking,success,,no_action,False,0.0
PAY004103,CUST00992,2026-03-10,2248.99,upi,success,,no_action,False,0.0
PAY004104,CUST00975,2026-07-10,1894.25,netbanking,success,,no_action,False,0.0
PAY004105,CUST00397,2026-06-12,20611.8,upi,success,,no_action,False,0.0
PAY004106,CUST00408,2026-04-12,33943.31,card,failed,authentication_failed,payment_link,True,33943.31
PAY004107,CUST00194,2026-07-30,23782.71,upi,success,,no_action,False,0.0
PAY004108,CUST00811,2026-07-17,235.94,upi,success,,no_action,False,0.0
PAY004109,CUST00753,2026-06-21,220.78,wallet,success,,no_action,False,0.0
PAY004110,CUST00626,2026-06-17,19521.0,upi,success,,no_action,False,0.0
PAY004111,CUST00013,2026-05-01,9770.95,upi,success,,no_action,False,0.0
PAY004112,CUST00917,2026-04-18,16592.18,upi,success,,no_action,False,0.0
PAY004113,CUST00618,2026-03-30,11605.62,card,success,,no_action,False,0.0
PAY004114,CUST00413,2026-03-15,13517.78,card,success,,no_action,False,0.0
PAY004115,CUST00297,2026-03-15,4065.0,wallet,failed,card_declined,payment_link,False,0.0
PAY004116,CUST00980,2026-08-14,7945.91,netbanking,success,,no_action,False,0.0
PAY004117,CUST00233,2026-03-28,16672.78,card,success,,no_action,False,0.0
PAY004118,CUST00018,2026-07-23,7240.23,upi,success,,no_action,False,0.0
PAY004119,CUST00508,2026-07-27,5473.23,wallet,success,,no_action,False,0.0
PAY004120,CUST00628,2026-08-16,15081.13,wallet,success,,no_action,False,0.0
PAY004121,CUST00393,2026-02-28,2115.84,upi,success,,no_action,False,0.0
PAY004122,CUST00338,2026-04-13,8694.49,upi,success,,no_action,False,0.0
PAY004123,CUST00240,2026-03-24,11297.95,wallet,failed,network_error,retry,True,11297.95
PAY004124,CUST00638,2026-08-03,2146.27,netbanking,success,,no_action,False,0.0
PAY004125,CUST00411,2026-05-31,22087.69,card,success,,no_action,False,0.0
PAY004126,CUST00412,2026-05-30,32018.36,upi,failed,insufficient_funds,reminder,True,32018.36
PAY004127,CUST00252,2026-07-10,18723.24,wallet,success,,no_action,False,0.0
PAY004128,CUST00441,2026-08-11,2549.4,netbanking,failed,card_declined,reminder,False,0.0
PAY004129,CUST00938,2026-05-15,16933.66,netbanking,failed,insufficient_funds,escalate,True,16933.66
PAY004130,CUST00503,2026-04-08,336.43,netbanking,success,,no_action,False,0.0
PAY004131,CUST00326,2026-08-03,9374.09,upi,success,,no_action,False,0.0
PAY004132,CUST00324,2026-03-11,18761.16,wallet,success,,no_action,False,0.0
PAY004133,CUST00509,2026-05-26,765.06,upi,success,,no_action,False,0.0
PAY004134,CUST00064,2026-07-23,14067.59,upi,success,,no_action,False,0.0
PAY004135,CUST00781,2026-08-04,2338.64,upi,success,,no_action,False,0.0
PAY004136,CUST00763,2026-07-08,2912.65,card,success,,no_action,False,0.0
PAY004137,CUST00496,2026-04-14,2483.02,upi,success,,no_action,False,0.0
PAY004138,CUST00830,2026-05-16,23589.87,netbanking,success,,no_action,False,0.0
PAY004139,CUST00282,2026-06-19,17579.69,card,failed,network_error,retry,True,17579.69
PAY004140,CUST00768,2026-04-24,5468.68,wallet,success,,no_action,False,0.0
PAY004141,CUST00323,2026-06-26,24663.84,card,success,,no_action,False,0.0
PAY004142,CUST00424,2026-08-21,742.08,card,failed,timeout,reminder,True,742.08
PAY004143,CUST00571,2026-08-22,25046.46,netbanking,success,,no_action,False,0.0
PAY004144,CUST00245,2026-05-27,21497.51,netbanking,success,,no_action,False,0.0
PAY004145,CUST00393,2026-03-16,2295.51,upi,failed,insufficient_funds,payment_link,False,0.0
PAY004146,CUST00572,2026-03-18,22214.96,netbanking,success,,no_action,False,0.0
PAY004147,CUST00747,2026-06-21,10439.02,card,success,,no_action,False,0.0
PAY004148,CUST00267,2026-04-30,4802.5,wallet,success,,no_action,False,0.0
PAY004149,CUST00617,2026-06-27,8725.78,card,failed,insufficient_funds,reminder,True,8725.78
PAY004150,CUST00003,2026-05-18,1483.14,upi,failed,insufficient_funds,payment_link,True,1483.14
PAY004151,CUST00915,2026-05-07,12502.55,netbanking,success,,no_action,False,0.0
PAY004152,CUST00019,2026-07-14,20435.18,upi,success,,no_action,False,0.0
PAY004153,CUST00025,2026-06-06,5909.23,upi,success,,no_action,False,0.0
PAY004154,CUST00788,2026-06-01,16220.14,card,success,,no_action,False,0.0
PAY004155,CUST00938,2026-08-22,29200.97,wallet,failed,expired_card,escalate,False,0.0
PAY004156,CUST00762,2026-05-19,15677.89,card,success,,no_action,False,0.0
PAY004157,CUST00162,2026-06-03,6378.68,netbanking,success,,no_action,False,0.0
PAY004158,CUST00290,2026-06-12,16422.4,upi,failed,timeout,retry,True,16422.4
PAY004159,CUST00136,2026-04-15,14355.57,upi,success,,no_action,False,0.0
PAY004160,CUST00620,2026-07-05,15489.97,card,success,,no_action,False,0.0
PAY004161,CUST00922,2026-06-16,3194.76,card,success,,no_action,False,0.0
PAY004162,CUST00500,2026-03-08,669.33,wallet,failed,insufficient_funds,payment_link,True,669.33
PAY004163,CUST00696,2026-08-02,27975.34,card,success,,no_action,False,0.0
PAY004164,CUST00095,2026-08-19,5683.59,netbanking,failed,insufficient_funds,payment_link,True,5683.59
PAY004165,CUST00877,2026-05-22,3654.4,upi,failed,network_error,retry,True,3654.4
PAY004166,CUST00551,2026-06-08,11551.13,card,success,,no_action,False,0.0
PAY004167,CUST00247,2026-03-26,15811.58,upi,success,,no_action,False,0.0
PAY004168,CUST00609,2026-08-17,14896.13,wallet,success,,no_action,False,0.0
PAY004169,CUST00163,2026-04-24,22210.26,upi,success,,no_action,False,0.0
PAY004170,CUST00616,2026-05-06,17490.73,wallet,success,,no_action,False,0.0
PAY004171,CUST00373,2026-08-23,7923.67,netbanking,success,,no_action,False,0.0
PAY004172,CUST00982,2026-03-14,11572.33,upi,failed,card_declined,payment_link,True,11572.33
PAY004173,CUST00297,2026-04-29,1922.57,wallet,failed,authentication_failed,payment_link,True,1922.57
PAY004174,CUST00591,2026-06-10,9891.56,wallet,success,,no_action,False,0.0
PAY004175,CUST00136,2026-05-20,37619.1,wallet,success,,no_action,False,0.0
PAY004176,CUST00720,2026-03-01,19841.07,card,success,,no_action,False,0.0
PAY004177,CUST00142,2026-07-12,15927.66,wallet,success,,no_action,False,0.0
PAY004178,CUST00309,2026-06-05,15226.09,wallet,success,,no_action,False,0.0
PAY004179,CUST00530,2026-03-11,7107.55,wallet,success,,no_action,False,0.0
PAY004180,CUST00403,2026-02-28,20360.93,upi,success,,no_action,False,0.0
PAY004181,CUST00380,2026-07-11,4991.47,card,success,,no_action,False,0.0
PAY004182,CUST00909,2026-02-28,8117.59,wallet,success,,no_action,False,0.0
PAY004183,CUST00639,2026-04-22,12915.96,card,success,,no_action,False,0.0
PAY004184,CUST00601,2026-04-27,19377.81,upi,success,,no_action,False,0.0
PAY004185,CUST00655,2026-04-01,18277.7,card,success,,no_action,False,0.0
PAY004186,CUST00024,2026-07-21,5292.93,upi,failed,network_error,reminder,False,0.0
PAY004187,CUST00479,2026-03-26,15244.07,netbanking,success,,no_action,False,0.0
PAY004188,CUST00589,2026-08-04,3010.18,wallet,success,,no_action,False,0.0
PAY004189,CUST00734,2026-06-24,9725.22,wallet,success,,no_action,False,0.0
PAY004190,CUST00358,2026-05-02,36816.29,netbanking,success,,no_action,False,0.0
PAY004191,CUST00831,2026-03-09,9529.77,netbanking,failed,authentication_failed,payment_link,False,0.0
PAY004192,CUST00327,2026-05-21,14755.59,netbanking,success,,no_action,False,0.0
PAY004193,CUST00231,2026-03-02,17209.14,card,success,,no_action,False,0.0
PAY004194,CUST00646,2026-05-26,307.38,wallet,success,,no_action,False,0.0
PAY004195,CUST00543,2026-05-09,7073.93,upi,success,,no_action,False,0.0
PAY004196,CUST00781,2026-05-31,2228.13,upi,failed,authentication_failed,reminder,False,0.0
PAY004197,CUST00153,2026-07-02,13708.53,card,success,,no_action,False,0.0
PAY004198,CUST00054,2026-06-10,3299.75,card,success,,no_action,False,0.0
PAY004199,CUST00106,2026-03-05,866.65,wallet,failed,expired_card,reminder,True,866.65
PAY004200,CUST00459,2026-06-09,31709.46,upi,success,,no_action,False,0.0
PAY004201,CUST00017,2026-03-14,24248.96,upi,success,,no_action,False,0.0
PAY004202,CUST00375,2026-04-17,12698.4,card,success,,no_action,False,0.0
PAY004203,CUST00698,2026-03-22,852.95,card,success,,no_action,False,0.0
PAY004204,CUST00324,2026-07-10,17300.26,wallet,success,,no_action,False,0.0
PAY004205,CUST00451,2026-03-17,3420.87,upi,success,,no_action,False,0.0
PAY004206,CUST00215,2026-05-15,17676.74,upi,success,,no_action,False,0.0
PAY004207,CUST00453,2026-04-21,13739.32,wallet,failed,timeout,reminder,True,13739.32
PAY004208,CUST00100,2026-06-25,14451.77,netbanking,success,,no_action,False,0.0
PAY004209,CUST00598,2026-03-18,33585.3,card,success,,no_action,False,0.0
PAY004210,CUST00777,2026-05-13,22121.65,wallet,success,,no_action,False,0.0
PAY004211,CUST00868,2026-03-29,23995.49,wallet,success,,no_action,False,0.0
PAY004212,CUST00568,2026-05-19,1711.55,upi,success,,no_action,False,0.0
PAY004213,CUST00731,2026-02-27,10523.51,wallet,success,,no_action,False,0.0
PAY004214,CUST00384,2026-04-14,13801.27,wallet,success,,no_action,False,0.0
PAY004215,CUST00994,2026-05-04,6085.67,wallet,failed,timeout,reminder,True,6085.67
PAY004216,CUST00251,2026-03-23,18137.97,card,success,,no_action,False,0.0
PAY004217,CUST00578,2026-06-16,4803.09,card,success,,no_action,False,0.0
PAY004218,CUST00501,2026-04-21,6516.67,upi,failed,authentication_failed,reminder,False,0.0
PAY004219,CUST00806,2026-06-09,6663.33,upi,success,,no_action,False,0.0
PAY004220,CUST00297,2026-04-08,4198.98,upi,success,,no_action,False,0.0
PAY004221,CUST00836,2026-07-27,9990.62,wallet,success,,no_action,False,0.0
PAY004222,CUST00669,2026-06-18,10557.56,upi,success,,no_action,False,0.0
PAY004223,CUST00485,2026-07-12,21950.78,upi,success,,no_action,False,0.0
PAY004224,CUST00889,2026-03-09,9031.87,netbanking,success,,no_action,False,0.0
PAY004225,CUST00140,2026-02-26,20833.95,card,success,,no_action,False,0.0
PAY004226,CUST00067,2026-04-25,22025.28,wallet,success,,no_action,False,0.0
PAY004227,CUST00780,2026-05-13,22151.72,netbanking,success,,no_action,False,0.0
PAY004228,CUST00507,2026-07-10,10383.59,card,success,,no_action,False,0.0
PAY004229,CUST00153,2026-05-19,9139.23,wallet,success,,no_action,False,0.0
PAY004230,CUST00883,2026-05-05,20618.11,card,success,,no_action,False,0.0
PAY004231,CUST00707,2026-07-21,22024.14,card,failed,network_error,reminder,True,22024.14
PAY004232,CUST00707,2026-04-23,49712.59,card,success,,no_action,False,0.0
PAY004233,CUST00128,2026-04-29,31718.65,wallet,success,,no_action,False,0.0
PAY004234,CUST00219,2026-06-16,16121.63,upi,success,,no_action,False,0.0
PAY004235,CUST00641,2026-06-25,3830.8,upi,success,,no_action,False,0.0
PAY004236,CUST00479,2026-03-17,14415.36,upi,success,,no_action,False,0.0
PAY004237,CUST00425,2026-06-28,17575.69,card,failed,network_error,retry,True,17575.69
PAY004238,CUST00029,2026-07-18,6198.66,wallet,success,,no_action,False,0.0
PAY004239,CUST00371,2026-05-17,11207.35,card,success,,no_action,False,0.0
PAY004240,CUST00174,2026-05-10,18065.07,netbanking,success,,no_action,False,0.0
PAY004241,CUST00087,2026-03-31,18422.57,wallet,failed,expired_card,reminder,False,0.0
PAY004242,CUST00920,2026-08-17,18326.33,wallet,success,,no_action,False,0.0
PAY004243,CUST00664,2026-06-15,16205.24,netbanking,success,,no_action,False,0.0
PAY004244,CUST00465,2026-07-21,8927.73,wallet,success,,no_action,False,0.0
PAY004245,CUST00949,2026-03-08,18444.36,upi,success,,no_action,False,0.0
PAY004246,CUST00251,2026-07-06,14274.66,wallet,success,,no_action,False,0.0
PAY004247,CUST00679,2026-03-16,23140.63,wallet,failed,expired_card,payment_link,False,0.0
PAY004248,CUST00290,2026-07-28,18163.75,wallet,success,,no_action,False,0.0
PAY004249,CUST00498,2026-08-18,13138.66,upi,failed,timeout,retry,True,13138.66
PAY004250,CUST00497,2026-05-02,13383.14,netbanking,failed,authentication_failed,reminder,False,0.0
PAY004251,CUST00614,2026-08-03,35244.37,card,success,,no_action,False,0.0
PAY004252,CUST00911,2026-07-28,1005.69,netbanking,failed,insufficient_funds,reminder,False,0.0
PAY004253,CUST00720,2026-06-17,20936.31,wallet,success,,no_action,False,0.0
PAY004254,CUST00304,2026-04-23,9165.42,upi,success,,no_action,False,0.0
PAY004255,CUST00999,2026-04-07,12236.68,card,success,,no_action,False,0.0
PAY004256,CUST00736,2026-03-24,13808.86,card,success,,no_action,False,0.0
PAY004257,CUST00338,2026-03-02,5198.45,netbanking,success,,no_action,False,0.0
PAY004258,CUST00005,2026-06-21,16907.15,card,success,,no_action,False,0.0
PAY004259,CUST00448,2026-04-16,444.55,upi,success,,no_action,False,0.0
PAY004260,CUST00837,2026-08-08,2817.32,netbanking,failed,expired_card,payment_link,True,2817.32
PAY004261,CUST00166,2026-07-07,436.07,wallet,success,,no_action,False,0.0
PAY004262,CUST00793,2026-07-10,8397.42,upi,failed,card_declined,payment_link,True,8397.42
PAY004263,CUST00659,2026-07-09,9719.9,netbanking,failed,expired_card,payment_link,True,9719.9
PAY004264,CUST00051,2026-05-02,336.29,wallet,failed,timeout,payment_link,True,336.29
PAY004265,CUST00590,2026-07-23,3579.33,wallet,success,,no_action,False,0.0
PAY004266,CUST00614,2026-08-18,21651.42,netbanking,success,,no_action,False,0.0
PAY004267,CUST00333,2026-06-05,484.78,netbanking,success,,no_action,False,0.0
PAY004268,CUST00198,2026-06-19,753.31,upi,failed,authentication_failed,payment_link,False,0.0
PAY004269,CUST00158,2026-03-13,12291.77,card,success,,no_action,False,0.0
PAY004270,CUST00588,2026-06-04,18867.66,upi,success,,no_action,False,0.0
PAY004271,CUST00411,2026-05-18,17428.06,netbanking,success,,no_action,False,0.0
PAY004272,CUST00751,2026-06-10,3396.04,wallet,success,,no_action,False,0.0
PAY004273,CUST00974,2026-05-28,15289.14,wallet,success,,no_action,False,0.0
PAY004274,CUST00910,2026-04-11,3962.41,wallet,success,,no_action,False,0.0
PAY004275,CUST00261,2026-07-10,9618.12,card,success,,no_action,False,0.0
PAY004276,CUST00458,2026-06-12,419.85,netbanking,success,,no_action,False,0.0
PAY004277,CUST00828,2026-06-12,10498.7,card,success,,no_action,False,0.0
PAY004278,CUST00392,2026-03-25,20780.06,netbanking,success,,no_action,False,0.0
PAY004279,CUST00158,2026-07-07,11913.53,netbanking,success,,no_action,False,0.0
PAY004280,CUST00603,2026-04-18,27331.14,wallet,failed,insufficient_funds,payment_link,True,27331.14
PAY004281,CUST00207,2026-04-26,7060.21,wallet,success,,no_action,False,0.0
PAY004282,CUST00857,2026-06-21,21686.36,netbanking,failed,insufficient_funds,payment_link,False,0.0
PAY004283,CUST00021,2026-05-05,19071.1,card,failed,expired_card,reminder,False,0.0
PAY004284,CUST00158,2026-06-11,10041.78,upi,success,,no_action,False,0.0
PAY004285,CUST00063,2026-07-12,14706.87,netbanking,failed,authentication_failed,payment_link,False,0.0
PAY004286,CUST00229,2026-04-21,2874.86,card,failed,expired_card,payment_link,True,2874.86
PAY004287,CUST00276,2026-07-31,9133.78,wallet,success,,no_action,False,0.0
PAY004288,CUST00488,2026-04-01,5537.81,wallet,failed,authentication_failed,reminder,False,0.0
PAY004289,CUST00861,2026-05-29,5646.34,netbanking,success,,no_action,False,0.0
PAY004290,CUST00399,2026-05-13,27438.61,netbanking,success,,no_action,False,0.0
PAY004291,CUST00326,2026-07-01,11902.14,netbanking,failed,network_error,reminder,False,0.0
PAY004292,CUST00307,2026-07-03,8469.71,card,success,,no_action,False,0.0
PAY004293,CUST00656,2026-08-05,16699.12,netbanking,failed,expired_card,reminder,True,16699.12
PAY004294,CUST00780,2026-06-16,17084.68,card,success,,no_action,False,0.0
PAY004295,CUST00002,2026-03-09,23564.91,netbanking,success,,no_action,False,0.0
PAY004296,CUST00821,2026-07-29,526.74,upi,failed,expired_card,payment_link,False,0.0
PAY004297,CUST00999,2026-03-02,25068.94,netbanking,success,,no_action,False,0.0
PAY004298,CUST00480,2026-03-22,17104.57,upi,failed,card_declined,reminder,True,17104.57
PAY004299,CUST00578,2026-06-17,4724.13,wallet,success,,no_action,False,0.0
PAY004300,CUST00472,2026-03-27,2066.93,netbanking,success,,no_action,False,0.0
PAY004301,CUST00673,2026-08-20,22953.92,wallet,success,,no_action,False,0.0
PAY004302,CUST00536,2026-07-04,19973.36,upi,success,,no_action,False,0.0
PAY004303,CUST00535,2026-08-23,10129.34,netbanking,failed,authentication_failed,reminder,False,0.0
PAY004304,CUST00527,2026-06-13,20188.33,netbanking,success,,no_action,False,0.0
PAY004305,CUST00163,2026-06-15,19346.92,upi,failed,card_declined,payment_link,True,19346.92
PAY004306,CUST00032,2026-05-08,21227.32,wallet,success,,no_action,False,0.0
PAY004307,CUST00170,2026-06-29,2073.83,wallet,success,,no_action,False,0.0
PAY004308,CUST00300,2026-02-26,11978.41,wallet,success,,no_action,False,0.0
PAY004309,CUST00394,2026-07-27,11073.52,wallet,success,,no_action,False,0.0
PAY004310,CUST00219,2026-07-11,11642.47,card,success,,no_action,False,0.0
PAY004311,CUST00946,2026-07-04,9815.45,card,success,,no_action,False,0.0
PAY004312,CUST00154,2026-06-12,9771.96,wallet,failed,expired_card,reminder,True,9771.96
PAY004313,CUST00638,2026-06-23,2298.64,card,failed,card_declined,reminder,True,2298.64
PAY004314,CUST00743,2026-07-04,15576.27,card,success,,no_action,False,0.0
PAY004315,CUST00969,2026-08-18,15745.46,card,failed,card_declined,payment_link,True,15745.46
PAY004316,CUST00848,2026-05-06,6510.97,wallet,success,,no_action,False,0.0
PAY004317,CUST00894,2026-07-17,2642.01,wallet,success,,no_action,False,0.0
PAY004318,CUST00288,2026-06-19,28473.69,netbanking,failed,insufficient_funds,payment_link,False,0.0
PAY004319,CUST00431,2026-04-18,1977.81,wallet,success,,no_action,False,0.0
PAY004320,CUST00608,2026-04-20,809.51,card,success,,no_action,False,0.0
PAY004321,CUST00474,2026-03-14,15769.76,card,success,,no_action,False,0.0
PAY004322,CUST00329,2026-07-31,5005.67,netbanking,success,,no_action,False,0.0
PAY004323,CUST00781,2026-07-16,3612.39,wallet,success,,no_action,False,0.0
PAY004324,CUST00216,2026-07-10,9747.17,wallet,success,,no_action,False,0.0
PAY004325,CUST00024,2026-03-18,6428.84,upi,failed,timeout,reminder,True,6428.84
PAY004326,CUST00155,2026-08-06,19685.94,card,success,,no_action,False,0.0
PAY004327,CUST00806,2026-05-22,7546.0,card,success,,no_action,False,0.0
PAY004328,CUST00756,2026-07-21,10489.98,card,success,,no_action,False,0.0
PAY004329,CUST00663,2026-03-23,14627.19,wallet,success,,no_action,False,0.0
PAY004330,CUST00524,2026-06-08,14230.34,card,failed,network_error,reminder,True,14230.34
PAY004331,CUST00398,2026-03-31,7634.05,card,failed,insufficient_funds,reminder,True,7634.05
PAY004332,CUST00225,2026-07-31,2362.65,upi,success,,no_action,False,0.0
PAY004333,CUST00915,2026-08-25,12588.49,upi,success,,no_action,False,0.0
PAY004334,CUST00524,2026-04-29,9441.64,netbanking,failed,network_error,reminder,False,0.0
PAY004335,CUST00731,2026-07-01,6168.92,netbanking,success,,no_action,False,0.0
PAY004336,CUST00336,2026-08-21,1307.81,upi,failed,card_declined,reminder,True,1307.81
PAY004337,CUST00457,2026-03-23,12746.49,card,failed,network_error,reminder,True,12746.49
PAY004338,CUST00785,2026-05-21,9308.27,upi,success,,no_action,False,0.0
PAY004339,CUST00349,2026-05-18,17528.54,card,success,,no_action,False,0.0
PAY004340,CUST00451,2026-07-10,4301.16,upi,success,,no_action,False,0.0
PAY004341,CUST00490,2026-05-08,24787.03,upi,success,,no_action,False,0.0
PAY004342,CUST00270,2026-03-17,7414.35,upi,success,,no_action,False,0.0
PAY004343,CUST00319,2026-06-29,8537.74,card,success,,no_action,False,0.0
PAY004344,CUST00974,2026-04-25,26490.27,card,success,,no_action,False,0.0
PAY004345,CUST00664,2026-06-19,17216.86,netbanking,failed,card_declined,reminder,True,17216.86
PAY004346,CUST00117,2026-07-25,15890.13,card,success,,no_action,False,0.0
PAY004347,CUST00655,2026-07-13,25522.82,wallet,failed,network_error,reminder,True,25522.82
PAY004348,CUST00055,2026-06-15,3061.56,netbanking,failed,timeout,reminder,True,3061.56
PAY004349,CUST00525,2026-06-27,20411.85,netbanking,success,,no_action,False,0.0
PAY004350,CUST00589,2026-06-15,3415.84,upi,failed,network_error,reminder,False,0.0
PAY004351,CUST00977,2026-03-14,3927.52,netbanking,success,,no_action,False,0.0
PAY004352,CUST00443,2026-07-03,28091.03,netbanking,success,,no_action,False,0.0
PAY004353,CUST00519,2026-07-03,1728.34,upi,failed,expired_card,reminder,True,1728.34
PAY004354,CUST00375,2026-04-26,4566.86,upi,success,,no_action,False,0.0
PAY004355,CUST00107,2026-03-07,26401.06,wallet,failed,timeout,retry,True,26401.06
PAY004356,CUST00140,2026-04-08,18130.6,netbanking,failed,timeout,reminder,True,18130.6
PAY004357,CUST00842,2026-05-13,4790.52,upi,success,,no_action,False,0.0
PAY004358,CUST00093,2026-05-25,823.27,netbanking,success,,no_action,False,0.0
PAY004359,CUST00642,2026-07-25,19045.09,netbanking,success,,no_action,False,0.0
PAY004360,CUST00444,2026-06-04,4368.5,wallet,failed,expired_card,payment_link,True,4368.5
PAY004361,CUST00867,2026-06-05,4721.07,wallet,success,,no_action,False,0.0
PAY004362,CUST00181,2026-08-11,6673.36,netbanking,success,,no_action,False,0.0
PAY004363,CUST00085,2026-08-01,7622.84,wallet,success,,no_action,False,0.0
PAY004364,CUST00118,2026-04-08,5230.35,netbanking,success,,no_action,False,0.0
PAY004365,CUST00920,2026-08-15,22681.8,upi,success,,no_action,False,0.0
PAY004366,CUST00097,2026-05-13,938.38,netbanking,failed,insufficient_funds,payment_link,True,938.38
PAY004367,CUST00858,2026-06-04,1608.7,netbanking,success,,no_action,False,0.0
PAY004368,CUST00716,2026-04-19,22117.45,netbanking,success,,no_action,False,0.0
PAY004369,CUST00711,2026-03-30,17020.12,wallet,failed,expired_card,reminder,True,17020.12
PAY004370,CUST00606,2026-08-08,22830.35,wallet,success,,no_action,False,0.0
PAY004371,CUST00248,2026-06-14,6410.05,upi,failed,insufficient_funds,reminder,False,0.0
PAY004372,CUST00985,2026-08-10,24117.7,card,success,,no_action,False,0.0
PAY004373,CUST00600,2026-04-14,5157.87,wallet,success,,no_action,False,0.0
PAY004374,CUST00120,2026-03-29,18366.71,wallet,success,,no_action,False,0.0
PAY004375,CUST00615,2026-03-17,10895.97,wallet,failed,network_error,reminder,True,10895.97
PAY004376,CUST00002,2026-03-06,24001.2,wallet,failed,expired_card,payment_link,True,24001.2
PAY004377,CUST00138,2026-08-23,7349.11,upi,success,,no_action,False,0.0
PAY004378,CUST00226,2026-04-20,29974.25,card,success,,no_action,False,0.0
PAY004379,CUST00743,2026-06-13,18068.82,wallet,failed,authentication_failed,reminder,True,18068.82
PAY004380,CUST00500,2026-06-21,309.18,card,success,,no_action,False,0.0
PAY004381,CUST00630,2026-08-07,2256.85,card,success,,no_action,False,0.0
PAY004382,CUST00312,2026-08-02,565.34,netbanking,success,,no_action,False,0.0
PAY004383,CUST00169,2026-05-26,14680.48,upi,success,,no_action,False,0.0
PAY004384,CUST00065,2026-05-15,9412.24,netbanking,success,,no_action,False,0.0
PAY004385,CUST00144,2026-03-26,4810.2,wallet,success,,no_action,False,0.0
PAY004386,CUST00563,2026-03-15,9843.98,upi,success,,no_action,False,0.0
PAY004387,CUST00582,2026-08-09,21078.01,netbanking,success,,no_action,False,0.0
PAY004388,CUST00391,2026-04-07,16483.62,netbanking,success,,no_action,False,0.0
PAY004389,CUST00655,2026-06-18,13643.32,upi,success,,no_action,False,0.0
PAY004390,CUST00385,2026-03-09,3821.12,card,success,,no_action,False,0.0
PAY004391,CUST00027,2026-04-12,4890.96,upi,failed,authentication_failed,reminder,True,4890.96
PAY004392,CUST00761,2026-08-19,25534.26,upi,failed,expired_card,reminder,False,0.0
PAY004393,CUST00262,2026-04-13,14795.78,wallet,success,,no_action,False,0.0
PAY004394,CUST00547,2026-04-28,569.54,card,success,,no_action,False,0.0
PAY004395,CUST00980,2026-05-29,5479.55,upi,success,,no_action,False,0.0
PAY004396,CUST00283,2026-06-29,9393.02,card,success,,no_action,False,0.0
PAY004397,CUST00300,2026-03-21,13972.45,upi,success,,no_action,False,0.0
PAY004398,CUST00118,2026-06-25,6750.75,wallet,success,,no_action,False,0.0
PAY004399,CUST00604,2026-04-01,33878.69,netbanking,success,,no_action,False,0.0
PAY004400,CUST00896,2026-06-18,14119.3,netbanking,success,,no_action,False,0.0
PAY004401,CUST00508,2026-07-07,5445.99,wallet,success,,no_action,False,0.0
PAY004402,CUST00199,2026-03-13,24348.19,netbanking,success,,no_action,False,0.0
PAY004403,CUST00103,2026-07-25,30663.95,wallet,failed,insufficient_funds,reminder,True,30663.95
PAY004404,CUST00087,2026-06-29,12604.07,netbanking,success,,no_action,False,0.0
PAY004405,CUST00548,2026-03-24,767.9,wallet,success,,no_action,False,0.0
PAY004406,CUST00968,2026-03-22,13580.56,card,success,,no_action,False,0.0
PAY004407,CUST00047,2026-05-18,1242.47,wallet,success,,no_action,False,0.0
PAY004408,CUST00434,2026-08-11,7389.54,wallet,failed,network_error,reminder,True,7389.54
PAY004409,CUST00858,2026-06-15,1733.55,card,success,,no_action,False,0.0
PAY004410,CUST00842,2026-05-04,4109.1,card,success,,no_action,False,0.0
PAY004411,CUST00184,2026-03-06,18111.51,upi,success,,no_action,False,0.0
PAY004412,CUST00055,2026-05-22,2907.07,wallet,failed,timeout,reminder,True,2907.07
PAY004413,CUST00932,2026-03-22,3280.16,card,failed,card_declined,payment_link,True,3280.16
PAY004414,CUST00099,2026-03-07,9099.65,wallet,success,,no_action,False,0.0
PAY004415,CUST00106,2026-05-18,834.17,netbanking,success,,no_action,False,0.0
PAY004416,CUST00757,2026-04-30,6667.83,card,failed,network_error,retry,True,6667.83
PAY004417,CUST00211,2026-04-01,14919.91,upi,success,,no_action,False,0.0
PAY004418,CUST00285,2026-08-15,46664.97,upi,failed,authentication_failed,payment_link,True,46664.97
PAY004419,CUST00181,2026-04-02,8406.24,card,success,,no_action,False,0.0
PAY004420,CUST00671,2026-05-02,9380.39,card,failed,insufficient_funds,reminder,False,0.0
PAY004421,CUST00548,2026-07-23,469.44,netbanking,success,,no_action,False,0.0
PAY004422,CUST00104,2026-06-02,10909.77,netbanking,success,,no_action,False,0.0
PAY004423,CUST00979,2026-07-29,24570.34,card,failed,card_declined,payment_link,True,24570.34
PAY004424,CUST00261,2026-04-22,8240.89,netbanking,success,,no_action,False,0.0
PAY004425,CUST00312,2026-05-13,932.51,upi,success,,no_action,False,0.0
PAY004426,CUST00792,2026-07-07,2194.36,wallet,failed,card_declined,payment_link,True,2194.36
PAY004427,CUST00441,2026-04-11,1582.72,wallet,success,,no_action,False,0.0
PAY004428,CUST00764,2026-06-22,16232.88,netbanking,success,,no_action,False,0.0
PAY004429,CUST00652,2026-07-22,16816.52,upi,success,,no_action,False,0.0
PAY004430,CUST00564,2026-06-26,16630.16,netbanking,success,,no_action,False,0.0
PAY004431,CUST00851,2026-04-12,20240.66,card,success,,no_action,False,0.0
PAY004432,CUST00393,2026-05-22,3107.05,wallet,success,,no_action,False,0.0
PAY004433,CUST00577,2026-08-08,23368.31,wallet,failed,expired_card,payment_link,True,23368.31
PAY004434,CUST00524,2026-03-24,10462.32,card,failed,network_error,reminder,True,10462.32
PAY004435,CUST00273,2026-07-24,1256.83,upi,success,,no_action,False,0.0
PAY004436,CUST00715,2026-06-19,25590.78,netbanking,success,,no_action,False,0.0
PAY004437,CUST00797,2026-05-18,21832.78,wallet,success,,no_action,False,0.0
PAY004438,CUST00683,2026-07-19,18140.57,upi,success,,no_action,False,0.0
PAY004439,CUST00595,2026-08-07,2081.88,wallet,success,,no_action,False,0.0
PAY004440,CUST00902,2026-06-05,1659.36,netbanking,failed,card_declined,payment_link,True,1659.36
PAY004441,CUST00506,2026-03-18,8411.0,card,success,,no_action,False,0.0
PAY004442,CUST00161,2026-08-23,13538.99,wallet,success,,no_action,False,0.0
PAY004443,CUST00957,2026-04-21,4691.87,upi,success,,no_action,False,0.0
PAY004444,CUST00963,2026-05-21,11160.36,netbanking,success,,no_action,False,0.0
PAY004445,CUST00513,2026-03-23,24167.09,card,success,,no_action,False,0.0
PAY004446,CUST00403,2026-06-26,15505.34,upi,success,,no_action,False,0.0
PAY004447,CUST00605,2026-05-27,822.12,card,success,,no_action,False,0.0
PAY004448,CUST00882,2026-07-04,5125.11,upi,success,,no_action,False,0.0
PAY004449,CUST00086,2026-03-20,5078.43,upi,success,,no_action,False,0.0
PAY004450,CUST00030,2026-04-20,1816.35,upi,success,,no_action,False,0.0
PAY004451,CUST00486,2026-05-07,36458.56,upi,failed,insufficient_funds,payment_link,False,0.0
PAY004452,CUST00550,2026-03-02,23263.41,wallet,failed,authentication_failed,payment_link,False,0.0
PAY004453,CUST00570,2026-03-28,19846.89,netbanking,success,,no_action,False,0.0
PAY004454,CUST00135,2026-07-27,2570.51,card,failed,network_error,retry,True,2570.51
PAY004455,CUST00787,2026-08-09,3165.43,wallet,success,,no_action,False,0.0
PAY004456,CUST00285,2026-08-07,50000.0,upi,success,,no_action,False,0.0
PAY004457,CUST00169,2026-04-15,7797.99,netbanking,failed,card_declined,reminder,False,0.0
PAY004458,CUST00613,2026-07-25,2169.46,card,success,,no_action,False,0.0
PAY004459,CUST00882,2026-06-07,8163.96,netbanking,success,,no_action,False,0.0
PAY004460,CUST00841,2026-08-15,10286.15,netbanking,success,,no_action,False,0.0
PAY004461,CUST00082,2026-07-21,27090.3,wallet,failed,network_error,reminder,True,27090.3
PAY004462,CUST00472,2026-06-21,3418.49,card,success,,no_action,False,0.0
PAY004463,CUST00689,2026-04-23,27597.67,upi,success,,no_action,False,0.0
PAY004464,CUST00615,2026-06-05,12408.72,card,success,,no_action,False,0.0
PAY004465,CUST00111,2026-04-30,3309.78,card,success,,no_action,False,0.0
PAY004466,CUST00582,2026-03-06,25714.55,netbanking,success,,no_action,False,0.0
PAY004467,CUST00780,2026-05-06,19972.4,upi,success,,no_action,False,0.0
PAY004468,CUST00221,2026-08-13,5629.74,wallet,failed,network_error,retry,True,5629.74
PAY004469,CUST00820,2026-07-20,4569.27,card,success,,no_action,False,0.0
PAY004470,CUST00559,2026-03-13,6113.77,netbanking,success,,no_action,False,0.0
PAY004471,CUST00978,2026-05-01,23760.03,upi,success,,no_action,False,0.0
PAY004472,CUST00931,2026-02-28,5812.72,card,success,,no_action,False,0.0
PAY004473,CUST00999,2026-03-10,22390.08,card,success,,no_action,False,0.0
PAY004474,CUST00869,2026-04-08,26224.15,netbanking,success,,no_action,False,0.0
PAY004475,CUST00916,2026-06-12,22813.92,upi,success,,no_action,False,0.0
PAY004476,CUST00874,2026-03-16,6294.99,card,success,,no_action,False,0.0
PAY004477,CUST00898,2026-04-03,25745.84,card,success,,no_action,False,0.0
PAY004478,CUST00125,2026-05-21,11148.72,netbanking,success,,no_action,False,0.0
PAY004479,CUST00310,2026-04-17,9123.91,netbanking,failed,insufficient_funds,reminder,True,9123.91
PAY004480,CUST00077,2026-07-27,10916.41,card,success,,no_action,False,0.0
PAY004481,CUST00103,2026-05-19,33817.52,upi,failed,network_error,reminder,True,33817.52
PAY004482,CUST00807,2026-03-27,6610.15,card,success,,no_action,False,0.0
PAY004483,CUST00209,2026-05-16,12509.69,upi,failed,insufficient_funds,payment_link,False,0.0
PAY004484,CUST00949,2026-06-24,12837.61,upi,success,,no_action,False,0.0
PAY004485,CUST00686,2026-08-12,21712.31,upi,failed,authentication_failed,reminder,True,21712.31
PAY004486,CUST00091,2026-03-31,2051.97,netbanking,success,,no_action,False,0.0
PAY004487,CUST00861,2026-06-30,2683.73,netbanking,success,,no_action,False,0.0
PAY004488,CUST00957,2026-06-17,4868.81,card,failed,authentication_failed,reminder,True,4868.81
PAY004489,CUST00488,2026-06-15,6711.33,wallet,success,,no_action,False,0.0
PAY004490,CUST00193,2026-03-18,266.34,card,success,,no_action,False,0.0
PAY004491,CUST00039,2026-06-03,3498.53,card,success,,no_action,False,0.0
PAY004492,CUST00126,2026-08-09,2798.1,netbanking,success,,no_action,False,0.0
PAY004493,CUST00156,2026-04-27,1688.19,card,success,,no_action,False,0.0
PAY004494,CUST00085,2026-03-11,11820.44,netbanking,success,,no_action,False,0.0
PAY004495,CUST00421,2026-06-10,5663.36,upi,success,,no_action,False,0.0
PAY004496,CUST00562,2026-05-23,13853.94,netbanking,success,,no_action,False,0.0
PAY004497,CUST00172,2026-08-07,2296.65,wallet,failed,insufficient_funds,payment_link,True,2296.65
PAY004498,CUST00373,2026-03-14,10263.55,netbanking,success,,no_action,False,0.0
PAY004499,CUST00957,2026-05-28,4901.77,netbanking,success,,no_action,False,0.0
PAY004500,CUST00437,2026-07-05,9540.62,wallet,success,,no_action,False,0.0
PAY004501,CUST00584,2026-03-25,15977.66,card,success,,no_action,False,0.0
PAY004502,CUST00606,2026-05-26,18838.74,netbanking,success,,no_action,False,0.0
PAY004503,CUST00962,2026-07-05,6186.7,netbanking,success,,no_action,False,0.0
PAY004504,CUST00304,2026-03-20,8143.87,upi,failed,card_declined,reminder,True,8143.87
PAY004505,CUST00467,2026-03-04,12061.22,netbanking,success,,no_action,False,0.0
PAY004506,CUST00266,2026-03-08,19764.15,wallet,failed,network_error,payment_link,True,19764.15
PAY004507,CUST00085,2026-04-23,7188.64,netbanking,success,,no_action,False,0.0
PAY004508,CUST00006,2026-06-13,19439.84,wallet,success,,no_action,False,0.0
PAY004509,CUST00882,2026-03-24,7532.75,wallet,success,,no_action,False,0.0
PAY004510,CUST00898,2026-08-08,26461.08,card,success,,no_action,False,0.0
PAY004511,CUST00833,2026-03-23,12433.99,card,success,,no_action,False,0.0
PAY004512,CUST00498,2026-02-27,17415.31,upi,success,,no_action,False,0.0
PAY004513,CUST00484,2026-08-13,10919.17,card,success,,no_action,False,0.0
PAY004514,CUST00166,2026-07-17,622.05,upi,success,,no_action,False,0.0
PAY004515,CUST00152,2026-05-08,3047.45,netbanking,success,,no_action,False,0.0
PAY004516,CUST00483,2026-07-31,36774.75,netbanking,failed,authentication_failed,payment_link,True,36774.75
PAY004517,CUST00606,2026-07-17,18327.25,netbanking,success,,no_action,False,0.0
PAY004518,CUST00275,2026-03-27,15625.59,wallet,success,,no_action,False,0.0
PAY004519,CUST00234,2026-05-17,5382.87,card,failed,expired_card,reminder,False,0.0
PAY004520,CUST00199,2026-04-09,26983.51,netbanking,failed,network_error,reminder,False,0.0
PAY004521,CUST00785,2026-06-17,6024.03,card,success,,no_action,False,0.0
PAY004522,CUST00297,2026-07-01,2906.72,card,failed,timeout,reminder,True,2906.72
PAY004523,CUST00570,2026-03-05,24293.6,wallet,success,,no_action,False,0.0
PAY004524,CUST00131,2026-03-04,10892.11,card,success,,no_action,False,0.0
PAY004525,CUST00917,2026-03-17,12401.98,netbanking,success,,no_action,False,0.0
PAY004526,CUST00628,2026-03-30,14437.89,netbanking,success,,no_action,False,0.0
PAY004527,CUST00806,2026-07-18,6322.64,card,failed,expired_card,reminder,True,6322.64
PAY004528,CUST00420,2026-08-05,8124.31,wallet,success,,no_action,False,0.0
PAY004529,CUST00132,2026-04-23,22316.32,upi,success,,no_action,False,0.0
PAY004530,CUST00775,2026-07-19,20584.17,netbanking,success,,no_action,False,0.0
PAY004531,CUST00658,2026-07-25,23687.94,upi,success,,no_action,False,0.0
PAY004532,CUST00792,2026-08-14,1844.65,card,failed,insufficient_funds,payment_link,True,1844.65
PAY004533,CUST00636,2026-06-09,3968.85,netbanking,failed,card_declined,reminder,False,0.0
PAY004534,CUST00611,2026-05-21,393.11,card,success,,no_action,False,0.0
PAY004535,CUST00566,2026-07-27,3366.47,wallet,success,,no_action,False,0.0
PAY004536,CUST00586,2026-05-08,9272.29,netbanking,failed,insufficient_funds,payment_link,False,0.0
PAY004537,CUST00192,2026-06-16,5627.21,wallet,success,,no_action,False,0.0
PAY004538,CUST00581,2026-05-28,18044.7,card,success,,no_action,False,0.0
PAY004539,CUST00916,2026-03-15,28162.91,wallet,success,,no_action,False,0.0
PAY004540,CUST00746,2026-06-13,15090.47,card,success,,no_action,False,0.0
PAY004541,CUST00471,2026-03-09,14641.72,netbanking,success,,no_action,False,0.0
PAY004542,CUST00085,2026-06-19,13294.58,wallet,success,,no_action,False,0.0
PAY004543,CUST00425,2026-07-17,18495.35,card,success,,no_action,False,0.0
PAY004544,CUST00060,2026-08-07,14156.53,upi,success,,no_action,False,0.0
PAY004545,CUST00021,2026-04-08,12313.94,wallet,success,,no_action,False,0.0
PAY004546,CUST00656,2026-05-14,18185.91,wallet,success,,no_action,False,0.0
PAY004547,CUST00471,2026-02-28,15168.28,upi,success,,no_action,False,0.0
PAY004548,CUST00545,2026-04-28,1891.48,netbanking,success,,no_action,False,0.0
PAY004549,CUST00762,2026-02-27,15022.9,upi,success,,no_action,False,0.0
PAY004550,CUST00786,2026-06-22,12549.99,card,success,,no_action,False,0.0
PAY004551,CUST00727,2026-06-07,28081.4,netbanking,success,,no_action,False,0.0
PAY004552,CUST00615,2026-05-23,12896.52,card,success,,no_action,False,0.0
PAY004553,CUST00323,2026-07-03,10838.2,card,success,,no_action,False,0.0
PAY004554,CUST00577,2026-05-08,24722.45,wallet,success,,no_action,False,0.0
PAY004555,CUST00169,2026-04-03,10448.51,upi,success,,no_action,False,0.0
PAY004556,CUST00636,2026-05-11,4534.92,netbanking,success,,no_action,False,0.0
PAY004557,CUST00368,2026-07-13,10076.82,card,success,,no_action,False,0.0
PAY004558,CUST00944,2026-04-24,25230.69,upi,success,,no_action,False,0.0
PAY004559,CUST00048,2026-08-21,14549.25,upi,failed,network_error,reminder,True,14549.25
PAY004560,CUST00633,2026-03-23,8953.86,card,success,,no_action,False,0.0
PAY004561,CUST00498,2026-03-04,14374.34,upi,success,,no_action,False,0.0
PAY004562,CUST00310,2026-07-14,12094.62,card,success,,no_action,False,0.0
PAY004563,CUST00950,2026-07-27,24430.86,netbanking,success,,no_action,False,0.0
PAY004564,CUST00181,2026-04-20,2494.18,wallet,success,,no_action,False,0.0
PAY004565,CUST00487,2026-03-30,17605.56,wallet,success,,no_action,False,0.0
PAY004566,CUST00840,2026-04-22,14698.07,netbanking,success,,no_action,False,0.0
PAY004567,CUST00125,2026-05-28,10159.23,card,success,,no_action,False,0.0
PAY004568,CUST00008,2026-06-13,10137.84,upi,success,,no_action,False,0.0
PAY004569,CUST00098,2026-04-21,6415.18,upi,success,,no_action,False,0.0
PAY004570,CUST00383,2026-06-30,3952.77,upi,success,,no_action,False,0.0
PAY004571,CUST00087,2026-07-24,16300.7,card,success,,no_action,False,0.0
PAY004572,CUST00664,2026-06-02,14767.04,netbanking,success,,no_action,False,0.0
PAY004573,CUST00150,2026-05-31,20735.25,netbanking,failed,insufficient_funds,payment_link,False,0.0
PAY004574,CUST00363,2026-06-21,3569.21,netbanking,success,,no_action,False,0.0
PAY004575,CUST00594,2026-05-10,4555.94,upi,success,,no_action,False,0.0
PAY004576,CUST00813,2026-04-26,19534.97,upi,success,,no_action,False,0.0
PAY004577,CUST00085,2026-07-12,10216.39,wallet,failed,network_error,reminder,True,10216.39
PAY004578,CUST00787,2026-05-10,4396.35,netbanking,success,,no_action,False,0.0
PAY004579,CUST00858,2026-03-28,1617.02,upi,success,,no_action,False,0.0
PAY004580,CUST00630,2026-08-24,1487.58,upi,success,,no_action,False,0.0
PAY004581,CUST00935,2026-07-03,28670.73,card,failed,timeout,reminder,True,28670.73
PAY004582,CUST00439,2026-04-12,29021.51,netbanking,success,,no_action,False,0.0
PAY004583,CUST00675,2026-06-13,8925.07,wallet,success,,no_action,False,0.0
PAY004584,CUST00069,2026-08-24,10317.73,upi,success,,no_action,False,0.0
PAY004585,CUST00664,2026-03-12,20441.52,netbanking,success,,no_action,False,0.0
PAY004586,CUST00417,2026-04-29,4925.63,card,success,,no_action,False,0.0
PAY004587,CUST00071,2026-08-05,3137.6,card,success,,no_action,False,0.0
PAY004588,CUST00561,2026-06-28,6905.98,wallet,success,,no_action,False,0.0
PAY004589,CUST00648,2026-04-29,7221.64,wallet,success,,no_action,False,0.0
PAY004590,CUST00139,2026-07-25,13981.39,card,success,,no_action,False,0.0
PAY004591,CUST00160,2026-07-08,2539.74,card,failed,network_error,reminder,False,0.0
PAY004592,CUST00738,2026-07-03,6526.28,wallet,success,,no_action,False,0.0
PAY004593,CUST00086,2026-04-05,4921.3,card,success,,no_action,False,0.0
PAY004594,CUST00621,2026-05-23,11842.01,card,failed,card_declined,payment_link,False,0.0
PAY004595,CUST00792,2026-07-13,2068.63,upi,success,,no_action,False,0.0
PAY004596,CUST00579,2026-03-16,1111.88,upi,success,,no_action,False,0.0
PAY004597,CUST00213,2026-05-25,593.77,upi,success,,no_action,False,0.0
PAY004598,CUST00614,2026-04-20,22141.03,wallet,success,,no_action,False,0.0
PAY004599,CUST00130,2026-03-24,1093.73,wallet,failed,authentication_failed,reminder,False,0.0
PAY004600,CUST00503,2026-07-21,1091.83,wallet,success,,no_action,False,0.0
PAY004601,CUST00074,2026-03-22,7969.88,netbanking,failed,authentication_failed,payment_link,True,7969.88
PAY004602,CUST00101,2026-05-27,19517.79,card,success,,no_action,False,0.0
PAY004603,CUST00168,2026-04-23,14158.89,upi,success,,no_action,False,0.0
PAY004604,CUST00893,2026-04-03,1734.5,netbanking,success,,no_action,False,0.0
PAY004605,CUST00500,2026-04-30,512.84,netbanking,success,,no_action,False,0.0
PAY004606,CUST00501,2026-06-04,7897.15,netbanking,failed,expired_card,payment_link,False,0.0
PAY004607,CUST00629,2026-07-26,1310.38,wallet,success,,no_action,False,0.0
PAY004608,CUST00437,2026-07-23,15755.51,upi,success,,no_action,False,0.0
PAY004609,CUST00295,2026-08-05,15915.04,card,success,,no_action,False,0.0
PAY004610,CUST00142,2026-06-11,9608.75,netbanking,success,,no_action,False,0.0
PAY004611,CUST00593,2026-05-22,12200.78,netbanking,success,,no_action,False,0.0
PAY004612,CUST00880,2026-08-17,15061.24,card,success,,no_action,False,0.0
PAY004613,CUST00056,2026-07-02,775.2,wallet,success,,no_action,False,0.0
PAY004614,CUST00184,2026-06-18,12091.68,upi,failed,timeout,reminder,True,12091.68
PAY004615,CUST00599,2026-03-26,17859.89,netbanking,failed,insufficient_funds,reminder,True,17859.89
PAY004616,CUST00309,2026-08-13,9497.18,wallet,success,,no_action,False,0.0
PAY004617,CUST00381,2026-07-02,7617.83,upi,success,,no_action,False,0.0
PAY004618,CUST00473,2026-05-25,14557.48,card,success,,no_action,False,0.0
PAY004619,CUST00996,2026-07-09,6322.93,upi,success,,no_action,False,0.0
PAY004620,CUST00299,2026-04-19,10258.77,card,success,,no_action,False,0.0
PAY004621,CUST00236,2026-06-21,16313.31,upi,success,,no_action,False,0.0
PAY004622,CUST00569,2026-04-06,4597.53,upi,failed,card_declined,payment_link,True,4597.53
PAY004623,CUST00711,2026-05-18,7053.33,card,failed,timeout,retry,True,7053.33
PAY004624,CUST00066,2026-04-17,15866.01,wallet,failed,network_error,retry,True,15866.01
PAY004625,CUST00417,2026-07-09,4380.21,upi,success,,no_action,False,0.0
PAY004626,CUST00437,2026-03-10,15627.03,upi,failed,card_declined,payment_link,True,15627.03
PAY004627,CUST00913,2026-05-05,22053.03,netbanking,success,,no_action,False,0.0
PAY004628,CUST00130,2026-04-21,1230.85,upi,success,,no_action,False,0.0
PAY004629,CUST00434,2026-06-03,9013.47,wallet,success,,no_action,False,0.0
PAY004630,CUST00024,2026-08-08,8704.92,wallet,success,,no_action,False,0.0
PAY004631,CUST00088,2026-05-22,8557.16,upi,success,,no_action,False,0.0
PAY004632,CUST00656,2026-07-19,15062.75,netbanking,failed,authentication_failed,reminder,True,15062.75
PAY004633,CUST00380,2026-03-11,2531.65,wallet,success,,no_action,False,0.0
PAY004634,CUST00117,2026-03-21,21788.21,netbanking,success,,no_action,False,0.0
PAY004635,CUST00930,2026-08-12,1237.66,upi,success,,no_action,False,0.0
PAY004636,CUST00993,2026-06-27,4418.47,card,failed,expired_card,payment_link,True,4418.47
PAY004637,CUST00354,2026-03-10,14100.44,card,success,,no_action,False,0.0
PAY004638,CUST00222,2026-08-08,20700.87,card,success,,no_action,False,0.0
PAY004639,CUST00070,2026-05-06,7768.21,card,success,,no_action,False,0.0
PAY004640,CUST00248,2026-04-21,16315.79,netbanking,success,,no_action,False,0.0
PAY004641,CUST00854,2026-08-07,11368.67,netbanking,success,,no_action,False,0.0
PAY004642,CUST00671,2026-06-23,8190.75,upi,success,,no_action,False,0.0
PAY004643,CUST00328,2026-04-17,15741.84,netbanking,success,,no_action,False,0.0
PAY004644,CUST00044,2026-05-18,13432.07,wallet,success,,no_action,False,0.0
PAY004645,CUST00391,2026-06-30,12451.51,netbanking,success,,no_action,False,0.0
PAY004646,CUST00861,2026-07-31,6402.0,card,success,,no_action,False,0.0
PAY004647,CUST00039,2026-08-13,1815.51,upi,success,,no_action,False,0.0
PAY004648,CUST00106,2026-03-24,485.7,upi,success,,no_action,False,0.0
PAY004649,CUST00447,2026-07-08,10455.35,card,success,,no_action,False,0.0
PAY004650,CUST00951,2026-07-21,5646.6,wallet,success,,no_action,False,0.0
PAY004651,CUST00585,2026-07-24,23861.67,wallet,failed,network_error,payment_link,True,23861.67
PAY004652,CUST00754,2026-03-14,6192.55,upi,success,,no_action,False,0.0
PAY004653,CUST00488,2026-07-13,4697.88,card,failed,insufficient_funds,payment_link,True,4697.88
PAY004654,CUST00213,2026-06-14,531.7,card,success,,no_action,False,0.0
PAY004655,CUST00336,2026-07-15,2412.77,wallet,success,,no_action,False,0.0
PAY004656,CUST00379,2026-07-27,4403.99,upi,success,,no_action,False,0.0
PAY004657,CUST00789,2026-06-05,38847.57,upi,success,,no_action,False,0.0
PAY004658,CUST00410,2026-03-09,20803.59,wallet,success,,no_action,False,0.0
PAY004659,CUST00069,2026-05-05,7032.48,netbanking,success,,no_action,False,0.0
PAY004660,CUST00952,2026-04-18,1610.65,upi,success,,no_action,False,0.0
PAY004661,CUST00007,2026-06-24,19609.27,upi,failed,expired_card,payment_link,True,19609.27
PAY004662,CUST00184,2026-03-15,12753.05,upi,success,,no_action,False,0.0
PAY004663,CUST00654,2026-03-13,6867.94,netbanking,success,,no_action,False,0.0
PAY004664,CUST00169,2026-04-28,8234.52,netbanking,failed,network_error,reminder,True,8234.52
PAY004665,CUST00005,2026-07-20,33521.77,wallet,failed,insufficient_funds,reminder,True,33521.77
PAY004666,CUST00947,2026-04-24,4300.15,card,success,,no_action,False,0.0
PAY004667,CUST00569,2026-03-27,6909.1,upi,failed,network_error,reminder,True,6909.1
PAY004668,CUST00124,2026-08-22,2651.26,upi,success,,no_action,False,0.0
PAY004669,CUST00751,2026-06-05,2364.64,wallet,success,,no_action,False,0.0
PAY004670,CUST00204,2026-03-19,14735.79,card,success,,no_action,False,0.0
PAY004671,CUST00150,2026-04-03,19248.44,card,success,,no_action,False,0.0
PAY004672,CUST00734,2026-07-01,12212.49,netbanking,success,,no_action,False,0.0
PAY004673,CUST00222,2026-08-13,13256.94,card,success,,no_action,False,0.0
PAY004674,CUST00496,2026-06-15,2875.05,wallet,failed,insufficient_funds,reminder,False,0.0
PAY004675,CUST00958,2026-07-25,10476.69,card,success,,no_action,False,0.0
PAY004676,CUST00647,2026-06-08,16391.95,wallet,success,,no_action,False,0.0
PAY004677,CUST00413,2026-03-08,14574.73,wallet,success,,no_action,False,0.0
PAY004678,CUST00622,2026-05-05,4572.95,upi,success,,no_action,False,0.0
PAY004679,CUST00017,2026-05-30,16965.06,card,success,,no_action,False,0.0
PAY004680,CUST00156,2026-05-30,2020.07,netbanking,failed,timeout,retry,True,2020.07
PAY004681,CUST00201,2026-08-22,8223.61,wallet,success,,no_action,False,0.0
PAY004682,CUST00187,2026-04-29,2929.61,card,success,,no_action,False,0.0
PAY004683,CUST00639,2026-05-29,19450.76,card,success,,no_action,False,0.0
PAY004684,CUST00710,2026-03-27,4752.41,wallet,success,,no_action,False,0.0
PAY004685,CUST00343,2026-05-21,20875.24,wallet,failed,authentication_failed,payment_link,True,20875.24
PAY004686,CUST00039,2026-04-05,2661.5,card,success,,no_action,False,0.0
PAY004687,CUST00430,2026-03-06,8705.63,card,success,,no_action,False,0.0
PAY004688,CUST00138,2026-07-29,4311.92,upi,failed,network_error,reminder,False,0.0
PAY004689,CUST00467,2026-05-10,13042.45,upi,success,,no_action,False,0.0
PAY004690,CUST00520,2026-05-09,5609.44,wallet,failed,authentication_failed,reminder,True,5609.44
PAY004691,CUST00585,2026-03-21,16521.33,wallet,success,,no_action,False,0.0
PAY004692,CUST00838,2026-08-18,2419.94,wallet,failed,network_error,reminder,False,0.0
PAY004693,CUST00852,2026-03-21,23426.75,upi,failed,insufficient_funds,payment_link,False,0.0
PAY004694,CUST00966,2026-06-10,6091.05,upi,success,,no_action,False,0.0
PAY004695,CUST00434,2026-07-08,8047.52,netbanking,success,,no_action,False,0.0
PAY004696,CUST00146,2026-07-03,17395.46,netbanking,failed,authentication_failed,payment_link,False,0.0
PAY004697,CUST00686,2026-03-08,29239.19,upi,success,,no_action,False,0.0
PAY004698,CUST00831,2026-06-06,22224.05,upi,success,,no_action,False,0.0
PAY004699,CUST00681,2026-08-15,18503.6,card,success,,no_action,False,0.0
PAY004700,CUST00765,2026-07-19,28728.66,card,success,,no_action,False,0.0
PAY004701,CUST00785,2026-04-03,7825.65,netbanking,success,,no_action,False,0.0
PAY004702,CUST00508,2026-08-10,8213.64,upi,success,,no_action,False,0.0
PAY004703,CUST00713,2026-08-12,19867.24,upi,failed,expired_card,reminder,False,0.0
PAY004704,CUST00932,2026-03-12,3314.02,upi,failed,insufficient_funds,payment_link,False,0.0
PAY004705,CUST00740,2026-07-10,17368.7,card,success,,no_action,False,0.0
PAY004706,CUST00841,2026-02-26,12577.79,wallet,success,,no_action,False,0.0
PAY004707,CUST00829,2026-04-11,2773.38,netbanking,failed,authentication_failed,reminder,False,0.0
PAY004708,CUST00540,2026-05-08,788.95,netbanking,success,,no_action,False,0.0
PAY004709,CUST00067,2026-07-29,8084.09,netbanking,success,,no_action,False,0.0
PAY004710,CUST00775,2026-05-04,25598.08,upi,success,,no_action,False,0.0
PAY004711,CUST00724,2026-04-29,21823.45,upi,failed,network_error,payment_link,True,21823.45
PAY004712,CUST00789,2026-03-19,21558.56,card,success,,no_action,False,0.0
PAY004713,CUST00144,2026-06-15,4724.77,upi,success,,no_action,False,0.0
PAY004714,CUST00533,2026-06-23,19095.36,netbanking,failed,timeout,payment_link,False,0.0
PAY004715,CUST00868,2026-03-20,31828.5,card,failed,timeout,retry,True,31828.5
PAY004716,CUST00038,2026-04-29,28606.05,upi,success,,no_action,False,0.0
PAY004717,CUST00009,2026-04-18,17326.34,wallet,success,,no_action,False,0.0
PAY004718,CUST00620,2026-07-25,8505.34,upi,success,,no_action,False,0.0
PAY004719,CUST00128,2026-06-14,26325.7,netbanking,success,,no_action,False,0.0
PAY004720,CUST00621,2026-06-30,13515.16,netbanking,failed,timeout,payment_link,True,13515.16
PAY004721,CUST00438,2026-03-23,39283.94,wallet,success,,no_action,False,0.0
PAY004722,CUST00522,2026-07-14,3948.84,upi,success,,no_action,False,0.0
PAY004723,CUST00830,2026-04-27,18850.16,upi,success,,no_action,False,0.0
PAY004724,CUST00443,2026-08-12,10220.03,netbanking,success,,no_action,False,0.0
PAY004725,CUST00407,2026-06-08,20196.4,upi,success,,no_action,False,0.0
PAY004726,CUST00177,2026-07-07,4043.45,wallet,success,,no_action,False,0.0
PAY004727,CUST00851,2026-08-21,17820.61,card,success,,no_action,False,0.0
PAY004728,CUST00200,2026-07-16,697.53,wallet,failed,expired_card,payment_link,True,697.53
PAY004729,CUST00939,2026-07-24,23260.71,card,success,,no_action,False,0.0
PAY004730,CUST00598,2026-05-24,26082.32,card,success,,no_action,False,0.0
PAY004731,CUST00638,2026-04-05,2631.1,wallet,success,,no_action,False,0.0
PAY004732,CUST00445,2026-03-04,1519.67,wallet,success,,no_action,False,0.0
PAY004733,CUST00563,2026-07-12,16975.84,upi,failed,expired_card,reminder,False,0.0
PAY004734,CUST00026,2026-06-18,12511.19,netbanking,success,,no_action,False,0.0
PAY004735,CUST00112,2026-07-17,47123.64,wallet,success,,no_action,False,0.0
PAY004736,CUST00597,2026-05-27,12231.0,upi,success,,no_action,False,0.0
PAY004737,CUST00889,2026-03-21,12197.39,wallet,success,,no_action,False,0.0
PAY004738,CUST00548,2026-03-08,308.45,card,failed,expired_card,payment_link,True,308.45
PAY004739,CUST00058,2026-02-27,4338.71,netbanking,success,,no_action,False,0.0
PAY004740,CUST00736,2026-06-20,14154.5,upi,success,,no_action,False,0.0
PAY004741,CUST00575,2026-06-24,12956.23,wallet,success,,no_action,False,0.0
PAY004742,CUST00051,2026-04-05,200.0,upi,failed,insufficient_funds,escalate,True,200.0
PAY004743,CUST00349,2026-07-05,9008.17,card,success,,no_action,False,0.0
PAY004744,CUST00401,2026-03-03,4586.8,netbanking,success,,no_action,False,0.0
PAY004745,CUST00412,2026-04-13,21270.31,netbanking,success,,no_action,False,0.0
PAY004746,CUST00166,2026-08-07,586.92,upi,success,,no_action,False,0.0
PAY004747,CUST00575,2026-03-08,17143.69,card,success,,no_action,False,0.0
PAY004748,CUST00014,2026-04-01,4403.42,upi,success,,no_action,False,0.0
PAY004749,CUST00832,2026-06-14,12924.81,netbanking,failed,network_error,reminder,True,12924.81
PAY004750,CUST00143,2026-06-26,5619.48,wallet,success,,no_action,False,0.0
PAY004751,CUST00968,2026-07-02,19580.67,netbanking,failed,timeout,reminder,False,0.0
PAY004752,CUST00906,2026-08-14,17907.24,netbanking,success,,no_action,False,0.0
PAY004753,CUST00985,2026-07-02,18599.06,netbanking,failed,timeout,reminder,True,18599.06
PAY004754,CUST00262,2026-05-29,23381.12,wallet,success,,no_action,False,0.0
PAY004755,CUST00662,2026-06-01,2043.88,netbanking,success,,no_action,False,0.0
PAY004756,CUST00225,2026-06-15,2754.37,netbanking,success,,no_action,False,0.0
PAY004757,CUST00918,2026-07-07,17684.1,wallet,success,,no_action,False,0.0
PAY004758,CUST00204,2026-04-25,7637.57,upi,failed,authentication_failed,payment_link,False,0.0
PAY004759,CUST00678,2026-06-15,6259.32,netbanking,success,,no_action,False,0.0
PAY004760,CUST00646,2026-06-06,664.62,wallet,success,,no_action,False,0.0
PAY004761,CUST00850,2026-04-28,21917.44,netbanking,success,,no_action,False,0.0
PAY004762,CUST00158,2026-07-10,15530.51,wallet,success,,no_action,False,0.0
PAY004763,CUST00483,2026-04-07,31220.41,card,failed,authentication_failed,payment_link,True,31220.41
PAY004764,CUST00792,2026-04-29,2420.56,upi,failed,timeout,payment_link,True,2420.56
PAY004765,CUST00893,2026-07-13,1745.76,wallet,failed,timeout,reminder,True,1745.76
PAY004766,CUST00033,2026-03-13,2577.66,netbanking,success,,no_action,False,0.0
PAY004767,CUST00370,2026-07-12,2669.55,card,success,,no_action,False,0.0
PAY004768,CUST00276,2026-04-17,7949.81,card,success,,no_action,False,0.0
PAY004769,CUST00288,2026-07-21,25769.99,upi,failed,authentication_failed,reminder,False,0.0
PAY004770,CUST00047,2026-08-07,1563.16,wallet,failed,authentication_failed,payment_link,True,1563.16
PAY004771,CUST00808,2026-08-20,5540.86,netbanking,success,,no_action,False,0.0
PAY004772,CUST00005,2026-05-22,24410.18,card,success,,no_action,False,0.0
PAY004773,CUST00573,2026-03-07,27470.86,netbanking,success,,no_action,False,0.0
PAY004774,CUST00693,2026-05-24,11821.94,card,success,,no_action,False,0.0
PAY004775,CUST00024,2026-05-24,9065.2,upi,failed,insufficient_funds,escalate,True,9065.2
PAY004776,CUST00233,2026-08-20,16218.01,wallet,success,,no_action,False,0.0
PAY004777,CUST00704,2026-07-01,19073.38,upi,success,,no_action,False,0.0
PAY004778,CUST00636,2026-03-23,5632.0,upi,success,,no_action,False,0.0
PAY004779,CUST00115,2026-05-27,13334.23,upi,success,,no_action,False,0.0
PAY004780,CUST00590,2026-04-14,8245.98,upi,success,,no_action,False,0.0
PAY004781,CUST00907,2026-04-05,6187.16,wallet,success,,no_action,False,0.0
PAY004782,CUST00565,2026-03-11,1290.56,upi,failed,expired_card,payment_link,True,1290.56
PAY004783,CUST00537,2026-07-11,4874.49,netbanking,success,,no_action,False,0.0
PAY004784,CUST00198,2026-03-18,449.55,netbanking,success,,no_action,False,0.0
PAY004785,CUST00266,2026-08-05,13707.71,wallet,failed,authentication_failed,payment_link,False,0.0
PAY004786,CUST00083,2026-05-14,18951.66,card,success,,no_action,False,0.0
PAY004787,CUST00353,2026-08-20,3196.6,netbanking,success,,no_action,False,0.0
PAY004788,CUST00226,2026-04-14,25748.71,wallet,success,,no_action,False,0.0
PAY004789,CUST00557,2026-04-18,6005.85,card,success,,no_action,False,0.0
PAY004790,CUST00254,2026-06-27,1133.18,upi,failed,timeout,reminder,True,1133.18
PAY004791,CUST00384,2026-04-09,16560.14,wallet,success,,no_action,False,0.0
PAY004792,CUST00780,2026-07-10,8858.82,upi,failed,insufficient_funds,reminder,True,8858.82
PAY004793,CUST00122,2026-03-01,26252.0,wallet,success,,no_action,False,0.0
PAY004794,CUST00604,2026-06-16,22105.07,upi,success,,no_action,False,0.0
PAY004795,CUST00247,2026-07-29,12333.2,card,failed,card_declined,reminder,False,0.0
PAY004796,CUST00345,2026-05-21,17656.5,wallet,failed,expired_card,payment_link,True,17656.5
PAY004797,CUST00739,2026-08-25,12673.96,upi,failed,card_declined,payment_link,False,0.0
PAY004798,CUST00741,2026-04-25,5382.91,card,failed,card_declined,reminder,True,5382.91
PAY004799,CUST00848,2026-05-25,7648.05,card,success,,no_action,False,0.0
PAY004800,CUST00871,2026-05-31,11207.63,upi,success,,no_action,False,0.0
PAY004801,CUST00623,2026-05-30,18280.24,upi,success,,no_action,False,0.0
PAY004802,CUST00048,2026-05-02,17881.42,upi,failed,card_declined,payment_link,True,17881.42
PAY004803,CUST00136,2026-05-31,22424.02,wallet,success,,no_action,False,0.0
PAY004804,CUST00453,2026-05-21,12810.33,card,success,,no_action,False,0.0
PAY004805,CUST00300,2026-03-19,12374.07,card,failed,timeout,payment_link,True,12374.07
PAY004806,CUST00534,2026-08-02,2803.05,netbanking,success,,no_action,False,0.0
PAY004807,CUST00382,2026-08-20,11481.3,upi,failed,insufficient_funds,payment_link,False,0.0
PAY004808,CUST00669,2026-08-18,12360.37,wallet,success,,no_action,False,0.0
PAY004809,CUST00658,2026-06-10,15628.5,card,success,,no_action,False,0.0
PAY004810,CUST00151,2026-06-05,12154.34,wallet,success,,no_action,False,0.0
PAY004811,CUST00925,2026-04-08,15890.47,netbanking,failed,network_error,reminder,True,15890.47
PAY004812,CUST00522,2026-07-04,6320.84,card,success,,no_action,False,0.0
PAY004813,CUST00501,2026-07-27,8030.42,upi,failed,card_declined,payment_link,True,8030.42
PAY004814,CUST00564,2026-06-19,14614.32,card,success,,no_action,False,0.0
PAY004815,CUST00224,2026-06-29,18623.11,wallet,success,,no_action,False,0.0
PAY004816,CUST00117,2026-06-19,20754.13,wallet,success,,no_action,False,0.0
PAY004817,CUST00659,2026-07-28,8724.21,netbanking,success,,no_action,False,0.0
PAY004818,CUST00759,2026-05-18,5861.21,netbanking,failed,insufficient_funds,reminder,True,5861.21
PAY004819,CUST00053,2026-08-10,4879.97,card,failed,card_declined,payment_link,True,4879.97
PAY004820,CUST00387,2026-03-06,19271.63,wallet,success,,no_action,False,0.0
PAY004821,CUST00909,2026-03-12,6871.17,upi,failed,expired_card,payment_link,False,0.0
PAY004822,CUST00175,2026-03-10,6675.99,wallet,success,,no_action,False,0.0
PAY004823,CUST00244,2026-07-30,8449.11,card,success,,no_action,False,0.0
PAY004824,CUST00800,2026-06-23,18381.87,wallet,success,,no_action,False,0.0
PAY004825,CUST00696,2026-03-15,20293.33,netbanking,success,,no_action,False,0.0
PAY004826,CUST00550,2026-03-22,21253.07,wallet,success,,no_action,False,0.0
PAY004827,CUST00046,2026-06-20,4581.31,card,failed,authentication_failed,payment_link,False,0.0
PAY004828,CUST00177,2026-04-29,7209.62,netbanking,success,,no_action,False,0.0
PAY004829,CUST00288,2026-07-15,30104.54,wallet,success,,no_action,False,0.0
PAY004830,CUST00318,2026-07-16,14788.34,upi,success,,no_action,False,0.0
PAY004831,CUST00174,2026-04-11,17619.53,netbanking,success,,no_action,False,0.0
PAY004832,CUST00033,2026-08-17,3689.38,card,success,,no_action,False,0.0
PAY004833,CUST00397,2026-08-08,8693.78,card,success,,no_action,False,0.0
PAY004834,CUST00421,2026-08-18,7336.26,upi,success,,no_action,False,0.0
PAY004835,CUST00684,2026-08-24,18692.96,card,success,,no_action,False,0.0
PAY004836,CUST00491,2026-07-06,11832.09,card,success,,no_action,False,0.0
PAY004837,CUST00607,2026-06-15,3954.4,netbanking,success,,no_action,False,0.0
PAY004838,CUST00494,2026-05-02,2070.85,netbanking,success,,no_action,False,0.0
PAY004839,CUST00716,2026-06-27,19164.88,card,success,,no_action,False,0.0
PAY004840,CUST00936,2026-05-30,3437.12,upi,success,,no_action,False,0.0
PAY004841,CUST00893,2026-07-31,2100.5,card,failed,timeout,reminder,True,2100.5
PAY004842,CUST00329,2026-03-18,6344.83,card,success,,no_action,False,0.0
PAY004843,CUST00784,2026-08-04,6945.89,card,failed,authentication_failed,payment_link,True,6945.89
PAY004844,CUST00272,2026-04-03,2675.0,netbanking,failed,network_error,reminder,True,2675.0
PAY004845,CUST00632,2026-06-05,16713.44,wallet,success,,no_action,False,0.0
PAY004846,CUST00843,2026-04-27,9419.21,wallet,success,,no_action,False,0.0
PAY004847,CUST00450,2026-03-27,12407.02,wallet,success,,no_action,False,0.0
PAY004848,CUST00705,2026-05-27,23431.64,wallet,failed,network_error,reminder,True,23431.64
PAY004849,CUST00411,2026-06-08,10450.87,card,success,,no_action,False,0.0
PAY004850,CUST00784,2026-03-04,8680.74,wallet,success,,no_action,False,0.0
PAY004851,CUST00382,2026-06-23,5289.2,netbanking,success,,no_action,False,0.0
PAY004852,CUST00101,2026-03-09,23314.81,wallet,success,,no_action,False,0.0
PAY004853,CUST00170,2026-08-12,4261.58,upi,success,,no_action,False,0.0
PAY004854,CUST00950,2026-06-06,19963.06,wallet,failed,expired_card,payment_link,True,19963.06
PAY004855,CUST00908,2026-06-14,6465.68,wallet,success,,no_action,False,0.0
PAY004856,CUST00210,2026-06-23,2557.05,card,success,,no_action,False,0.0
PAY004857,CUST00427,2026-03-24,24050.78,card,failed,card_declined,payment_link,False,0.0
PAY004858,CUST00384,2026-07-12,17704.26,card,success,,no_action,False,0.0
PAY004859,CUST00755,2026-06-12,10154.51,wallet,success,,no_action,False,0.0
PAY004860,CUST00269,2026-07-13,10664.69,wallet,success,,no_action,False,0.0
PAY004861,CUST00579,2026-06-29,1083.61,wallet,success,,no_action,False,0.0
PAY004862,CUST00950,2026-05-08,28819.41,upi,success,,no_action,False,0.0
PAY004863,CUST00555,2026-07-30,18816.79,upi,success,,no_action,False,0.0
PAY004864,CUST00943,2026-03-18,752.55,upi,success,,no_action,False,0.0
PAY004865,CUST00784,2026-04-13,5554.84,netbanking,success,,no_action,False,0.0
PAY004866,CUST00765,2026-04-09,44590.64,card,success,,no_action,False,0.0
PAY004867,CUST00495,2026-07-29,2118.95,card,success,,no_action,False,0.0
PAY004868,CUST00229,2026-08-20,2371.19,netbanking,success,,no_action,False,0.0
PAY004869,CUST00149,2026-06-21,2581.64,card,success,,no_action,False,0.0
PAY004870,CUST00175,2026-04-16,9045.57,wallet,success,,no_action,False,0.0
PAY004871,CUST00021,2026-06-20,16843.53,card,success,,no_action,False,0.0
PAY004872,CUST00714,2026-06-28,3323.11,wallet,success,,no_action,False,0.0
PAY004873,CUST00343,2026-07-09,8681.72,wallet,success,,no_action,False,0.0
PAY004874,CUST00672,2026-06-20,16291.65,netbanking,success,,no_action,False,0.0
PAY004875,CUST00640,2026-04-01,18243.67,card,success,,no_action,False,0.0
PAY004876,CUST00110,2026-03-22,5675.85,wallet,failed,network_error,reminder,True,5675.85
PAY004877,CUST00567,2026-07-02,23225.5,card,failed,insufficient_funds,payment_link,True,23225.5
PAY004878,CUST00217,2026-04-29,2289.41,netbanking,success,,no_action,False,0.0
PAY004879,CUST00097,2026-03-22,860.56,wallet,success,,no_action,False,0.0
PAY004880,CUST00173,2026-06-12,775.14,netbanking,failed,network_error,reminder,False,0.0
PAY004881,CUST00106,2026-07-31,362.64,wallet,success,,no_action,False,0.0
PAY004882,CUST00421,2026-04-21,7809.29,card,success,,no_action,False,0.0
PAY004883,CUST00539,2026-04-09,24933.34,card,success,,no_action,False,0.0
PAY004884,CUST00715,2026-06-15,34114.27,card,success,,no_action,False,0.0
PAY004885,CUST00506,2026-08-19,8709.79,netbanking,success,,no_action,False,0.0
PAY004886,CUST00713,2026-03-28,27215.64,upi,success,,no_action,False,0.0
PAY004887,CUST00822,2026-08-02,3320.78,upi,success,,no_action,False,0.0
PAY004888,CUST00882,2026-03-09,5595.05,card,success,,no_action,False,0.0
PAY004889,CUST00318,2026-08-17,14061.09,card,success,,no_action,False,0.0
PAY004890,CUST00168,2026-05-22,9047.89,netbanking,success,,no_action,False,0.0
PAY004891,CUST00516,2026-06-13,13240.89,upi,success,,no_action,False,0.0
PAY004892,CUST00926,2026-05-08,32080.51,card,success,,no_action,False,0.0
PAY004893,CUST00751,2026-04-06,2664.02,upi,success,,no_action,False,0.0
PAY004894,CUST00149,2026-05-06,3477.57,netbanking,success,,no_action,False,0.0
PAY004895,CUST00072,2026-03-15,3988.38,upi,success,,no_action,False,0.0
PAY004896,CUST00645,2026-03-25,15361.18,netbanking,failed,network_error,reminder,False,0.0
PAY004897,CUST00839,2026-06-09,2096.28,upi,success,,no_action,False,0.0
PAY004898,CUST00831,2026-07-29,22118.06,wallet,success,,no_action,False,0.0
PAY004899,CUST00268,2026-04-20,13158.72,netbanking,success,,no_action,False,0.0
PAY004900,CUST00741,2026-06-05,6522.24,upi,success,,no_action,False,0.0
PAY004901,CUST00223,2026-02-28,9635.21,card,success,,no_action,False,0.0
PAY004902,CUST00917,2026-05-23,14584.68,wallet,success,,no_action,False,0.0
PAY004903,CUST00794,2026-06-15,5537.01,card,success,,no_action,False,0.0
PAY004904,CUST00713,2026-05-08,20850.25,wallet,success,,no_action,False,0.0
PAY004905,CUST00937,2026-08-01,12807.07,card,success,,no_action,False,0.0
PAY004906,CUST00620,2026-04-15,16102.8,wallet,success,,no_action,False,0.0
PAY004907,CUST00337,2026-07-06,5106.61,card,success,,no_action,False,0.0
PAY004908,CUST00066,2026-06-15,19629.62,wallet,success,,no_action,False,0.0
PAY004909,CUST00464,2026-04-01,7110.89,card,success,,no_action,False,0.0
PAY004910,CUST00124,2026-05-15,1873.71,netbanking,failed,timeout,reminder,False,0.0
PAY004911,CUST00136,2026-05-06,26015.37,upi,success,,no_action,False,0.0
PAY004912,CUST00097,2026-04-29,1062.95,upi,failed,insufficient_funds,payment_link,True,1062.95
PAY004913,CUST00190,2026-05-15,5729.57,upi,success,,no_action,False,0.0
PAY004914,CUST00924,2026-05-16,738.62,card,success,,no_action,False,0.0
PAY004915,CUST00298,2026-07-17,26038.25,netbanking,success,,no_action,False,0.0
PAY004916,CUST00894,2026-05-08,2974.22,card,success,,no_action,False,0.0
PAY004917,CUST00251,2026-07-29,12194.82,netbanking,success,,no_action,False,0.0
PAY004918,CUST00316,2026-07-07,15225.83,card,success,,no_action,False,0.0
PAY004919,CUST00437,2026-02-28,16571.42,card,failed,network_error,reminder,False,0.0
PAY004920,CUST00628,2026-04-16,11708.01,netbanking,success,,no_action,False,0.0
PAY004921,CUST00636,2026-05-16,3452.78,card,failed,network_error,reminder,True,3452.78
PAY004922,CUST00851,2026-03-12,16019.97,netbanking,failed,timeout,retry,True,16019.97
PAY004923,CUST00521,2026-03-17,2022.84,upi,success,,no_action,False,0.0
PAY004924,CUST00684,2026-05-18,20224.89,card,success,,no_action,False,0.0
PAY004925,CUST00393,2026-04-13,1735.82,netbanking,success,,no_action,False,0.0
PAY004926,CUST00768,2026-04-11,1288.22,card,success,,no_action,False,0.0
PAY004927,CUST00248,2026-06-03,7617.31,wallet,success,,no_action,False,0.0
PAY004928,CUST00444,2026-04-09,1673.25,wallet,success,,no_action,False,0.0
PAY004929,CUST00584,2026-07-13,8877.77,netbanking,success,,no_action,False,0.0
PAY004930,CUST00393,2026-07-14,2846.58,card,success,,no_action,False,0.0
PAY004931,CUST00802,2026-03-02,831.5,upi,success,,no_action,False,0.0
PAY004932,CUST00856,2026-08-12,11076.27,netbanking,success,,no_action,False,0.0
PAY004933,CUST00647,2026-06-02,18764.23,upi,success,,no_action,False,0.0
PAY004934,CUST00435,2026-04-15,8059.75,upi,success,,no_action,False,0.0
PAY004935,CUST00207,2026-07-13,9286.73,netbanking,success,,no_action,False,0.0
PAY004936,CUST00620,2026-03-24,13052.36,upi,success,,no_action,False,0.0
PAY004937,CUST00962,2026-08-01,8484.77,wallet,success,,no_action,False,0.0
PAY004938,CUST00261,2026-04-11,10670.19,netbanking,success,,no_action,False,0.0
PAY004939,CUST00292,2026-04-12,3433.46,upi,success,,no_action,False,0.0
PAY004940,CUST00393,2026-06-21,4098.18,netbanking,success,,no_action,False,0.0
PAY004941,CUST00276,2026-03-03,6841.4,upi,success,,no_action,False,0.0
PAY004942,CUST00592,2026-02-28,38348.61,netbanking,failed,network_error,reminder,False,0.0
PAY004943,CUST00255,2026-06-14,7232.54,wallet,failed,authentication_failed,payment_link,False,0.0
PAY004944,CUST00291,2026-03-09,4221.63,card,failed,network_error,reminder,True,4221.63
PAY004945,CUST00265,2026-07-16,12356.41,wallet,success,,no_action,False,0.0
PAY004946,CUST00536,2026-07-16,15897.11,netbanking,success,,no_action,False,0.0
PAY004947,CUST00521,2026-05-07,2527.77,wallet,success,,no_action,False,0.0
PAY004948,CUST00292,2026-07-08,4718.71,wallet,success,,no_action,False,0.0
PAY004949,CUST00986,2026-07-26,13755.0,wallet,success,,no_action,False,0.0
PAY004950,CUST00552,2026-03-25,10259.05,card,success,,no_action,False,0.0
PAY004951,CUST00469,2026-03-19,16465.46,card,failed,network_error,retry,True,16465.46
PAY004952,CUST00867,2026-04-22,4876.6,card,success,,no_action,False,0.0
PAY004953,CUST00818,2026-06-20,7243.61,netbanking,success,,no_action,False,0.0
PAY004954,CUST00106,2026-05-20,538.09,netbanking,success,,no_action,False,0.0
PAY004955,CUST00001,2026-07-05,3670.72,netbanking,success,,no_action,False,0.0
PAY004956,CUST00433,2026-05-11,14658.98,wallet,success,,no_action,False,0.0
PAY004957,CUST00268,2026-08-22,10153.69,upi,success,,no_action,False,0.0
PAY004958,CUST00213,2026-05-20,806.69,wallet,success,,no_action,False,0.0
PAY004959,CUST00020,2026-03-02,4023.6,netbanking,success,,no_action,False,0.0
PAY004960,CUST00662,2026-05-16,1616.44,upi,success,,no_action,False,0.0
PAY004961,CUST00047,2026-05-04,2179.6,upi,success,,no_action,False,0.0
PAY004962,CUST00923,2026-08-24,16471.5,card,success,,no_action,False,0.0
PAY004963,CUST00550,2026-03-06,29526.03,upi,failed,network_error,retry,True,29526.03
PAY004964,CUST00865,2026-08-25,2270.39,upi,success,,no_action,False,0.0
PAY004965,CUST00503,2026-05-14,1292.06,wallet,failed,network_error,reminder,False,0.0
PAY004966,CUST00527,2026-04-30,22516.15,wallet,success,,no_action,False,0.0
PAY004967,CUST00530,2026-06-10,6915.84,netbanking,success,,no_action,False,0.0
PAY004968,CUST00881,2026-07-07,6630.79,wallet,success,,no_action,False,0.0
PAY004969,CUST00360,2026-03-19,13520.51,upi,success,,no_action,False,0.0
PAY004970,CUST00023,2026-07-23,3720.12,upi,success,,no_action,False,0.0
PAY004971,CUST00387,2026-08-01,8216.43,netbanking,success,,no_action,False,0.0
PAY004972,CUST00665,2026-07-01,10368.49,netbanking,success,,no_action,False,0.0
PAY004973,CUST00471,2026-06-27,21615.99,netbanking,success,,no_action,False,0.0
PAY004974,CUST00050,2026-04-16,21258.43,wallet,success,,no_action,False,0.0
PAY004975,CUST00766,2026-05-14,10942.19,wallet,success,,no_action,False,0.0
PAY004976,CUST00697,2026-07-29,2302.87,netbanking,success,,no_action,False,0.0
PAY004977,CUST00387,2026-07-13,25662.2,upi,success,,no_action,False,0.0
PAY004978,CUST00074,2026-08-18,8342.89,upi,success,,no_action,False,0.0
PAY004979,CUST00432,2026-03-10,1191.14,card,success,,no_action,False,0.0
PAY004980,CUST00460,2026-05-28,34465.39,wallet,success,,no_action,False,0.0
PAY004981,CUST00473,2026-04-01,9902.02,wallet,failed,card_declined,reminder,False,0.0
PAY004982,CUST00398,2026-07-17,14723.79,netbanking,failed,authentication_failed,reminder,True,14723.79
PAY004983,CUST00937,2026-06-01,20621.19,wallet,failed,expired_card,payment_link,False,0.0
PAY004984,CUST00628,2026-07-04,10555.89,upi,success,,no_action,False,0.0
PAY004985,CUST00730,2026-05-27,24814.92,netbanking,success,,no_action,False,0.0
PAY004986,CUST00869,2026-03-05,23586.52,netbanking,success,,no_action,False,0.0
PAY004987,CUST00986,2026-06-25,32648.14,upi,success,,no_action,False,0.0
PAY004988,CUST00430,2026-06-28,7636.43,netbanking,failed,insufficient_funds,payment_link,False,0.0
PAY004989,CUST00432,2026-05-15,1251.31,wallet,success,,no_action,False,0.0
PAY004990,CUST00612,2026-06-26,1063.39,card,success,,no_action,False,0.0
PAY004991,CUST00785,2026-04-20,8102.19,upi,success,,no_action,False,0.0
PAY004992,CUST00061,2026-03-09,759.6,card,success,,no_action,False,0.0
PAY004993,CUST00585,2026-05-28,15337.82,netbanking,failed,network_error,payment_link,True,15337.82
PAY004994,CUST00744,2026-05-24,10520.99,netbanking,success,,no_action,False,0.0
PAY004995,CUST00251,2026-06-14,13649.85,netbanking,success,,no_action,False,0.0
PAY004996,CUST00375,2026-06-16,8793.97,upi,failed,card_declined,reminder,False,0.0
PAY004997,CUST00033,2026-03-07,6121.0,card,success,,no_action,False,0.0
PAY004998,CUST00267,2026-04-29,2149.37,card,success,,no_action,False,0.0
PAY004999,CUST00835,2026-08-15,12260.38,netbanking,success,,no_action,False,0.0
PAY005000,CUST00371,2026-03-18,9895.76,wallet,success,,no_action,False,0.0
PAY005001,CUST00089,2026-06-20,15790.18,card,failed,expired_card,payment_link,True,15790.18
PAY005002,CUST00807,2026-05-15,18336.59,card,success,,no_action,False,0.0
PAY005003,CUST00482,2026-03-21,16950.97,wallet,success,,no_action,False,0.0
PAY005004,CUST00523,2026-05-08,1568.48,wallet,success,,no_action,False,0.0
PAY005005,CUST00738,2026-06-11,4616.08,wallet,success,,no_action,False,0.0
PAY005006,CUST00410,2026-04-04,15712.12,wallet,success,,no_action,False,0.0
PAY005007,CUST00726,2026-06-09,4432.81,card,failed,timeout,reminder,True,4432.81
PAY005008,CUST00352,2026-08-03,38084.54,card,success,,no_action,False,0.0
PAY005009,CUST00070,2026-08-24,8281.71,netbanking,success,,no_action,False,0.0
PAY005010,CUST00239,2026-04-14,22667.54,upi,success,,no_action,False,0.0
PAY005011,CUST00509,2026-06-29,885.16,wallet,failed,insufficient_funds,payment_link,True,885.16
PAY005012,CUST00697,2026-05-27,2514.59,upi,failed,insufficient_funds,payment_link,True,2514.59
PAY005013,CUST00069,2026-03-06,10709.02,upi,failed,authentication_failed,payment_link,True,10709.02
PAY005014,CUST00316,2026-07-27,13229.25,upi,success,,no_action,False,0.0
PAY005015,CUST00859,2026-07-04,13223.75,card,success,,no_action,False,0.0
PAY005016,CUST00348,2026-02-26,12971.1,netbanking,success,,no_action,False,0.0
PAY005017,CUST00193,2026-05-09,582.52,netbanking,success,,no_action,False,0.0
PAY005018,CUST00106,2026-06-29,1067.8,upi,failed,card_declined,payment_link,False,0.0
PAY005019,CUST00661,2026-03-19,11724.42,upi,success,,no_action,False,0.0
PAY005020,CUST00551,2026-07-03,16668.35,wallet,success,,no_action,False,0.0
PAY005021,CUST00491,2026-03-21,6869.4,netbanking,success,,no_action,False,0.0
PAY005022,CUST00993,2026-05-27,4745.37,upi,success,,no_action,False,0.0
PAY005023,CUST00527,2026-06-13,27213.81,netbanking,success,,no_action,False,0.0
PAY005024,CUST00791,2026-08-04,14694.73,netbanking,success,,no_action,False,0.0
PAY005025,CUST00959,2026-08-22,10400.18,netbanking,success,,no_action,False,0.0
PAY005026,CUST00122,2026-07-23,12736.29,netbanking,failed,authentication_failed,reminder,True,12736.29
PAY005027,CUST00536,2026-08-18,15987.53,netbanking,success,,no_action,False,0.0
PAY005028,CUST00813,2026-07-08,32418.88,wallet,success,,no_action,False,0.0
PAY005029,CUST00860,2026-05-25,12679.73,card,success,,no_action,False,0.0
PAY005030,CUST00777,2026-05-16,16600.65,upi,failed,insufficient_funds,payment_link,False,0.0
PAY005031,CUST00546,2026-03-08,11743.16,card,success,,no_action,False,0.0
PAY005032,CUST00750,2026-03-30,25387.88,card,failed,network_error,reminder,True,25387.88
PAY005033,CUST00721,2026-04-07,3182.81,upi,success,,no_action,False,0.0
PAY005034,CUST00106,2026-03-11,528.97,wallet,failed,card_declined,payment_link,False,0.0
PAY005035,CUST00861,2026-07-07,2456.12,card,success,,no_action,False,0.0
PAY005036,CUST00322,2026-03-20,10294.83,netbanking,success,,no_action,False,0.0
PAY005037,CUST00303,2026-04-30,6088.38,wallet,success,,no_action,False,0.0
PAY005038,CUST00086,2026-03-11,3012.3,netbanking,success,,no_action,False,0.0
PAY005039,CUST00976,2026-03-07,21478.53,card,success,,no_action,False,0.0
PAY005040,CUST00195,2026-07-12,32975.94,card,success,,no_action,False,0.0
PAY005041,CUST00091,2026-06-10,2329.52,card,failed,authentication_failed,payment_link,False,0.0
PAY005042,CUST00370,2026-06-10,1627.7,netbanking,success,,no_action,False,0.0
PAY005043,CUST00760,2026-05-15,21583.93,wallet,success,,no_action,False,0.0
PAY005044,CUST00334,2026-03-23,13137.16,upi,success,,no_action,False,0.0
PAY005045,CUST00145,2026-04-06,3320.51,wallet,failed,authentication_failed,reminder,True,3320.51
PAY005046,CUST00057,2026-03-24,7879.01,card,success,,no_action,False,0.0
PAY005047,CUST00940,2026-03-21,39061.93,wallet,failed,network_error,reminder,False,0.0
PAY005048,CUST00018,2026-05-01,18951.28,upi,success,,no_action,False,0.0
PAY005049,CUST00138,2026-04-03,7159.17,card,success,,no_action,False,0.0
PAY005050,CUST00428,2026-08-07,36530.21,upi,success,,no_action,False,0.0
PAY005051,CUST00831,2026-08-08,6330.18,wallet,success,,no_action,False,0.0
PAY005052,CUST00412,2026-08-06,28356.05,wallet,failed,insufficient_funds,reminder,True,28356.05
PAY005053,CUST00278,2026-03-20,24938.96,wallet,success,,no_action,False,0.0
PAY005054,CUST00764,2026-08-07,15079.18,upi,success,,no_action,False,0.0
PAY005055,CUST00649,2026-03-31,11286.4,netbanking,success,,no_action,False,0.0
PAY005056,CUST00565,2026-03-05,1880.79,upi,success,,no_action,False,0.0
PAY005057,CUST00048,2026-08-02,15327.61,wallet,failed,expired_card,payment_link,False,0.0
PAY005058,CUST00506,2026-03-29,7635.61,upi,success,,no_action,False,0.0
PAY005059,CUST00149,2026-05-22,1998.97,netbanking,success,,no_action,False,0.0
PAY005060,CUST00191,2026-07-07,19056.69,netbanking,success,,no_action,False,0.0
PAY005061,CUST00906,2026-04-04,11938.64,card,success,,no_action,False,0.0
PAY005062,CUST00936,2026-03-09,2429.9,card,success,,no_action,False,0.0
PAY005063,CUST00295,2026-04-13,13019.46,card,success,,no_action,False,0.0
PAY005064,CUST00269,2026-06-08,32460.96,netbanking,failed,expired_card,payment_link,True,32460.96
PAY005065,CUST00710,2026-07-24,5375.03,netbanking,success,,no_action,False,0.0
PAY005066,CUST00024,2026-08-21,6940.77,netbanking,success,,no_action,False,0.0
PAY005067,CUST00266,2026-06-05,17919.41,upi,success,,no_action,False,0.0
PAY005068,CUST00338,2026-07-19,5306.1,upi,success,,no_action,False,0.0
PAY005069,CUST00504,2026-08-23,8349.87,wallet,failed,network_error,reminder,True,8349.87
PAY005070,CUST00934,2026-06-05,4744.76,upi,success,,no_action,False,0.0
PAY005071,CUST00675,2026-03-30,9048.73,card,success,,no_action,False,0.0
PAY005072,CUST00907,2026-03-23,8200.67,card,success,,no_action,False,0.0
PAY005073,CUST00819,2026-02-28,14954.85,upi,success,,no_action,False,0.0
PAY005074,CUST00945,2026-06-20,16243.87,netbanking,success,,no_action,False,0.0
PAY005075,CUST00925,2026-07-06,26655.68,card,failed,authentication_failed,payment_link,True,26655.68
PAY005076,CUST00018,2026-05-19,14327.2,netbanking,failed,authentication_failed,reminder,True,14327.2
PAY005077,CUST00748,2026-07-21,38141.62,upi,success,,no_action,False,0.0
PAY005078,CUST00297,2026-07-20,3520.93,card,success,,no_action,False,0.0
PAY005079,CUST00749,2026-03-30,30244.43,card,failed,card_declined,payment_link,True,30244.43
PAY005080,CUST00575,2026-08-08,15355.25,card,failed,network_error,reminder,True,15355.25
PAY005081,CUST00058,2026-03-30,5677.17,netbanking,success,,no_action,False,0.0
PAY005082,CUST00674,2026-07-08,9244.12,netbanking,success,,no_action,False,0.0
PAY005083,CUST00414,2026-08-14,1026.0,wallet,failed,expired_card,payment_link,True,1026.0
PAY005084,CUST00153,2026-04-09,7556.8,upi,failed,card_declined,payment_link,False,0.0
PAY005085,CUST00735,2026-03-26,22353.01,card,success,,no_action,False,0.0
PAY005086,CUST00540,2026-07-06,1277.82,upi,success,,no_action,False,0.0
PAY005087,CUST00527,2026-05-13,28450.26,netbanking,success,,no_action,False,0.0
PAY005088,CUST00698,2026-07-04,870.97,wallet,success,,no_action,False,0.0
PAY005089,CUST00019,2026-07-17,15634.68,wallet,success,,no_action,False,0.0
PAY005090,CUST00225,2026-07-23,2131.62,netbanking,success,,no_action,False,0.0
PAY005091,CUST00487,2026-04-26,14152.39,netbanking,success,,no_action,False,0.0
PAY005092,CUST00366,2026-05-25,2077.74,wallet,success,,no_action,False,0.0
PAY005093,CUST00701,2026-04-07,16383.95,netbanking,success,,no_action,False,0.0
PAY005094,CUST00946,2026-06-23,8262.04,netbanking,success,,no_action,False,0.0
PAY005095,CUST00989,2026-08-20,17033.66,netbanking,success,,no_action,False,0.0
PAY005096,CUST00066,2026-05-19,16134.68,wallet,failed,card_declined,reminder,True,16134.68
PAY005097,CUST00779,2026-08-02,13140.58,card,failed,timeout,payment_link,True,13140.58
PAY005098,CUST00634,2026-06-10,1100.75,upi,success,,no_action,False,0.0
PAY005099,CUST00365,2026-05-28,4552.69,netbanking,success,,no_action,False,0.0
PAY005100,CUST00798,2026-06-18,1741.53,card,success,,no_action,False,0.0
PAY005101,CUST00543,2026-02-28,6638.29,wallet,success,,no_action,False,0.0
PAY005102,CUST00936,2026-07-05,3368.43,upi,success,,no_action,False,0.0
PAY005103,CUST00838,2026-03-26,1549.87,upi,success,,no_action,False,0.0
PAY005104,CUST00406,2026-08-11,13887.28,card,failed,expired_card,reminder,True,13887.28
PAY005105,CUST00655,2026-05-08,7965.95,upi,success,,no_action,False,0.0
PAY005106,CUST00149,2026-08-14,2935.35,upi,success,,no_action,False,0.0
PAY005107,CUST00615,2026-06-11,13894.34,upi,success,,no_action,False,0.0
PAY005108,CUST00567,2026-08-22,32316.33,netbanking,success,,no_action,False,0.0
PAY005109,CUST00051,2026-05-07,433.33,card,failed,authentication_failed,payment_link,False,0.0
PAY005110,CUST00009,2026-03-16,19161.61,netbanking,success,,no_action,False,0.0
PAY005111,CUST00859,2026-06-18,10532.29,netbanking,success,,no_action,False,0.0
PAY005112,CUST00766,2026-06-30,13174.25,wallet,success,,no_action,False,0.0
PAY005113,CUST00107,2026-05-06,34818.78,netbanking,success,,no_action,False,0.0
PAY005114,CUST00427,2026-06-17,29209.55,upi,failed,insufficient_funds,escalate,False,0.0
PAY005115,CUST00497,2026-04-02,12628.47,netbanking,failed,network_error,reminder,True,12628.47
PAY005116,CUST00508,2026-08-23,8927.74,upi,success,,no_action,False,0.0
PAY005117,CUST00874,2026-03-14,9239.99,netbanking,success,,no_action,False,0.0
PAY005118,CUST00110,2026-08-05,5613.49,netbanking,success,,no_action,False,0.0
PAY005119,CUST00948,2026-04-10,1471.91,upi,failed,expired_card,reminder,False,0.0
PAY005120,CUST00088,2026-08-11,14503.1,netbanking,success,,no_action,False,0.0
PAY005121,CUST00859,2026-03-03,6056.56,upi,success,,no_action,False,0.0
PAY005122,CUST00690,2026-03-20,14444.34,netbanking,success,,no_action,False,0.0
PAY005123,CUST00937,2026-06-12,16903.8,upi,success,,no_action,False,0.0
PAY005124,CUST00267,2026-07-07,4867.91,wallet,success,,no_action,False,0.0
PAY005125,CUST00274,2026-02-26,936.56,netbanking,success,,no_action,False,0.0
PAY005126,CUST00457,2026-07-20,6096.27,card,failed,expired_card,payment_link,True,6096.27
PAY005127,CUST00714,2026-03-14,10236.11,card,success,,no_action,False,0.0
PAY005128,CUST00468,2026-08-21,16010.07,upi,success,,no_action,False,0.0
PAY005129,CUST00284,2026-05-15,13447.45,netbanking,success,,no_action,False,0.0
PAY005130,CUST00619,2026-05-07,17689.13,card,success,,no_action,False,0.0
PAY005131,CUST00635,2026-08-17,7359.51,upi,success,,no_action,False,0.0
PAY005132,CUST00779,2026-06-19,16983.23,netbanking,failed,network_error,payment_link,True,16983.23
PAY005133,CUST00445,2026-05-18,2757.51,netbanking,success,,no_action,False,0.0
PAY005134,CUST00597,2026-08-01,15170.27,netbanking,success,,no_action,False,0.0
PAY005135,CUST00270,2026-05-15,5252.07,upi,success,,no_action,False,0.0
PAY005136,CUST00228,2026-06-11,16135.68,wallet,failed,insufficient_funds,payment_link,True,16135.68
PAY005137,CUST00820,2026-07-25,3995.65,upi,failed,timeout,reminder,True,3995.65
PAY005138,CUST00273,2026-08-22,16056.94,card,success,,no_action,False,0.0
PAY005139,CUST00247,2026-07-27,5376.13,netbanking,failed,expired_card,reminder,True,5376.13
PAY005140,CUST00475,2026-05-22,1115.89,card,success,,no_action,False,0.0
PAY005141,CUST00659,2026-04-25,13184.93,netbanking,success,,no_action,False,0.0
PAY005142,CUST00785,2026-08-13,6297.16,upi,success,,no_action,False,0.0
PAY005143,CUST00269,2026-05-27,41029.55,wallet,success,,no_action,False,0.0
PAY005144,CUST00966,2026-03-24,2347.62,netbanking,success,,no_action,False,0.0
PAY005145,CUST00229,2026-08-07,3776.02,netbanking,success,,no_action,False,0.0
PAY005146,CUST00500,2026-06-01,390.76,netbanking,success,,no_action,False,0.0
PAY005147,CUST00479,2026-04-04,21264.12,upi,failed,expired_card,payment_link,True,21264.12
PAY005148,CUST00550,2026-05-25,18902.46,card,failed,timeout,retry,True,18902.46
PAY005149,CUST00498,2026-05-29,18226.28,netbanking,success,,no_action,False,0.0
PAY005150,CUST00951,2026-07-11,7572.3,wallet,success,,no_action,False,0.0
PAY005151,CUST00792,2026-06-11,2010.71,netbanking,failed,insufficient_funds,payment_link,False,0.0
PAY005152,CUST00172,2026-05-13,2099.29,netbanking,success,,no_action,False,0.0
PAY005153,CUST00019,2026-06-08,25680.53,wallet,success,,no_action,False,0.0
PAY005154,CUST00827,2026-07-02,4673.91,card,success,,no_action,False,0.0
PAY005155,CUST00686,2026-05-11,13984.04,wallet,failed,timeout,reminder,True,13984.04
PAY005156,CUST00128,2026-07-03,13352.34,netbanking,failed,authentication_failed,payment_link,True,13352.34
PAY005157,CUST00962,2026-06-09,6139.79,netbanking,success,,no_action,False,0.0
PAY005158,CUST00038,2026-03-17,23022.87,wallet,success,,no_action,False,0.0
PAY005159,CUST00472,2026-03-05,3598.86,netbanking,success,,no_action,False,0.0
PAY005160,CUST00675,2026-08-10,12285.89,wallet,failed,network_error,reminder,True,12285.89
PAY005161,CUST00277,2026-06-16,9946.5,card,success,,no_action,False,0.0
PAY005162,CUST00718,2026-03-23,4394.43,netbanking,success,,no_action,False,0.0
PAY005163,CUST00408,2026-05-30,13743.74,upi,success,,no_action,False,0.0
PAY005164,CUST00593,2026-08-18,10974.89,wallet,success,,no_action,False,0.0
PAY005165,CUST00256,2026-04-28,1882.74,netbanking,failed,network_error,reminder,True,1882.74
PAY005166,CUST00377,2026-03-12,841.72,wallet,success,,no_action,False,0.0
PAY005167,CUST00466,2026-07-13,18345.95,upi,success,,no_action,False,0.0
PAY005168,CUST00220,2026-05-25,6978.83,upi,success,,no_action,False,0.0
PAY005169,CUST00840,2026-08-01,27021.08,card,success,,no_action,False,0.0
PAY005170,CUST00008,2026-08-07,16452.24,wallet,failed,expired_card,reminder,True,16452.24
PAY005171,CUST00318,2026-08-17,15822.2,upi,success,,no_action,False,0.0
PAY005172,CUST00946,2026-03-14,13931.56,wallet,success,,no_action,False,0.0
PAY005173,CUST00974,2026-03-03,23173.95,netbanking,success,,no_action,False,0.0
PAY005174,CUST00201,2026-06-22,4906.86,card,success,,no_action,False,0.0
PAY005175,CUST00690,2026-05-30,8375.88,upi,failed,timeout,reminder,True,8375.88
PAY005176,CUST00575,2026-05-24,16887.04,card,success,,no_action,False,0.0
PAY005177,CUST00186,2026-06-26,550.7,wallet,success,,no_action,False,0.0
PAY005178,CUST00830,2026-07-05,15007.23,card,success,,no_action,False,0.0
PAY005179,CUST00885,2026-07-25,10562.51,wallet,success,,no_action,False,0.0
PAY005180,CUST00107,2026-08-05,27432.84,upi,failed,card_declined,reminder,True,27432.84
PAY005181,CUST00674,2026-04-07,10307.79,upi,success,,no_action,False,0.0
PAY005182,CUST00825,2026-04-04,11945.95,wallet,failed,authentication_failed,reminder,True,11945.95
PAY005183,CUST00864,2026-05-18,24101.98,netbanking,failed,expired_card,reminder,True,24101.98
PAY005184,CUST00463,2026-06-01,15742.18,netbanking,success,,no_action,False,0.0
PAY005185,CUST00717,2026-08-20,19113.78,upi,success,,no_action,False,0.0
PAY005186,CUST00839,2026-03-22,10462.33,card,success,,no_action,False,0.0
PAY005187,CUST00817,2026-06-03,1663.7,netbanking,success,,no_action,False,0.0
PAY005188,CUST00944,2026-04-03,14261.01,card,success,,no_action,False,0.0
PAY005189,CUST00060,2026-08-10,14480.43,upi,success,,no_action,False,0.0
PAY005190,CUST00659,2026-06-15,6404.48,upi,success,,no_action,False,0.0
PAY005191,CUST00526,2026-07-13,17582.31,netbanking,success,,no_action,False,0.0
PAY005192,CUST00798,2026-08-16,3004.79,card,success,,no_action,False,0.0
PAY005193,CUST00138,2026-03-17,3963.36,upi,success,,no_action,False,0.0
PAY005194,CUST00268,2026-03-13,10429.71,upi,success,,no_action,False,0.0
PAY005195,CUST00921,2026-06-19,11728.03,card,success,,no_action,False,0.0
PAY005196,CUST00174,2026-07-06,6297.94,card,success,,no_action,False,0.0
PAY005197,CUST00494,2026-06-25,1669.28,wallet,success,,no_action,False,0.0
PAY005198,CUST00930,2026-06-17,683.81,card,failed,timeout,retry,True,683.81
PAY005199,CUST00112,2026-06-02,32472.99,upi,success,,no_action,False,0.0
PAY005200,CUST00148,2026-06-29,5219.12,wallet,success,,no_action,False,0.0
PAY005201,CUST00706,2026-04-14,12129.99,card,success,,no_action,False,0.0
PAY005202,CUST00982,2026-07-08,12346.64,netbanking,success,,no_action,False,0.0
PAY005203,CUST00405,2026-03-24,1308.69,card,success,,no_action,False,0.0
PAY005204,CUST00514,2026-08-16,3773.06,card,success,,no_action,False,0.0
PAY005205,CUST00166,2026-08-12,738.74,wallet,success,,no_action,False,0.0
PAY005206,CUST00337,2026-03-25,7378.55,wallet,success,,no_action,False,0.0
PAY005207,CUST00603,2026-05-19,18247.54,card,success,,no_action,False,0.0
PAY005208,CUST00736,2026-05-01,23112.95,card,success,,no_action,False,0.0
PAY005209,CUST00816,2026-06-30,1806.71,card,failed,timeout,reminder,True,1806.71
PAY005210,CUST00661,2026-03-27,13882.15,netbanking,success,,no_action,False,0.0
PAY005211,CUST00723,2026-03-29,22123.39,wallet,success,,no_action,False,0.0
PAY005212,CUST00566,2026-07-15,5827.81,card,success,,no_action,False,0.0
PAY005213,CUST00146,2026-02-28,24834.69,wallet,success,,no_action,False,0.0
PAY005214,CUST00474,2026-03-15,16614.03,netbanking,success,,no_action,False,0.0
PAY005215,CUST00613,2026-06-07,2058.53,upi,success,,no_action,False,0.0
PAY005216,CUST00747,2026-02-26,21083.53,upi,success,,no_action,False,0.0
PAY005217,CUST00144,2026-07-22,6471.49,upi,success,,no_action,False,0.0
PAY005218,CUST00753,2026-05-07,845.0,wallet,success,,no_action,False,0.0
PAY005219,CUST00527,2026-07-30,23876.74,card,success,,no_action,False,0.0
PAY005220,CUST00238,2026-08-04,1857.78,upi,failed,expired_card,reminder,True,1857.78
PAY005221,CUST00655,2026-05-29,32627.59,card,success,,no_action,False,0.0
PAY005222,CUST00460,2026-05-23,30397.51,card,success,,no_action,False,0.0
PAY005223,CUST00941,2026-04-22,15940.47,netbanking,success,,no_action,False,0.0
PAY005224,CUST00791,2026-03-10,16573.07,card,failed,timeout,retry,True,16573.07
PAY005225,CUST00930,2026-07-15,826.28,card,success,,no_action,False,0.0
PAY005226,CUST00251,2026-08-07,15745.82,netbanking,success,,no_action,False,0.0
PAY005227,CUST00597,2026-03-01,17322.07,wallet,success,,no_action,False,0.0
PAY005228,CUST00955,2026-07-02,17486.05,wallet,success,,no_action,False,0.0
PAY005229,CUST00084,2026-06-11,44124.77,wallet,failed,card_declined,payment_link,True,44124.77
PAY005230,CUST00513,2026-05-01,21810.26,netbanking,success,,no_action,False,0.0
PAY005231,CUST00932,2026-03-21,3196.69,wallet,success,,no_action,False,0.0
PAY005232,CUST00987,2026-08-06,6011.11,upi,success,,no_action,False,0.0
PAY005233,CUST00569,2026-06-20,7827.07,netbanking,success,,no_action,False,0.0
PAY005234,CUST00395,2026-06-09,4209.47,wallet,success,,no_action,False,0.0
PAY005235,CUST00469,2026-02-28,17772.41,wallet,failed,network_error,retry,False,0.0
PAY005236,CUST00398,2026-03-18,13910.45,wallet,failed,timeout,reminder,False,0.0
PAY005237,CUST00655,2026-04-12,23089.65,wallet,failed,insufficient_funds,payment_link,True,23089.65
PAY005238,CUST00271,2026-07-03,1808.19,wallet,success,,no_action,False,0.0
PAY005239,CUST00918,2026-02-26,12571.57,netbanking,failed,expired_card,payment_link,True,12571.57
PAY005240,CUST00310,2026-08-24,4081.95,card,success,,no_action,False,0.0
PAY005241,CUST00895,2026-04-22,4021.24,wallet,success,,no_action,False,0.0
PAY005242,CUST00864,2026-05-24,22219.19,netbanking,success,,no_action,False,0.0
PAY005243,CUST00866,2026-03-11,12300.9,netbanking,success,,no_action,False,0.0
PAY005244,CUST00466,2026-06-28,14376.77,netbanking,failed,timeout,reminder,False,0.0
PAY005245,CUST00424,2026-03-11,629.77,card,success,,no_action,False,0.0
PAY005246,CUST00496,2026-06-21,3240.88,wallet,success,,no_action,False,0.0
PAY005247,CUST00371,2026-05-26,8409.78,netbanking,success,,no_action,False,0.0
PAY005248,CUST00429,2026-06-05,4037.28,wallet,success,,no_action,False,0.0
PAY005249,CUST00700,2026-05-23,1566.21,upi,success,,no_action,False,0.0
PAY005250,CUST00275,2026-07-31,23013.26,upi,success,,no_action,False,0.0
PAY005251,CUST00520,2026-05-26,5632.27,netbanking,failed,network_error,reminder,True,5632.27
PAY005252,CUST00760,2026-08-11,12413.48,wallet,failed,timeout,retry,True,12413.48
PAY005253,CUST00736,2026-07-08,23199.21,wallet,success,,no_action,False,0.0
PAY005254,CUST00136,2026-06-19,37459.64,wallet,success,,no_action,False,0.0
PAY005255,CUST00905,2026-06-25,3976.37,wallet,failed,network_error,retry,True,3976.37
PAY005256,CUST00042,2026-04-24,11870.51,wallet,success,,no_action,False,0.0
PAY005257,CUST00509,2026-06-19,719.16,wallet,success,,no_action,False,0.0
PAY005258,CUST00072,2026-07-17,4889.56,wallet,failed,expired_card,reminder,True,4889.56
PAY005259,CUST00612,2026-08-14,1109.89,wallet,success,,no_action,False,0.0
PAY005260,CUST00813,2026-04-08,35482.43,upi,success,,no_action,False,0.0
PAY005261,CUST00238,2026-04-28,1628.88,upi,success,,no_action,False,0.0
PAY005262,CUST00054,2026-06-03,3781.88,upi,success,,no_action,False,0.0
PAY005263,CUST00024,2026-06-02,5558.64,wallet,failed,insufficient_funds,payment_link,False,0.0
PAY005264,CUST00580,2026-02-26,21808.7,upi,success,,no_action,False,0.0
PAY005265,CUST00409,2026-04-15,7978.22,netbanking,success,,no_action,False,0.0
PAY005266,CUST00350,2026-04-01,11329.45,netbanking,failed,authentication_failed,reminder,True,11329.45
PAY005267,CUST00518,2026-03-10,22405.36,netbanking,success,,no_action,False,0.0
PAY005268,CUST00034,2026-07-18,5706.78,netbanking,success,,no_action,False,0.0
PAY005269,CUST00345,2026-05-24,6233.65,netbanking,success,,no_action,False,0.0
PAY005270,CUST00252,2026-05-29,30369.81,card,success,,no_action,False,0.0
PAY005271,CUST00359,2026-05-19,5790.26,netbanking,failed,authentication_failed,payment_link,False,0.0
PAY005272,CUST00254,2026-03-05,1962.61,netbanking,failed,expired_card,payment_link,True,1962.61
PAY005273,CUST00492,2026-08-08,10993.75,wallet,success,,no_action,False,0.0
PAY005274,CUST00984,2026-07-27,10638.08,upi,success,,no_action,False,0.0
PAY005275,CUST00974,2026-04-30,19673.21,upi,success,,no_action,False,0.0
PAY005276,CUST00910,2026-05-20,4284.51,card,success,,no_action,False,0.0
PAY005277,CUST00574,2026-07-23,10359.18,wallet,failed,card_declined,payment_link,False,0.0
PAY005278,CUST00678,2026-07-08,14941.14,wallet,success,,no_action,False,0.0
PAY005279,CUST00509,2026-04-07,1223.51,upi,failed,timeout,reminder,True,1223.51
PAY005280,CUST00825,2026-03-26,19642.71,wallet,success,,no_action,False,0.0
PAY005281,CUST00486,2026-03-27,43387.54,wallet,success,,no_action,False,0.0
PAY005282,CUST00438,2026-07-05,28656.39,upi,success,,no_action,False,0.0
PAY005283,CUST00007,2026-05-19,17497.95,wallet,success,,no_action,False,0.0
PAY005284,CUST00081,2026-08-20,22266.49,wallet,success,,no_action,False,0.0
PAY005285,CUST00082,2026-08-25,20117.78,upi,failed,card_declined,payment_link,False,0.0
PAY005286,CUST00672,2026-05-30,16387.98,wallet,success,,no_action,False,0.0
PAY005287,CUST00970,2026-05-07,2799.07,netbanking,success,,no_action,False,0.0
PAY005288,CUST00543,2026-05-05,6718.07,card,success,,no_action,False,0.0
PAY005289,CUST00416,2026-06-25,8705.37,wallet,success,,no_action,False,0.0
PAY005290,CUST00328,2026-06-09,13175.37,card,success,,no_action,False,0.0
PAY005291,CUST00698,2026-04-10,669.06,wallet,success,,no_action,False,0.0
PAY005292,CUST00846,2026-07-12,32758.61,wallet,success,,no_action,False,0.0
PAY005293,CUST00931,2026-07-14,6282.91,netbanking,success,,no_action,False,0.0
PAY005294,CUST00955,2026-07-02,19220.34,card,failed,expired_card,payment_link,True,19220.34
PAY005295,CUST00146,2026-08-09,18909.19,upi,failed,card_declined,payment_link,True,18909.19
PAY005296,CUST00011,2026-07-28,1850.14,netbanking,success,,no_action,False,0.0
PAY005297,CUST00158,2026-06-30,13939.3,upi,success,,no_action,False,0.0
PAY005298,CUST00078,2026-03-23,3517.87,netbanking,success,,no_action,False,0.0
PAY005299,CUST00636,2026-05-30,6262.5,wallet,success,,no_action,False,0.0
PAY005300,CUST00046,2026-03-05,4943.8,wallet,failed,network_error,reminder,False,0.0
PAY005301,CUST00633,2026-07-22,4084.02,upi,success,,no_action,False,0.0
PAY005302,CUST00134,2026-05-27,799.86,upi,success,,no_action,False,0.0
PAY005303,CUST00130,2026-04-05,1701.83,upi,success,,no_action,False,0.0
PAY005304,CUST00993,2026-07-25,2095.14,netbanking,failed,card_declined,payment_link,False,0.0
PAY005305,CUST00349,2026-03-24,9508.46,upi,success,,no_action,False,0.0
PAY005306,CUST00352,2026-04-21,9141.16,netbanking,failed,insufficient_funds,payment_link,True,9141.16
PAY005307,CUST00822,2026-07-29,2364.06,wallet,success,,no_action,False,0.0
PAY005308,CUST00169,2026-06-23,17581.54,wallet,success,,no_action,False,0.0
PAY005309,CUST00310,2026-05-13,8664.93,card,failed,expired_card,reminder,False,0.0
PAY005310,CUST00575,2026-03-31,18645.27,wallet,success,,no_action,False,0.0
PAY005311,CUST00355,2026-07-15,5758.4,card,success,,no_action,False,0.0
PAY005312,CUST00244,2026-04-27,9521.99,wallet,success,,no_action,False,0.0
PAY005313,CUST00778,2026-05-03,678.64,wallet,failed,network_error,reminder,True,678.64
PAY005314,CUST00305,2026-05-24,4943.48,netbanking,success,,no_action,False,0.0
PAY005315,CUST00881,2026-06-02,5669.63,wallet,success,,no_action,False,0.0
PAY005316,CUST00371,2026-06-09,14914.48,wallet,success,,no_action,False,0.0
PAY005317,CUST00771,2026-08-02,16606.88,card,success,,no_action,False,0.0
PAY005318,CUST00938,2026-07-12,14863.47,card,failed,card_declined,payment_link,True,14863.47
PAY005319,CUST00663,2026-06-13,14926.98,netbanking,success,,no_action,False,0.0
PAY005320,CUST00985,2026-03-10,21517.13,card,success,,no_action,False,0.0
PAY005321,CUST00582,2026-06-29,16765.72,wallet,success,,no_action,False,0.0
PAY005322,CUST00234,2026-05-10,11121.05,wallet,success,,no_action,False,0.0
PAY005323,CUST00901,2026-05-03,19027.83,upi,success,,no_action,False,0.0
PAY005324,CUST00609,2026-07-29,19376.73,upi,failed,card_declined,reminder,True,19376.73
PAY005325,CUST00237,2026-03-23,2538.63,netbanking,failed,timeout,retry,False,0.0
PAY005326,CUST00696,2026-04-28,28722.15,netbanking,success,,no_action,False,0.0
PAY005327,CUST00112,2026-04-13,35299.66,wallet,success,,no_action,False,0.0
PAY005328,CUST00406,2026-05-21,11988.55,netbanking,failed,expired_card,reminder,True,11988.55
PAY005329,CUST00432,2026-07-09,709.01,card,success,,no_action,False,0.0
PAY005330,CUST00273,2026-05-21,11690.04,upi,failed,card_declined,payment_link,True,11690.04
PAY005331,CUST00626,2026-07-13,9269.19,wallet,failed,card_declined,reminder,True,9269.19
PAY005332,CUST00653,2026-08-10,6478.47,upi,success,,no_action,False,0.0
PAY005333,CUST00781,2026-03-19,3102.65,wallet,failed,network_error,retry,True,3102.65
PAY005334,CUST00362,2026-03-03,21158.66,upi,success,,no_action,False,0.0
PAY005335,CUST00809,2026-06-25,5993.88,upi,success,,no_action,False,0.0
PAY005336,CUST00747,2026-02-28,20283.56,upi,success,,no_action,False,0.0
PAY005337,CUST00044,2026-08-25,13364.38,card,success,,no_action,False,0.0
PAY005338,CUST00995,2026-06-22,499.98,card,success,,no_action,False,0.0
PAY005339,CUST00417,2026-06-21,8765.11,netbanking,success,,no_action,False,0.0
PAY005340,CUST00516,2026-08-25,21911.14,wallet,success,,no_action,False,0.0
PAY005341,CUST00333,2026-05-09,694.01,card,success,,no_action,False,0.0
PAY005342,CUST00181,2026-08-03,9346.86,upi,success,,no_action,False,0.0
PAY005343,CUST00505,2026-06-19,2779.93,card,success,,no_action,False,0.0
PAY005344,CUST00974,2026-05-05,13005.69,netbanking,success,,no_action,False,0.0
PAY005345,CUST00969,2026-07-26,7708.45,netbanking,failed,timeout,retry,True,7708.45
PAY005346,CUST00020,2026-04-21,3440.54,netbanking,success,,no_action,False,0.0
PAY005347,CUST00758,2026-07-07,16276.88,upi,failed,timeout,reminder,True,16276.88
PAY005348,CUST00481,2026-04-17,9496.22,upi,success,,no_action,False,0.0
PAY005349,CUST00255,2026-06-29,10361.86,card,failed,card_declined,escalate,True,10361.86
PAY005350,CUST00239,2026-08-06,11502.85,netbanking,success,,no_action,False,0.0
PAY005351,CUST00920,2026-04-12,22255.92,upi,failed,network_error,reminder,True,22255.92
PAY005352,CUST00157,2026-07-21,5809.07,netbanking,failed,expired_card,reminder,True,5809.07
PAY005353,CUST00552,2026-04-28,8153.61,wallet,success,,no_action,False,0.0
PAY005354,CUST00236,2026-03-16,21817.02,netbanking,success,,no_action,False,0.0
PAY005355,CUST00410,2026-03-05,24738.95,upi,success,,no_action,False,0.0
PAY005356,CUST00500,2026-05-28,493.84,card,success,,no_action,False,0.0
PAY005357,CUST00333,2026-08-23,547.36,netbanking,success,,no_action,False,0.0
PAY005358,CUST00054,2026-08-10,3373.63,netbanking,success,,no_action,False,0.0
PAY005359,CUST00838,2026-03-16,2090.98,netbanking,success,,no_action,False,0.0
PAY005360,CUST00081,2026-06-01,17748.84,upi,success,,no_action,False,0.0
PAY005361,CUST00877,2026-03-21,5009.39,card,failed,authentication_failed,reminder,True,5009.39
PAY005362,CUST00865,2026-05-25,2499.76,upi,failed,timeout,retry,False,0.0
PAY005363,CUST00926,2026-05-16,33178.05,upi,success,,no_action,False,0.0
PAY005364,CUST00626,2026-06-26,17532.71,netbanking,failed,insufficient_funds,reminder,True,17532.71
PAY005365,CUST00113,2026-03-29,3534.06,netbanking,success,,no_action,False,0.0
PAY005366,CUST00916,2026-04-26,33258.26,wallet,success,,no_action,False,0.0
PAY005367,CUST00178,2026-06-10,20593.85,upi,success,,no_action,False,0.0
PAY005368,CUST00252,2026-06-11,18361.48,card,failed,network_error,retry,True,18361.48
PAY005369,CUST00138,2026-05-17,6365.71,netbanking,failed,timeout,reminder,True,6365.71
PAY005370,CUST00135,2026-03-16,2727.37,card,failed,insufficient_funds,reminder,True,2727.37
PAY005371,CUST00321,2026-08-13,13755.75,netbanking,success,,no_action,False,0.0
PAY005372,CUST00395,2026-06-13,4987.19,netbanking,success,,no_action,False,0.0
PAY005373,CUST00610,2026-04-22,2638.66,netbanking,success,,no_action,False,0.0
PAY005374,CUST00710,2026-07-05,6267.7,wallet,success,,no_action,False,0.0
PAY005375,CUST00044,2026-05-09,13559.61,card,success,,no_action,False,0.0
PAY005376,CUST00784,2026-03-10,4087.52,wallet,success,,no_action,False,0.0
PAY005377,CUST00751,2026-04-20,3098.27,card,success,,no_action,False,0.0
PAY005378,CUST00040,2026-06-04,5698.57,netbanking,failed,network_error,reminder,True,5698.57
PAY005379,CUST00961,2026-05-27,19911.08,wallet,failed,network_error,retry,True,19911.08
PAY005380,CUST00091,2026-05-26,2947.28,netbanking,failed,authentication_failed,payment_link,True,2947.28
PAY005381,CUST00643,2026-04-08,25001.71,netbanking,failed,authentication_failed,payment_link,True,25001.71
PAY005382,CUST00390,2026-03-06,2436.25,wallet,success,,no_action,False,0.0
PAY005383,CUST00013,2026-02-26,8609.69,wallet,success,,no_action,False,0.0
PAY005384,CUST00742,2026-08-06,13995.96,card,failed,expired_card,payment_link,True,13995.96
PAY005385,CUST00198,2026-07-08,536.51,netbanking,success,,no_action,False,0.0
PAY005386,CUST00229,2026-06-08,2942.12,card,failed,card_declined,payment_link,True,2942.12
PAY005387,CUST00619,2026-05-02,7050.62,netbanking,success,,no_action,False,0.0
PAY005388,CUST00355,2026-04-19,13112.05,netbanking,success,,no_action,False,0.0
PAY005389,CUST00422,2026-07-20,672.22,wallet,success,,no_action,False,0.0
PAY005390,CUST00037,2026-07-07,14066.53,wallet,success,,no_action,False,0.0
PAY005391,CUST00741,2026-03-23,4757.06,netbanking,success,,no_action,False,0.0
PAY005392,CUST00087,2026-06-16,18848.38,wallet,success,,no_action,False,0.0
PAY005393,CUST00047,2026-04-20,1346.94,netbanking,success,,no_action,False,0.0
PAY005394,CUST00311,2026-08-05,43112.52,upi,failed,insufficient_funds,payment_link,False,0.0
PAY005395,CUST00672,2026-03-06,10297.86,upi,success,,no_action,False,0.0
PAY005396,CUST00138,2026-05-25,6900.4,netbanking,success,,no_action,False,0.0
PAY005397,CUST00439,2026-04-28,18085.05,upi,failed,timeout,reminder,True,18085.05
PAY005398,CUST00019,2026-07-02,27244.51,upi,success,,no_action,False,0.0
PAY005399,CUST00705,2026-07-16,20106.18,upi,failed,insufficient_funds,payment_link,True,20106.18
PAY005400,CUST00493,2026-03-24,14596.48,upi,success,,no_action,False,0.0
PAY005401,CUST00148,2026-03-04,5252.64,netbanking,failed,expired_card,reminder,True,5252.64
PAY005402,CUST00674,2026-03-06,10721.43,card,failed,expired_card,payment_link,True,10721.43
PAY005403,CUST00520,2026-07-02,9576.45,upi,success,,no_action,False,0.0
PAY005404,CUST00412,2026-07-06,22847.37,wallet,success,,no_action,False,0.0
PAY005405,CUST00490,2026-04-18,31403.94,wallet,success,,no_action,False,0.0
PAY005406,CUST00818,2026-04-23,6917.48,netbanking,success,,no_action,False,0.0
PAY005407,CUST00791,2026-05-17,17593.24,card,success,,no_action,False,0.0
PAY005408,CUST00162,2026-04-24,5816.96,netbanking,success,,no_action,False,0.0
PAY005409,CUST00019,2026-07-21,3812.34,netbanking,success,,no_action,False,0.0
PAY005410,CUST00580,2026-05-06,19172.17,wallet,success,,no_action,False,0.0
PAY005411,CUST00424,2026-05-28,908.11,wallet,success,,no_action,False,0.0
PAY005412,CUST00103,2026-05-23,23839.0,wallet,success,,no_action,False,0.0
PAY005413,CUST00159,2026-04-09,9027.38,wallet,success,,no_action,False,0.0
PAY005414,CUST00131,2026-04-24,12239.39,upi,success,,no_action,False,0.0
PAY005415,CUST00919,2026-03-24,12918.15,wallet,failed,network_error,reminder,False,0.0
PAY005416,CUST00189,2026-05-31,5118.81,netbanking,success,,no_action,False,0.0
PAY005417,CUST00532,2026-07-08,4844.55,netbanking,success,,no_action,False,0.0
PAY005418,CUST00872,2026-03-01,4391.08,upi,failed,authentication_failed,reminder,False,0.0
PAY005419,CUST00345,2026-04-22,16251.41,card,failed,insufficient_funds,payment_link,False,0.0
PAY005420,CUST00594,2026-07-17,3624.68,upi,success,,no_action,False,0.0
PAY005421,CUST00301,2026-06-12,6060.82,card,failed,network_error,reminder,False,0.0
PAY005422,CUST00085,2026-06-06,6765.91,netbanking,success,,no_action,False,0.0
PAY005423,CUST00627,2026-04-06,23323.49,netbanking,success,,no_action,False,0.0
PAY005424,CUST00016,2026-05-03,22070.21,upi,success,,no_action,False,0.0
PAY005425,CUST00711,2026-03-16,12673.16,wallet,success,,no_action,False,0.0
PAY005426,CUST00251,2026-03-17,12944.79,wallet,success,,no_action,False,0.0
PAY005427,CUST00308,2026-03-06,25784.51,card,failed,insufficient_funds,reminder,False,0.0
PAY005428,CUST00713,2026-06-03,27731.55,upi,success,,no_action,False,0.0
PAY005429,CUST00647,2026-07-30,18829.47,netbanking,success,,no_action,False,0.0
PAY005430,CUST00781,2026-06-10,3275.13,upi,success,,no_action,False,0.0
PAY005431,CUST00007,2026-07-21,16487.54,wallet,failed,insufficient_funds,payment_link,False,0.0
PAY005432,CUST00854,2026-07-24,10820.46,card,success,,no_action,False,0.0
PAY005433,CUST00824,2026-08-18,5446.94,netbanking,failed,network_error,reminder,False,0.0
PAY005434,CUST00614,2026-06-30,22802.16,upi,success,,no_action,False,0.0
PAY005435,CUST00420,2026-03-09,8004.22,upi,success,,no_action,False,0.0
PAY005436,CUST00226,2026-03-21,25408.89,netbanking,success,,no_action,False,0.0
PAY005437,CUST00203,2026-07-19,18939.34,card,success,,no_action,False,0.0
PAY005438,CUST00649,2026-08-23,11593.34,netbanking,success,,no_action,False,0.0
PAY005439,CUST00721,2026-08-07,3086.2,upi,success,,no_action,False,0.0
PAY005440,CUST00119,2026-06-21,200.0,card,success,,no_action,False,0.0
PAY005441,CUST00040,2026-07-22,5777.08,netbanking,success,,no_action,False,0.0
PAY005442,CUST00763,2026-05-12,7183.22,wallet,success,,no_action,False,0.0
PAY005443,CUST00677,2026-03-15,4049.34,wallet,success,,no_action,False,0.0
PAY005444,CUST00023,2026-06-27,3819.92,netbanking,failed,network_error,reminder,True,3819.92
PAY005445,CUST00129,2026-08-14,18581.06,upi,success,,no_action,False,0.0
PAY005446,CUST00484,2026-06-21,7310.37,wallet,failed,insufficient_funds,payment_link,True,7310.37
PAY005447,CUST00272,2026-07-10,1745.02,netbanking,failed,authentication_failed,reminder,True,1745.02
PAY005448,CUST00461,2026-04-25,18438.32,upi,success,,no_action,False,0.0
PAY005449,CUST00403,2026-08-06,19209.46,netbanking,success,,no_action,False,0.0
PAY005450,CUST00415,2026-04-09,7301.86,wallet,success,,no_action,False,0.0
PAY005451,CUST00437,2026-03-14,14735.01,wallet,success,,no_action,False,0.0
PAY005452,CUST00720,2026-08-20,18980.41,wallet,failed,network_error,retry,True,18980.41
PAY005453,CUST00857,2026-07-12,22603.97,card,success,,no_action,False,0.0
PAY005454,CUST00618,2026-04-09,10873.07,wallet,success,,no_action,False,0.0
PAY005455,CUST00330,2026-06-05,3329.41,upi,success,,no_action,False,0.0
PAY005456,CUST00954,2026-07-09,12574.89,wallet,success,,no_action,False,0.0
PAY005457,CUST00410,2026-07-19,23417.35,wallet,success,,no_action,False,0.0
PAY005458,CUST00388,2026-07-08,19417.46,netbanking,success,,no_action,False,0.0
PAY005459,CUST00072,2026-03-25,1918.55,upi,success,,no_action,False,0.0
PAY005460,CUST00026,2026-02-27,16883.69,card,failed,network_error,reminder,False,0.0
PAY005461,CUST00772,2026-05-17,22060.49,upi,success,,no_action,False,0.0
PAY005462,CUST00588,2026-03-07,16169.55,netbanking,failed,card_declined,payment_link,False,0.0
PAY005463,CUST00455,2026-07-22,1281.96,card,success,,no_action,False,0.0
PAY005464,CUST00721,2026-03-04,2943.1,wallet,failed,insufficient_funds,payment_link,True,2943.1
PAY005465,CUST00175,2026-05-28,10147.47,netbanking,success,,no_action,False,0.0
PAY005466,CUST00343,2026-04-25,12977.37,wallet,success,,no_action,False,0.0
PAY005467,CUST00238,2026-06-10,1604.3,netbanking,success,,no_action,False,0.0
PAY005468,CUST00719,2026-04-08,47078.98,netbanking,success,,no_action,False,0.0
PAY005469,CUST00235,2026-04-26,1047.23,card,success,,no_action,False,0.0
PAY005470,CUST00369,2026-08-22,1222.36,upi,failed,insufficient_funds,reminder,True,1222.36
PAY005471,CUST00817,2026-03-26,1188.91,wallet,failed,card_declined,payment_link,True,1188.91
PAY005472,CUST00981,2026-06-22,1072.72,wallet,failed,network_error,reminder,True,1072.72
PAY005473,CUST00222,2026-04-06,23713.66,wallet,success,,no_action,False,0.0
PAY005474,CUST00280,2026-04-05,5679.07,wallet,success,,no_action,False,0.0
PAY005475,CUST00952,2026-06-02,3356.86,netbanking,success,,no_action,False,0.0
PAY005476,CUST00879,2026-04-06,5838.1,netbanking,failed,card_declined,reminder,False,0.0
PAY005477,CUST00887,2026-05-03,595.48,wallet,success,,no_action,False,0.0
PAY005478,CUST00719,2026-04-18,37616.0,card,failed,card_declined,reminder,True,37616.0
PAY005479,CUST00811,2026-03-06,574.9,wallet,success,,no_action,False,0.0
PAY005480,CUST00441,2026-07-19,3344.55,card,success,,no_action,False,0.0
PAY005481,CUST00657,2026-03-30,35167.87,netbanking,success,,no_action,False,0.0
PAY005482,CUST00122,2026-05-23,27526.53,card,success,,no_action,False,0.0
PAY005483,CUST00026,2026-06-06,8893.87,upi,failed,expired_card,reminder,False,0.0
PAY005484,CUST00310,2026-07-27,12838.98,wallet,success,,no_action,False,0.0
PAY005485,CUST00548,2026-08-10,307.64,card,failed,timeout,reminder,False,0.0
PAY005486,CUST00336,2026-04-26,1463.85,netbanking,success,,no_action,False,0.0
PAY005487,CUST00614,2026-03-23,25092.92,upi,success,,no_action,False,0.0
PAY005488,CUST00742,2026-07-25,10679.96,wallet,success,,no_action,False,0.0
PAY005489,CUST00989,2026-08-04,19799.7,card,success,,no_action,False,0.0
PAY005490,CUST00947,2026-03-11,12750.68,upi,success,,no_action,False,0.0
PAY005491,CUST00008,2026-03-12,16204.39,card,success,,no_action,False,0.0
PAY005492,CUST00086,2026-06-12,3858.61,netbanking,success,,no_action,False,0.0
PAY005493,CUST00073,2026-07-07,6535.57,netbanking,failed,timeout,reminder,True,6535.57
PAY005494,CUST00084,2026-08-17,23652.32,upi,failed,card_declined,payment_link,True,23652.32
PAY005495,CUST00758,2026-05-14,13086.88,upi,success,,no_action,False,0.0
PAY005496,CUST00682,2026-08-04,3269.63,wallet,success,,no_action,False,0.0
PAY005497,CUST00053,2026-04-17,7153.71,wallet,success,,no_action,False,0.0
PAY005498,CUST00691,2026-05-04,1925.29,upi,success,,no_action,False,0.0
PAY005499,CUST00682,2026-06-11,3376.12,wallet,failed,card_declined,payment_link,True,3376.12
PAY005500,CUST00877,2026-07-31,4854.19,netbanking,failed,timeout,retry,True,4854.19
PAY005501,CUST00142,2026-03-18,20790.35,upi,failed,insufficient_funds,reminder,True,20790.35
PAY005502,CUST00539,2026-03-29,21672.62,wallet,success,,no_action,False,0.0
PAY005503,CUST00493,2026-04-06,10325.12,upi,success,,no_action,False,0.0
PAY005504,CUST00195,2026-03-27,35520.36,wallet,success,,no_action,False,0.0
PAY005505,CUST00707,2026-05-18,24530.08,wallet,success,,no_action,False,0.0
PAY005506,CUST00935,2026-06-24,15265.24,card,success,,no_action,False,0.0
PAY005507,CUST00445,2026-07-23,1752.76,upi,success,,no_action,False,0.0
PAY005508,CUST00683,2026-04-25,28643.12,card,success,,no_action,False,0.0
PAY005509,CUST00675,2026-06-22,11101.79,upi,failed,timeout,retry,True,11101.79
PAY005510,CUST00934,2026-07-30,4477.29,card,success,,no_action,False,0.0
PAY005511,CUST00247,2026-05-17,9146.56,netbanking,failed,card_declined,reminder,False,0.0
PAY005512,CUST00190,2026-07-09,8768.88,wallet,failed,expired_card,payment_link,True,8768.88
PAY005513,CUST00286,2026-07-14,15188.07,wallet,success,,no_action,False,0.0
PAY005514,CUST00446,2026-04-23,4728.78,card,failed,insufficient_funds,reminder,True,4728.78
PAY005515,CUST00227,2026-07-03,4886.19,card,success,,no_action,False,0.0
PAY005516,CUST00491,2026-07-28,9068.96,card,failed,expired_card,payment_link,False,0.0
PAY005517,CUST00692,2026-04-09,10770.25,wallet,success,,no_action,False,0.0
PAY005518,CUST00799,2026-08-01,13544.21,wallet,success,,no_action,False,0.0
PAY005519,CUST00054,2026-05-05,4071.73,card,failed,insufficient_funds,payment_link,False,0.0
PAY005520,CUST00978,2026-06-11,24121.53,wallet,failed,network_error,retry,True,24121.53
PAY005521,CUST00183,2026-05-19,34925.53,wallet,failed,card_declined,reminder,True,34925.53
PAY005522,CUST00521,2026-02-27,1164.55,netbanking,success,,no_action,False,0.0
PAY005523,CUST00180,2026-04-25,7421.76,wallet,success,,no_action,False,0.0
PAY005524,CUST00739,2026-05-28,11231.91,wallet,failed,authentication_failed,payment_link,True,11231.91
PAY005525,CUST00501,2026-08-09,7913.69,netbanking,success,,no_action,False,0.0
PAY005526,CUST00836,2026-06-21,7904.43,upi,success,,no_action,False,0.0
PAY005527,CUST00276,2026-06-06,8406.18,wallet,success,,no_action,False,0.0
PAY005528,CUST00987,2026-07-11,7211.67,wallet,success,,no_action,False,0.0
PAY005529,CUST00436,2026-05-30,13062.4,wallet,failed,insufficient_funds,reminder,True,13062.4
PAY005530,CUST00971,2026-03-05,25622.25,netbanking,failed,card_declined,reminder,True,25622.25
PAY005531,CUST00816,2026-07-06,2346.69,wallet,failed,insufficient_funds,payment_link,False,0.0
PAY005532,CUST00717,2026-04-09,21008.92,upi,success,,no_action,False,0.0
PAY005533,CUST00644,2026-04-24,19905.15,upi,success,,no_action,False,0.0
PAY005534,CUST00985,2026-08-19,29954.52,upi,failed,insufficient_funds,payment_link,False,0.0
PAY005535,CUST00734,2026-04-25,9036.94,upi,success,,no_action,False,0.0
PAY005536,CUST00734,2026-04-05,10620.62,wallet,failed,expired_card,payment_link,True,10620.62
PAY005537,CUST00189,2026-03-03,6064.05,card,success,,no_action,False,0.0
PAY005538,CUST00564,2026-06-26,14537.93,netbanking,success,,no_action,False,0.0
PAY005539,CUST00260,2026-08-23,15910.12,upi,success,,no_action,False,0.0
PAY005540,CUST00441,2026-05-20,2302.84,upi,success,,no_action,False,0.0
PAY005541,CUST00068,2026-03-21,24569.37,netbanking,success,,no_action,False,0.0
PAY005542,CUST00701,2026-05-30,25060.03,card,success,,no_action,False,0.0
PAY005543,CUST00907,2026-05-02,7559.06,netbanking,success,,no_action,False,0.0
PAY005544,CUST00728,2026-04-11,12584.72,upi,success,,no_action,False,0.0
PAY005545,CUST00213,2026-06-21,638.1,wallet,success,,no_action,False,0.0
PAY005546,CUST00138,2026-03-07,5798.17,upi,success,,no_action,False,0.0
PAY005547,CUST00158,2026-04-15,11363.88,card,success,,no_action,False,0.0
PAY005548,CUST00686,2026-06-22,13680.23,netbanking,failed,timeout,reminder,True,13680.23
PAY005549,CUST00339,2026-04-03,14230.75,wallet,success,,no_action,False,0.0
PAY005550,CUST00870,2026-06-07,6194.17,card,failed,insufficient_funds,payment_link,False,0.0
PAY005551,CUST00227,2026-07-18,6259.41,wallet,success,,no_action,False,0.0
PAY005552,CUST00483,2026-04-19,41007.79,netbanking,success,,no_action,False,0.0
PAY005553,CUST00879,2026-03-02,9755.93,netbanking,success,,no_action,False,0.0
PAY005554,CUST00399,2026-05-04,16641.51,card,success,,no_action,False,0.0
PAY005555,CUST00595,2026-05-21,2196.7,netbanking,success,,no_action,False,0.0
PAY005556,CUST00566,2026-08-12,4071.54,card,success,,no_action,False,0.0
PAY005557,CUST00098,2026-07-26,4945.69,wallet,failed,card_declined,reminder,True,4945.69
PAY005558,CUST00133,2026-05-28,19023.71,netbanking,success,,no_action,False,0.0
PAY005559,CUST00007,2026-04-16,16816.55,wallet,failed,timeout,payment_link,True,16816.55
PAY005560,CUST00126,2026-04-07,3475.8,netbanking,failed,timeout,retry,True,3475.8
PAY005561,CUST00715,2026-07-16,25328.94,card,success,,no_action,False,0.0
PAY005562,CUST00198,2026-05-26,836.68,wallet,failed,timeout,reminder,True,836.68
PAY005563,CUST00944,2026-06-09,20552.08,netbanking,success,,no_action,False,0.0
PAY005564,CUST00179,2026-08-18,12250.75,netbanking,success,,no_action,False,0.0
PAY005565,CUST00204,2026-05-21,9815.76,card,success,,no_action,False,0.0
PAY005566,CUST00795,2026-06-17,17155.62,upi,failed,expired_card,reminder,True,17155.62
PAY005567,CUST00855,2026-04-23,27057.08,upi,success,,no_action,False,0.0
PAY005568,CUST00085,2026-07-26,12994.46,wallet,success,,no_action,False,0.0
PAY005569,CUST00020,2026-07-12,4284.74,netbanking,success,,no_action,False,0.0
PAY005570,CUST00913,2026-07-27,20463.11,card,success,,no_action,False,0.0
PAY005571,CUST00483,2026-03-31,39206.82,card,failed,expired_card,payment_link,False,0.0
PAY005572,CUST00183,2026-08-24,30762.51,upi,success,,no_action,False,0.0
PAY005573,CUST00337,2026-04-13,10532.03,netbanking,success,,no_action,False,0.0
PAY005574,CUST00047,2026-05-27,1509.26,netbanking,success,,no_action,False,0.0
PAY005575,CUST00578,2026-03-20,3715.44,wallet,success,,no_action,False,0.0
PAY005576,CUST00110,2026-04-24,7378.61,upi,failed,authentication_failed,reminder,False,0.0
PAY005577,CUST00019,2026-04-03,15528.28,wallet,success,,no_action,False,0.0
PAY005578,CUST00453,2026-08-19,7426.76,netbanking,success,,no_action,False,0.0
PAY005579,CUST00107,2026-03-07,30817.42,netbanking,failed,authentication_failed,reminder,True,30817.42
PAY005580,CUST00818,2026-08-13,6702.65,card,success,,no_action,False,0.0
PAY005581,CUST00951,2026-07-09,14542.82,upi,success,,no_action,False,0.0
PAY005582,CUST00610,2026-07-07,5130.16,wallet,success,,no_action,False,0.0
PAY005583,CUST00201,2026-07-05,5536.85,card,success,,no_action,False,0.0
PAY005584,CUST00651,2026-07-02,22737.86,upi,success,,no_action,False,0.0
PAY005585,CUST00288,2026-07-30,22134.31,card,failed,timeout,reminder,False,0.0
PAY005586,CUST00774,2026-07-28,6125.18,wallet,success,,no_action,False,0.0
PAY005587,CUST00130,2026-04-23,868.06,netbanking,failed,insufficient_funds,payment_link,False,0.0
PAY005588,CUST00217,2026-04-04,3380.61,wallet,failed,authentication_failed,reminder,True,3380.61
PAY005589,CUST00526,2026-03-24,13770.19,wallet,success,,no_action,False,0.0
PAY005590,CUST00560,2026-07-23,9144.64,netbanking,success,,no_action,False,0.0
PAY005591,CUST00479,2026-07-26,14431.31,card,failed,network_error,reminder,True,14431.31
PAY005592,CUST00292,2026-05-17,5479.71,netbanking,success,,no_action,False,0.0
PAY005593,CUST00474,2026-05-16,13973.78,netbanking,success,,no_action,False,0.0
PAY005594,CUST00284,2026-07-24,7938.32,card,failed,insufficient_funds,payment_link,False,0.0
PAY005595,CUST00928,2026-05-24,23918.58,upi,success,,no_action,False,0.0
PAY005596,CUST00292,2026-06-21,2780.42,upi,success,,no_action,False,0.0
PAY005597,CUST00851,2026-05-03,14037.85,wallet,success,,no_action,False,0.0
PAY005598,CUST00256,2026-07-07,3004.87,netbanking,success,,no_action,False,0.0
PAY005599,CUST00215,2026-07-31,26112.02,card,success,,no_action,False,0.0
PAY005600,CUST00721,2026-05-17,2492.26,wallet,success,,no_action,False,0.0
PAY005601,CUST00462,2026-08-15,621.84,wallet,success,,no_action,False,0.0
PAY005602,CUST00817,2026-07-10,1367.26,card,success,,no_action,False,0.0
PAY005603,CUST00317,2026-08-22,15506.26,netbanking,failed,network_error,reminder,False,0.0
PAY005604,CUST00216,2026-08-20,14958.77,card,failed,timeout,reminder,False,0.0
PAY005605,CUST00861,2026-04-16,1380.86,card,failed,timeout,retry,True,1380.86
PAY005606,CUST00324,2026-02-26,19914.56,card,success,,no_action,False,0.0
PAY005607,CUST00504,2026-04-17,7839.69,upi,success,,no_action,False,0.0
PAY005608,CUST00733,2026-04-27,16892.51,netbanking,success,,no_action,False,0.0
PAY005609,CUST00926,2026-07-17,27916.99,netbanking,success,,no_action,False,0.0
PAY005610,CUST00342,2026-04-02,3959.96,card,failed,card_declined,payment_link,True,3959.96
PAY005611,CUST00953,2026-06-23,18597.9,netbanking,success,,no_action,False,0.0
PAY005612,CUST00244,2026-05-21,5190.18,netbanking,success,,no_action,False,0.0
PAY005613,CUST00829,2026-08-21,4052.3,upi,success,,no_action,False,0.0
PAY005614,CUST00055,2026-03-30,3611.75,upi,success,,no_action,False,0.0
PAY005615,CUST00252,2026-08-01,19530.35,netbanking,success,,no_action,False,0.0
PAY005616,CUST00338,2026-05-28,8438.52,card,success,,no_action,False,0.0
PAY005617,CUST00322,2026-06-11,5559.54,card,failed,card_declined,payment_link,True,5559.54
PAY005618,CUST00117,2026-04-16,26894.51,wallet,success,,no_action,False,0.0
PAY005619,CUST00429,2026-06-26,5422.24,netbanking,success,,no_action,False,0.0
PAY005620,CUST00819,2026-04-07,18313.57,wallet,success,,no_action,False,0.0
PAY005621,CUST00111,2026-03-01,2157.86,card,failed,card_declined,payment_link,True,2157.86
PAY005622,CUST00863,2026-06-18,7277.24,wallet,success,,no_action,False,0.0
PAY005623,CUST00753,2026-07-14,371.74,upi,success,,no_action,False,0.0
PAY005624,CUST00665,2026-08-06,12853.08,upi,success,,no_action,False,0.0
PAY005625,CUST00028,2026-05-27,16539.22,wallet,success,,no_action,False,0.0
PAY005626,CUST00255,2026-05-24,10083.3,card,failed,expired_card,payment_link,True,10083.3
PAY005627,CUST00595,2026-05-22,2159.21,wallet,success,,no_action,False,0.0
PAY005628,CUST00439,2026-06-30,25322.12,card,success,,no_action,False,0.0
PAY005629,CUST00787,2026-04-02,1789.94,netbanking,failed,card_declined,reminder,True,1789.94
PAY005630,CUST00500,2026-04-16,369.09,wallet,success,,no_action,False,0.0
PAY005631,CUST00591,2026-07-09,10442.01,wallet,success,,no_action,False,0.0
PAY005632,CUST00183,2026-06-02,22881.21,upi,success,,no_action,False,0.0
PAY005633,CUST00739,2026-07-20,9583.91,upi,failed,network_error,retry,False,0.0
PAY005634,CUST00018,2026-07-20,7334.16,upi,failed,card_declined,reminder,True,7334.16
PAY005635,CUST00455,2026-06-23,1165.81,card,success,,no_action,False,0.0
PAY005636,CUST00792,2026-06-24,2408.12,card,success,,no_action,False,0.0
PAY005637,CUST00025,2026-04-11,6522.39,netbanking,success,,no_action,False,0.0
PAY005638,CUST00040,2026-04-20,4937.12,card,success,,no_action,False,0.0
PAY005639,CUST00259,2026-04-08,2740.2,wallet,success,,no_action,False,0.0
PAY005640,CUST00935,2026-03-16,21858.64,card,success,,no_action,False,0.0
PAY005641,CUST00565,2026-08-07,1453.24,upi,success,,no_action,False,0.0
PAY005642,CUST00876,2026-06-02,13212.31,card,failed,card_declined,reminder,True,13212.31
PAY005643,CUST00802,2026-03-19,676.37,card,failed,card_declined,payment_link,True,676.37
PAY005644,CUST00164,2026-07-19,738.13,upi,failed,insufficient_funds,reminder,False,0.0
PAY005645,CUST00129,2026-05-08,20002.03,wallet,success,,no_action,False,0.0
PAY005646,CUST00187,2026-05-17,2073.98,wallet,success,,no_action,False,0.0
PAY005647,CUST00293,2026-07-14,15586.97,netbanking,success,,no_action,False,0.0
PAY005648,CUST00549,2026-04-16,24774.17,upi,success,,no_action,False,0.0
PAY005649,CUST00155,2026-07-08,12753.42,upi,success,,no_action,False,0.0
PAY005650,CUST00851,2026-07-23,14535.24,card,failed,card_declined,reminder,True,14535.24
PAY005651,CUST00567,2026-06-13,12812.85,card,failed,expired_card,payment_link,True,12812.85
PAY005652,CUST00375,2026-03-01,6380.61,netbanking,success,,no_action,False,0.0
PAY005653,CUST00865,2026-05-04,2285.14,wallet,failed,insufficient_funds,reminder,True,2285.14
PAY005654,CUST00451,2026-06-24,5481.59,netbanking,success,,no_action,False,0.0
PAY005655,CUST00223,2026-08-22,15855.14,wallet,success,,no_action,False,0.0
PAY005656,CUST00257,2026-02-26,10885.79,netbanking,success,,no_action,False,0.0
PAY005657,CUST00830,2026-06-28,19659.39,netbanking,success,,no_action,False,0.0
PAY005658,CUST00480,2026-08-02,9240.98,wallet,success,,no_action,False,0.0
PAY005659,CUST00527,2026-04-06,28282.59,wallet,failed,card_declined,reminder,True,28282.59
PAY005660,CUST00409,2026-04-04,3812.02,upi,success,,no_action,False,0.0
PAY005661,CUST00916,2026-03-16,25967.93,wallet,success,,no_action,False,0.0
PAY005662,CUST00725,2026-02-26,18655.99,card,success,,no_action,False,0.0
PAY005663,CUST00350,2026-06-14,17437.68,upi,failed,insufficient_funds,reminder,True,17437.68
PAY005664,CUST00035,2026-02-28,8500.28,wallet,success,,no_action,False,0.0
PAY005665,CUST00814,2026-06-26,5507.67,wallet,success,,no_action,False,0.0
PAY005666,CUST00993,2026-07-10,5907.14,netbanking,failed,card_declined,escalate,False,0.0
PAY005667,CUST00196,2026-08-20,8747.79,netbanking,success,,no_action,False,0.0
PAY005668,CUST00370,2026-03-19,1237.61,upi,failed,timeout,reminder,True,1237.61
PAY005669,CUST00859,2026-07-18,10166.47,card,failed,authentication_failed,payment_link,True,10166.47
PAY005670,CUST00021,2026-08-24,15677.25,wallet,success,,no_action,False,0.0
PAY005671,CUST00122,2026-03-24,11555.19,wallet,success,,no_action,False,0.0
PAY005672,CUST00376,2026-06-25,12333.32,upi,success,,no_action,False,0.0
PAY005673,CUST00665,2026-03-12,15800.27,wallet,success,,no_action,False,0.0
PAY005674,CUST00292,2026-07-16,6674.48,upi,success,,no_action,False,0.0
PAY005675,CUST00593,2026-04-05,7955.62,wallet,success,,no_action,False,0.0
PAY005676,CUST00664,2026-08-16,19505.44,netbanking,success,,no_action,False,0.0
PAY005677,CUST00055,2026-03-11,2758.67,card,failed,authentication_failed,reminder,False,0.0
PAY005678,CUST00693,2026-03-25,11448.59,wallet,success,,no_action,False,0.0
PAY005679,CUST00509,2026-03-10,675.45,upi,success,,no_action,False,0.0
PAY005680,CUST00153,2026-08-20,7888.72,netbanking,failed,authentication_failed,payment_link,True,7888.72
PAY005681,CUST00781,2026-03-01,4230.68,upi,success,,no_action,False,0.0
PAY005682,CUST00691,2026-06-26,2916.93,upi,success,,no_action,False,0.0
PAY005683,CUST00374,2026-06-23,1998.27,wallet,success,,no_action,False,0.0
PAY005684,CUST00691,2026-07-29,2215.23,netbanking,success,,no_action,False,0.0
PAY005685,CUST00433,2026-04-09,8047.57,wallet,failed,expired_card,payment_link,False,0.0
PAY005686,CUST00355,2026-08-18,17230.65,upi,success,,no_action,False,0.0
PAY005687,CUST00697,2026-03-19,1561.58,upi,success,,no_action,False,0.0
PAY005688,CUST00415,2026-04-21,4537.64,netbanking,success,,no_action,False,0.0
PAY005689,CUST00452,2026-04-15,8913.93,netbanking,success,,no_action,False,0.0
PAY005690,CUST00245,2026-06-19,31500.61,wallet,failed,authentication_failed,reminder,False,0.0
PAY005691,CUST00809,2026-03-27,2971.89,wallet,success,,no_action,False,0.0
PAY005692,CUST00762,2026-02-27,16741.48,wallet,success,,no_action,False,0.0
PAY005693,CUST00858,2026-08-13,1069.23,card,failed,network_error,retry,True,1069.23
PAY005694,CUST00048,2026-08-02,15445.44,netbanking,success,,no_action,False,0.0
PAY005695,CUST00741,2026-08-01,4403.56,netbanking,success,,no_action,False,0.0
PAY005696,CUST00036,2026-05-23,18773.79,card,success,,no_action,False,0.0
PAY005697,CUST00516,2026-05-21,14754.76,card,failed,network_error,reminder,True,14754.76
PAY005698,CUST00028,2026-05-03,22192.24,wallet,success,,no_action,False,0.0
PAY005699,CUST00383,2026-03-25,4344.54,wallet,success,,no_action,False,0.0
PAY005700,CUST00100,2026-03-12,11089.12,card,success,,no_action,False,0.0
PAY005701,CUST00933,2026-06-14,1948.74,card,failed,expired_card,payment_link,True,1948.74
PAY005702,CUST00919,2026-05-28,8829.07,netbanking,failed,card_declined,payment_link,True,8829.07
PAY005703,CUST00847,2026-08-13,16579.77,upi,success,,no_action,False,0.0
PAY005704,CUST00465,2026-08-22,10147.9,upi,success,,no_action,False,0.0
PAY005705,CUST00960,2026-06-13,10947.74,card,failed,card_declined,payment_link,False,0.0
PAY005706,CUST00272,2026-07-02,2300.69,upi,success,,no_action,False,0.0
PAY005707,CUST00679,2026-04-08,18037.32,netbanking,success,,no_action,False,0.0
PAY005708,CUST00843,2026-08-01,8388.41,wallet,failed,authentication_failed,payment_link,True,8388.41
PAY005709,CUST00145,2026-08-19,5321.64,netbanking,success,,no_action,False,0.0
PAY005710,CUST00262,2026-06-04,17281.96,netbanking,success,,no_action,False,0.0
PAY005711,CUST00006,2026-05-01,9642.82,wallet,failed,network_error,reminder,False,0.0
PAY005712,CUST00699,2026-06-16,15529.07,wallet,failed,card_declined,reminder,True,15529.07
PAY005713,CUST00081,2026-08-04,14378.19,card,failed,expired_card,payment_link,False,0.0
PAY005714,CUST00853,2026-06-15,9602.61,upi,success,,no_action,False,0.0
PAY005715,CUST00635,2026-07-14,12355.38,wallet,success,,no_action,False,0.0
PAY005716,CUST00538,2026-05-21,5760.99,wallet,failed,expired_card,payment_link,True,5760.99
PAY005717,CUST00526,2026-03-27,17875.3,netbanking,failed,card_declined,payment_link,True,17875.3
PAY005718,CUST00941,2026-07-24,16228.04,upi,success,,no_action,False,0.0
PAY005719,CUST00709,2026-07-30,18696.65,card,success,,no_action,False,0.0
PAY005720,CUST00446,2026-05-22,5749.74,upi,success,,no_action,False,0.0
PAY005721,CUST00680,2026-04-30,25517.46,upi,success,,no_action,False,0.0
PAY005722,CUST00529,2026-05-08,9391.84,card,success,,no_action,False,0.0
PAY005723,CUST00862,2026-04-29,5226.95,netbanking,success,,no_action,False,0.0
PAY005724,CUST00433,2026-03-15,10168.33,netbanking,success,,no_action,False,0.0
PAY005725,CUST00369,2026-08-24,696.35,upi,success,,no_action,False,0.0
PAY005726,CUST00944,2026-03-13,26862.61,upi,success,,no_action,False,0.0
PAY005727,CUST00990,2026-05-01,13350.03,wallet,success,,no_action,False,0.0
PAY005728,CUST00531,2026-04-26,11747.35,card,success,,no_action,False,0.0
PAY005729,CUST00105,2026-05-13,2803.15,upi,success,,no_action,False,0.0
PAY005730,CUST00248,2026-06-18,13886.22,upi,success,,no_action,False,0.0
PAY005731,CUST00984,2026-06-11,10563.04,wallet,success,,no_action,False,0.0
PAY005732,CUST00651,2026-06-22,10278.5,upi,success,,no_action,False,0.0
PAY005733,CUST00894,2026-03-24,3398.29,card,success,,no_action,False,0.0
PAY005734,CUST00134,2026-08-23,354.25,card,success,,no_action,False,0.0
PAY005735,CUST00015,2026-03-10,8504.2,wallet,success,,no_action,False,0.0
PAY005736,CUST00928,2026-05-18,21151.04,wallet,success,,no_action,False,0.0
PAY005737,CUST00714,2026-06-02,14811.4,netbanking,success,,no_action,False,0.0
PAY005738,CUST00238,2026-05-12,1254.91,netbanking,success,,no_action,False,0.0
PAY005739,CUST00082,2026-03-17,21947.73,upi,success,,no_action,False,0.0
PAY005740,CUST00961,2026-07-09,19473.38,upi,success,,no_action,False,0.0
PAY005741,CUST00722,2026-08-02,3416.53,card,failed,expired_card,reminder,False,0.0
PAY005742,CUST00280,2026-07-31,5961.81,wallet,success,,no_action,False,0.0
PAY005743,CUST00539,2026-06-20,20838.89,upi,failed,authentication_failed,payment_link,False,0.0
PAY005744,CUST00905,2026-03-09,3915.37,card,success,,no_action,False,0.0
PAY005745,CUST00249,2026-06-23,17196.87,upi,failed,authentication_failed,reminder,True,17196.87
PAY005746,CUST00094,2026-04-07,3368.13,upi,success,,no_action,False,0.0
PAY005747,CUST00940,2026-05-12,50000.0,wallet,success,,no_action,False,0.0
PAY005748,CUST00130,2026-06-05,1514.08,wallet,failed,timeout,reminder,True,1514.08
PAY005749,CUST00140,2026-04-03,13515.84,netbanking,success,,no_action,False,0.0
PAY005750,CUST00542,2026-04-05,15017.78,wallet,failed,insufficient_funds,reminder,False,0.0
PAY005751,CUST00007,2026-05-05,5802.09,wallet,success,,no_action,False,0.0
PAY005752,CUST00449,2026-08-15,18940.26,card,failed,insufficient_funds,reminder,True,18940.26
PAY005753,CUST00550,2026-06-28,23371.49,netbanking,failed,timeout,retry,True,23371.49
PAY005754,CUST00249,2026-08-11,18639.49,netbanking,failed,card_declined,payment_link,True,18639.49
PAY005755,CUST00133,2026-03-07,25749.15,wallet,success,,no_action,False,0.0
PAY005756,CUST00058,2026-05-23,2530.59,netbanking,success,,no_action,False,0.0
PAY005757,CUST00544,2026-03-30,4541.19,upi,success,,no_action,False,0.0
PAY005758,CUST00795,2026-08-07,23595.68,wallet,success,,no_action,False,0.0
PAY005759,CUST00686,2026-03-03,21287.43,netbanking,failed,network_error,reminder,False,0.0
PAY005760,CUST00320,2026-03-08,2729.34,upi,success,,no_action,False,0.0
PAY005761,CUST00782,2026-06-11,25695.6,netbanking,success,,no_action,False,0.0
PAY005762,CUST00534,2026-06-23,2138.24,upi,failed,network_error,retry,True,2138.24
PAY005763,CUST00665,2026-07-18,12291.68,wallet,success,,no_action,False,0.0
PAY005764,CUST00551,2026-07-25,13188.99,card,success,,no_action,False,0.0
PAY005765,CUST00432,2026-06-06,777.33,wallet,failed,network_error,retry,True,777.33
PAY005766,CUST00862,2026-02-28,2563.71,netbanking,success,,no_action,False,0.0
PAY005767,CUST00305,2026-04-25,6111.18,netbanking,failed,network_error,reminder,True,6111.18
PAY005768,CUST00213,2026-08-04,611.91,upi,success,,no_action,False,0.0
PAY005769,CUST00869,2026-05-21,29062.97,netbanking,success,,no_action,False,0.0
PAY005770,CUST00361,2026-08-13,7071.63,wallet,failed,network_error,reminder,True,7071.63
PAY005771,CUST00870,2026-08-18,6730.67,netbanking,failed,authentication_failed,payment_link,False,0.0
PAY005772,CUST00863,2026-06-30,8283.53,netbanking,failed,network_error,retry,True,8283.53
PAY005773,CUST00423,2026-03-19,31294.43,netbanking,success,,no_action,False,0.0
PAY005774,CUST00132,2026-04-29,27402.18,card,success,,no_action,False,0.0
PAY005775,CUST00590,2026-07-05,2653.39,upi,success,,no_action,False,0.0
PAY005776,CUST00511,2026-04-24,15260.5,card,failed,network_error,reminder,True,15260.5
PAY005777,CUST00254,2026-07-16,1196.65,card,success,,no_action,False,0.0
PAY005778,CUST00794,2026-08-17,9904.27,card,success,,no_action,False,0.0
PAY005779,CUST00018,2026-05-08,16664.82,upi,success,,no_action,False,0.0
PAY005780,CUST00858,2026-06-23,1282.38,upi,success,,no_action,False,0.0
PAY005781,CUST00022,2026-06-23,5830.36,wallet,success,,no_action,False,0.0
PAY005782,CUST00073,2026-08-13,7519.36,netbanking,failed,expired_card,payment_link,False,0.0
PAY005783,CUST00636,2026-07-02,3150.97,netbanking,success,,no_action,False,0.0
PAY005784,CUST00349,2026-05-31,16007.24,netbanking,success,,no_action,False,0.0
PAY005785,CUST01000,2026-06-05,2846.03,netbanking,failed,card_declined,payment_link,False,0.0
PAY005786,CUST00138,2026-05-13,8872.84,card,success,,no_action,False,0.0
PAY005787,CUST00527,2026-05-25,14661.9,netbanking,failed,authentication_failed,reminder,True,14661.9
PAY005788,CUST00965,2026-03-31,10535.42,upi,success,,no_action,False,0.0
PAY005789,CUST00757,2026-03-13,10252.58,upi,success,,no_action,False,0.0
PAY005790,CUST00966,2026-07-04,2171.16,wallet,failed,authentication_failed,payment_link,True,2171.16
PAY005791,CUST00168,2026-03-15,13847.92,netbanking,success,,no_action,False,0.0
PAY005792,CUST00625,2026-06-01,8010.17,upi,success,,no_action,False,0.0
PAY005793,CUST00504,2026-04-19,8835.46,upi,success,,no_action,False,0.0
PAY005794,CUST00042,2026-06-04,14630.26,upi,success,,no_action,False,0.0
PAY005795,CUST00784,2026-07-16,5232.9,upi,success,,no_action,False,0.0
PAY005796,CUST00145,2026-05-29,3056.68,netbanking,failed,card_declined,reminder,False,0.0
PAY005797,CUST00700,2026-05-10,1565.12,card,failed,timeout,reminder,False,0.0
PAY005798,CUST00010,2026-06-17,9906.35,upi,success,,no_action,False,0.0
PAY005799,CUST00240,2026-03-21,10539.91,card,success,,no_action,False,0.0
PAY005800,CUST00181,2026-03-07,10682.2,card,success,,no_action,False,0.0
PAY005801,CUST00371,2026-05-18,9230.56,netbanking,success,,no_action,False,0.0
PAY005802,CUST00597,2026-06-28,7744.07,card,failed,expired_card,payment_link,False,0.0
PAY005803,CUST00623,2026-02-28,22414.07,upi,failed,expired_card,payment_link,True,22414.07
PAY005804,CUST00089,2026-05-14,16312.41,card,failed,insufficient_funds,payment_link,True,16312.41
PAY005805,CUST00759,2026-03-15,15443.85,netbanking,failed,timeout,retry,True,15443.85
PAY005806,CUST00207,2026-08-20,9878.54,upi,success,,no_action,False,0.0
PAY005807,CUST00639,2026-06-12,15050.84,wallet,success,,no_action,False,0.0
PAY005808,CUST00090,2026-05-11,13023.59,upi,success,,no_action,False,0.0
PAY005809,CUST00840,2026-04-09,33199.37,upi,success,,no_action,False,0.0
PAY005810,CUST00635,2026-03-19,13668.77,card,failed,timeout,reminder,True,13668.77
PAY005811,CUST00230,2026-04-08,1075.1,netbanking,success,,no_action,False,0.0
PAY005812,CUST00633,2026-08-10,6337.27,card,success,,no_action,False,0.0
PAY005813,CUST00541,2026-05-29,597.33,wallet,success,,no_action,False,0.0
PAY005814,CUST00162,2026-07-22,3769.56,upi,success,,no_action,False,0.0
PAY005815,CUST00111,2026-03-15,1944.25,card,success,,no_action,False,0.0
PAY005816,CUST00687,2026-06-06,6359.46,upi,success,,no_action,False,0.0
PAY005817,CUST00988,2026-04-05,8178.66,upi,success,,no_action,False,0.0
PAY005818,CUST00240,2026-08-05,9362.42,wallet,success,,no_action,False,0.0
PAY005819,CUST00409,2026-08-12,516.35,card,failed,insufficient_funds,reminder,True,516.35
PAY005820,CUST00223,2026-07-05,13370.75,card,success,,no_action,False,0.0
PAY005821,CUST00813,2026-04-19,29724.23,netbanking,failed,insufficient_funds,payment_link,True,29724.23
PAY005822,CUST00801,2026-04-30,10037.57,upi,success,,no_action,False,0.0
PAY005823,CUST00279,2026-07-02,13366.65,netbanking,success,,no_action,False,0.0
PAY005824,CUST00079,2026-05-25,19857.99,netbanking,failed,network_error,reminder,False,0.0
PAY005825,CUST00060,2026-04-06,15487.21,netbanking,success,,no_action,False,0.0
PAY005826,CUST00367,2026-03-17,16646.87,wallet,success,,no_action,False,0.0
PAY005827,CUST00846,2026-04-17,15321.76,card,success,,no_action,False,0.0
PAY005828,CUST00679,2026-03-21,23558.24,wallet,failed,authentication_failed,payment_link,False,0.0
PAY005829,CUST00668,2026-08-21,21684.07,card,success,,no_action,False,0.0
PAY005830,CUST00774,2026-07-22,5301.6,wallet,failed,insufficient_funds,payment_link,False,0.0
PAY005831,CUST00627,2026-06-24,16819.65,card,success,,no_action,False,0.0
PAY005832,CUST00024,2026-07-31,9292.78,card,success,,no_action,False,0.0
PAY005833,CUST00288,2026-07-30,16366.39,wallet,success,,no_action,False,0.0
PAY005834,CUST00252,2026-06-24,24933.18,upi,failed,card_declined,payment_link,True,24933.18
PAY005835,CUST00061,2026-02-28,925.18,netbanking,success,,no_action,False,0.0
PAY005836,CUST00801,2026-03-14,13015.6,card,success,,no_action,False,0.0
PAY005837,CUST00281,2026-04-22,3338.01,upi,success,,no_action,False,0.0
PAY005838,CUST00306,2026-06-09,5587.89,upi,success,,no_action,False,0.0
PAY005839,CUST00346,2026-08-23,23222.72,netbanking,success,,no_action,False,0.0
PAY005840,CUST00555,2026-08-11,12163.86,upi,success,,no_action,False,0.0
PAY005841,CUST00176,2026-07-02,2547.42,card,success,,no_action,False,0.0
PAY005842,CUST00191,2026-05-20,17821.89,upi,success,,no_action,False,0.0
PAY005843,CUST00936,2026-05-23,1697.19,netbanking,success,,no_action,False,0.0
PAY005844,CUST00761,2026-03-26,21126.03,netbanking,success,,no_action,False,0.0
PAY005845,CUST00217,2026-07-08,2811.95,wallet,failed,card_declined,payment_link,False,0.0
PAY005846,CUST00883,2026-07-14,18960.73,upi,failed,card_declined,payment_link,True,18960.73
PAY005847,CUST00575,2026-07-20,20926.96,wallet,success,,no_action,False,0.0
PAY005848,CUST00862,2026-04-28,3178.94,upi,success,,no_action,False,0.0
PAY005849,CUST00545,2026-06-18,3158.18,upi,success,,no_action,False,0.0
PAY005850,CUST00373,2026-05-07,10535.31,netbanking,success,,no_action,False,0.0
PAY005851,CUST00530,2026-04-26,4785.83,netbanking,success,,no_action,False,0.0
PAY005852,CUST00503,2026-06-08,1391.45,card,success,,no_action,False,0.0
PAY005853,CUST00234,2026-06-29,10207.25,upi,success,,no_action,False,0.0
PAY005854,CUST00410,2026-05-28,25173.71,card,success,,no_action,False,0.0
PAY005855,CUST00526,2026-05-05,16035.58,card,success,,no_action,False,0.0
PAY005856,CUST00260,2026-04-12,20597.22,card,success,,no_action,False,0.0
PAY005857,CUST00558,2026-07-13,5104.21,upi,failed,insufficient_funds,payment_link,True,5104.21
PAY005858,CUST00391,2026-06-04,14991.46,card,success,,no_action,False,0.0
PAY005859,CUST00940,2026-07-08,43122.41,wallet,success,,no_action,False,0.0
PAY005860,CUST00623,2026-03-03,21737.49,upi,success,,no_action,False,0.0
PAY005861,CUST00802,2026-05-26,641.45,netbanking,success,,no_action,False,0.0
PAY005862,CUST00932,2026-06-07,3854.23,netbanking,success,,no_action,False,0.0
PAY005863,CUST00513,2026-03-20,30127.78,netbanking,failed,card_declined,payment_link,True,30127.78
PAY005864,CUST00274,2026-08-18,681.89,card,success,,no_action,False,0.0
PAY005865,CUST00280,2026-05-27,5276.91,netbanking,success,,no_action,False,0.0
PAY005866,CUST00691,2026-03-05,2445.54,wallet,success,,no_action,False,0.0
PAY005867,CUST00010,2026-06-11,11059.15,card,success,,no_action,False,0.0
PAY005868,CUST00659,2026-04-05,10879.11,upi,success,,no_action,False,0.0
PAY005869,CUST00980,2026-03-23,6456.18,wallet,failed,timeout,retry,True,6456.18
PAY005870,CUST00668,2026-04-20,23448.44,wallet,success,,no_action,False,0.0
PAY005871,CUST00400,2026-03-12,15228.61,netbanking,success,,no_action,False,0.0
PAY005872,CUST00965,2026-07-25,6196.63,netbanking,failed,timeout,retry,True,6196.63
PAY005873,CUST00199,2026-05-29,20501.43,card,success,,no_action,False,0.0
PAY005874,CUST00034,2026-06-11,7786.32,card,success,,no_action,False,0.0
PAY005875,CUST00823,2026-07-11,1344.13,card,success,,no_action,False,0.0
PAY005876,CUST00644,2026-04-15,15644.14,netbanking,success,,no_action,False,0.0
PAY005877,CUST00893,2026-08-21,2066.8,wallet,success,,no_action,False,0.0
PAY005878,CUST00431,2026-07-22,5796.23,upi,success,,no_action,False,0.0
PAY005879,CUST00339,2026-04-13,11626.26,card,success,,no_action,False,0.0
PAY005880,CUST00609,2026-08-01,9935.66,netbanking,success,,no_action,False,0.0
PAY005881,CUST00767,2026-03-19,15776.44,netbanking,success,,no_action,False,0.0
PAY005882,CUST00760,2026-06-17,28069.43,wallet,failed,timeout,reminder,False,0.0
PAY005883,CUST00134,2026-03-15,357.47,card,failed,insufficient_funds,reminder,True,357.47
PAY005884,CUST00664,2026-05-15,16827.2,wallet,success,,no_action,False,0.0
PAY005885,CUST00473,2026-04-26,8215.21,netbanking,success,,no_action,False,0.0
PAY005886,CUST00321,2026-04-21,8990.45,card,success,,no_action,False,0.0
PAY005887,CUST00565,2026-03-21,1962.44,netbanking,failed,authentication_failed,reminder,True,1962.44
PAY005888,CUST00704,2026-06-19,24274.46,card,success,,no_action,False,0.0
PAY005889,CUST00014,2026-08-04,992.5,card,success,,no_action,False,0.0
PAY005890,CUST00291,2026-03-17,5398.42,netbanking,success,,no_action,False,0.0
PAY005891,CUST00756,2026-05-09,7438.17,netbanking,failed,authentication_failed,reminder,True,7438.17
PAY005892,CUST00093,2026-08-25,2018.2,netbanking,success,,no_action,False,0.0
PAY005893,CUST00913,2026-05-26,12163.03,upi,success,,no_action,False,0.0
PAY005894,CUST00793,2026-04-21,3549.99,upi,failed,authentication_failed,payment_link,True,3549.99
PAY005895,CUST00495,2026-06-09,2883.8,wallet,success,,no_action,False,0.0
PAY005896,CUST00675,2026-07-18,13346.32,wallet,success,,no_action,False,0.0
PAY005897,CUST00128,2026-05-20,21398.68,upi,success,,no_action,False,0.0
PAY005898,CUST00388,2026-06-26,17873.01,netbanking,success,,no_action,False,0.0
PAY005899,CUST00099,2026-07-10,10613.99,upi,failed,timeout,retry,False,0.0
PAY005900,CUST00887,2026-07-28,854.92,wallet,failed,timeout,reminder,False,0.0
PAY005901,CUST00285,2026-07-23,50000.0,card,success,,no_action,False,0.0
PAY005902,CUST00124,2026-06-08,2681.56,card,failed,insufficient_funds,payment_link,True,2681.56
PAY005903,CUST00264,2026-04-28,20264.07,card,failed,authentication_failed,payment_link,True,20264.07
PAY005904,CUST00062,2026-05-14,6508.58,wallet,success,,no_action,False,0.0
PAY005905,CUST00177,2026-08-16,4934.92,wallet,success,,no_action,False,0.0
PAY005906,CUST00529,2026-08-16,7296.64,netbanking,failed,card_declined,reminder,True,7296.64
PAY005907,CUST00495,2026-03-12,3451.09,wallet,success,,no_action,False,0.0
PAY005908,CUST00481,2026-05-24,13134.51,card,success,,no_action,False,0.0
PAY005909,CUST00249,2026-08-11,21472.39,upi,success,,no_action,False,0.0
PAY005910,CUST00745,2026-04-08,1323.23,card,success,,no_action,False,0.0
PAY005911,CUST00774,2026-08-15,6638.33,card,success,,no_action,False,0.0
PAY005912,CUST00416,2026-04-04,11281.44,wallet,success,,no_action,False,0.0
PAY005913,CUST00555,2026-04-22,6939.64,upi,success,,no_action,False,0.0
PAY005914,CUST00849,2026-06-10,12585.05,netbanking,success,,no_action,False,0.0
PAY005915,CUST00315,2026-03-01,15096.07,upi,failed,timeout,retry,True,15096.07
PAY005916,CUST00194,2026-07-27,28528.07,wallet,success,,no_action,False,0.0
PAY005917,CUST00864,2026-03-13,27683.89,upi,success,,no_action,False,0.0
PAY005918,CUST00541,2026-07-24,617.37,wallet,failed,timeout,retry,True,617.37
PAY005919,CUST00231,2026-07-07,16181.69,card,success,,no_action,False,0.0
PAY005920,CUST00241,2026-07-28,455.84,netbanking,success,,no_action,False,0.0
PAY005921,CUST00159,2026-07-14,9161.3,wallet,success,,no_action,False,0.0
PAY005922,CUST00451,2026-04-12,2701.87,wallet,success,,no_action,False,0.0
PAY005923,CUST00631,2026-05-24,5966.23,wallet,failed,timeout,reminder,False,0.0
PAY005924,CUST00405,2026-06-15,1303.05,netbanking,success,,no_action,False,0.0
PAY005925,CUST00483,2026-03-24,20352.69,card,failed,authentication_failed,payment_link,True,20352.69
PAY005926,CUST00458,2026-07-23,578.37,netbanking,success,,no_action,False,0.0
PAY005927,CUST00359,2026-05-22,6910.32,card,success,,no_action,False,0.0
PAY005928,CUST00784,2026-03-13,6200.5,upi,success,,no_action,False,0.0
PAY005929,CUST00191,2026-03-30,11971.05,upi,success,,no_action,False,0.0
PAY005930,CUST00866,2026-05-02,12329.21,wallet,success,,no_action,False,0.0
PAY005931,CUST00354,2026-02-28,18773.43,wallet,success,,no_action,False,0.0
PAY005932,CUST00627,2026-05-03,39869.5,card,failed,network_error,retry,True,39869.5
PAY005933,CUST00795,2026-06-16,19214.64,upi,success,,no_action,False,0.0
PAY005934,CUST00528,2026-04-05,1327.88,netbanking,success,,no_action,False,0.0
PAY005935,CUST00279,2026-05-24,6057.7,netbanking,success,,no_action,False,0.0
PAY005936,CUST00726,2026-08-07,9383.89,upi,success,,no_action,False,0.0
PAY005937,CUST00589,2026-06-10,3158.13,netbanking,failed,card_declined,payment_link,True,3158.13
PAY005938,CUST00615,2026-07-02,11618.45,upi,success,,no_action,False,0.0
PAY005939,CUST00445,2026-05-27,2118.86,upi,success,,no_action,False,0.0
PAY005940,CUST00714,2026-07-09,24517.54,wallet,success,,no_action,False,0.0
PAY005941,CUST00237,2026-04-12,692.79,upi,success,,no_action,False,0.0
PAY005942,CUST00191,2026-04-20,16174.92,netbanking,success,,no_action,False,0.0
PAY005943,CUST00105,2026-03-11,4787.53,wallet,failed,timeout,reminder,True,4787.53
PAY005944,CUST00008,2026-04-20,16568.9,netbanking,success,,no_action,False,0.0
PAY005945,CUST00258,2026-04-17,23407.86,wallet,success,,no_action,False,0.0
PAY005946,CUST00196,2026-04-17,6139.49,upi,success,,no_action,False,0.0
PAY005947,CUST00700,2026-05-30,1853.45,upi,success,,no_action,False,0.0
PAY005948,CUST00409,2026-08-10,7416.06,card,success,,no_action,False,0.0
PAY005949,CUST00499,2026-04-23,11963.17,card,success,,no_action,False,0.0
PAY005950,CUST00451,2026-08-09,3203.74,card,success,,no_action,False,0.0
PAY005951,CUST00642,2026-06-13,6673.38,card,success,,no_action,False,0.0
PAY005952,CUST00586,2026-08-12,11547.47,wallet,success,,no_action,False,0.0
PAY005953,CUST00643,2026-08-21,15434.9,netbanking,success,,no_action,False,0.0
PAY005954,CUST00148,2026-08-15,6289.43,card,success,,no_action,False,0.0
PAY005955,CUST00714,2026-03-05,11223.35,upi,success,,no_action,False,0.0
PAY005956,CUST00331,2026-08-06,7565.88,upi,success,,no_action,False,0.0
PAY005957,CUST00844,2026-05-29,9442.03,wallet,success,,no_action,False,0.0
PAY005958,CUST00632,2026-03-31,23512.44,upi,success,,no_action,False,0.0
PAY005959,CUST00539,2026-06-22,24921.13,card,success,,no_action,False,0.0
PAY005960,CUST00629,2026-04-22,1672.25,wallet,failed,timeout,retry,True,1672.25
PAY005961,CUST00694,2026-03-22,21555.37,card,success,,no_action,False,0.0
PAY005962,CUST00609,2026-08-17,22015.95,netbanking,success,,no_action,False,0.0
PAY005963,CUST00431,2026-03-05,12721.07,card,success,,no_action,False,0.0
PAY005964,CUST00131,2026-06-17,10109.62,netbanking,success,,no_action,False,0.0
PAY005965,CUST00445,2026-03-07,2593.37,wallet,success,,no_action,False,0.0
PAY005966,CUST00413,2026-05-13,9212.55,wallet,success,,no_action,False,0.0
PAY005967,CUST00507,2026-06-15,12811.15,netbanking,failed,authentication_failed,payment_link,True,12811.15
PAY005968,CUST00253,2026-05-28,6291.82,upi,success,,no_action,False,0.0
PAY005969,CUST00742,2026-05-22,6992.14,card,success,,no_action,False,0.0
PAY005970,CUST00190,2026-06-26,4851.21,netbanking,success,,no_action,False,0.0
PAY005971,CUST00391,2026-06-08,13935.01,netbanking,success,,no_action,False,0.0
PAY005972,CUST00248,2026-07-22,14233.46,wallet,success,,no_action,False,0.0
PAY005973,CUST00693,2026-04-18,13073.26,netbanking,failed,authentication_failed,payment_link,True,13073.26
PAY005974,CUST00570,2026-05-10,18698.5,netbanking,success,,no_action,False,0.0
PAY005975,CUST00425,2026-06-26,11016.0,netbanking,success,,no_action,False,0.0
PAY005976,CUST00060,2026-03-11,19115.46,wallet,success,,no_action,False,0.0
PAY005977,CUST00154,2026-06-03,10060.33,upi,failed,network_error,reminder,False,0.0
PAY005978,CUST00688,2026-04-09,10574.55,wallet,success,,no_action,False,0.0
PAY005979,CUST00360,2026-08-25,13352.81,wallet,success,,no_action,False,0.0
PAY005980,CUST00847,2026-04-19,10408.12,upi,success,,no_action,False,0.0
PAY005981,CUST00292,2026-03-14,6279.75,upi,success,,no_action,False,0.0
PAY005982,CUST00437,2026-03-22,12657.31,wallet,success,,no_action,False,0.0
PAY005983,CUST00595,2026-06-16,2987.32,netbanking,success,,no_action,False,0.0
PAY005984,CUST00406,2026-04-06,16125.53,card,failed,card_declined,payment_link,False,0.0
PAY005985,CUST00424,2026-08-05,679.02,wallet,failed,authentication_failed,reminder,False,0.0
PAY005986,CUST00708,2026-07-07,10204.41,upi,success,,no_action,False,0.0
PAY005987,CUST00366,2026-06-16,1477.12,netbanking,success,,no_action,False,0.0
PAY005988,CUST00815,2026-07-29,10269.74,card,failed,authentication_failed,reminder,False,0.0
PAY005989,CUST00203,2026-05-30,6222.37,netbanking,failed,timeout,retry,True,6222.37
PAY005990,CUST00654,2026-05-26,6775.88,card,success,,no_action,False,0.0
PAY005991,CUST00770,2026-07-23,7034.81,netbanking,success,,no_action,False,0.0
PAY005992,CUST00856,2026-07-02,13014.91,netbanking,success,,no_action,False,0.0
PAY005993,CUST00812,2026-07-16,1068.72,upi,success,,no_action,False,0.0
PAY005994,CUST00904,2026-05-20,20048.28,card,success,,no_action,False,0.0
PAY005995,CUST00134,2026-05-25,200.0,netbanking,success,,no_action,False,0.0
PAY005996,CUST00941,2026-06-19,13179.79,card,success,,no_action,False,0.0
PAY005997,CUST00556,2026-06-19,20011.42,netbanking,success,,no_action,False,0.0
PAY005998,CUST00093,2026-05-04,949.77,upi,failed,expired_card,reminder,True,949.77
PAY005999,CUST00364,2026-06-09,14488.34,card,success,,no_action,False,0.0
PAY006000,CUST00521,2026-05-19,1956.33,card,success,,no_action,False,0.0
PAY006001,CUST00060,2026-07-06,17197.7,upi,success,,no_action,False,0.0
PAY006002,CUST00882,2026-07-31,4531.69,wallet,success,,no_action,False,0.0
PAY006003,CUST00976,2026-04-23,14151.11,upi,success,,no_action,False,0.0
PAY006004,CUST00306,2026-07-28,8141.94,netbanking,success,,no_action,False,0.0
PAY006005,CUST00338,2026-08-20,5262.77,upi,failed,card_declined,reminder,False,0.0
PAY006006,CUST00365,2026-07-09,2587.56,wallet,success,,no_action,False,0.0
PAY006007,CUST00560,2026-05-16,9776.48,card,success,,no_action,False,0.0
PAY006008,CUST00430,2026-04-21,7597.63,card,failed,authentication_failed,reminder,False,0.0
PAY006009,CUST00489,2026-05-07,8181.85,wallet,success,,no_action,False,0.0
PAY006010,CUST00471,2026-03-18,6133.29,card,success,,no_action,False,0.0
PAY006011,CUST00437,2026-03-27,19149.01,card,success,,no_action,False,0.0
PAY006012,CUST00832,2026-05-17,9796.02,upi,failed,timeout,reminder,True,9796.02
PAY006013,CUST00360,2026-03-15,23986.92,wallet,failed,timeout,reminder,False,0.0
PAY006014,CUST00654,2026-05-14,4035.96,card,success,,no_action,False,0.0
PAY006015,CUST00126,2026-04-23,2775.56,netbanking,success,,no_action,False,0.0
PAY006016,CUST00221,2026-08-14,7041.43,wallet,success,,no_action,False,0.0
PAY006017,CUST00411,2026-04-24,17855.29,card,success,,no_action,False,0.0
PAY006018,CUST00528,2026-05-23,1575.05,card,success,,no_action,False,0.0
PAY006019,CUST00805,2026-07-08,8899.99,wallet,success,,no_action,False,0.0
PAY006020,CUST00012,2026-05-12,23132.71,card,success,,no_action,False,0.0
PAY006021,CUST00831,2026-03-22,20667.93,netbanking,success,,no_action,False,0.0
PAY006022,CUST00987,2026-08-12,2882.88,card,success,,no_action,False,0.0
PAY006023,CUST00828,2026-07-31,10109.37,card,success,,no_action,False,0.0
PAY006024,CUST00582,2026-06-01,18684.75,wallet,success,,no_action,False,0.0
PAY006025,CUST00038,2026-07-23,18892.34,netbanking,success,,no_action,False,0.0
PAY006026,CUST00098,2026-06-18,4759.97,upi,failed,authentication_failed,reminder,True,4759.97
PAY006027,CUST00084,2026-02-27,17428.64,wallet,failed,network_error,reminder,True,17428.64
PAY006028,CUST00550,2026-04-19,28678.88,upi,success,,no_action,False,0.0
PAY006029,CUST00725,2026-07-18,21797.54,upi,success,,no_action,False,0.0
PAY006030,CUST00929,2026-08-24,16991.46,netbanking,success,,no_action,False,0.0
PAY006031,CUST00104,2026-07-27,4749.52,wallet,success,,no_action,False,0.0
PAY006032,CUST00226,2026-05-27,31091.38,upi,success,,no_action,False,0.0
PAY006033,CUST00168,2026-05-04,15821.96,upi,success,,no_action,False,0.0
PAY006034,CUST00043,2026-08-18,7535.33,upi,success,,no_action,False,0.0
PAY006035,CUST00075,2026-07-09,4543.42,wallet,success,,no_action,False,0.0
PAY006036,CUST00570,2026-02-27,17072.64,wallet,success,,no_action,False,0.0
PAY006037,CUST00398,2026-08-21,16546.76,wallet,success,,no_action,False,0.0
PAY006038,CUST00941,2026-03-06,22120.43,wallet,failed,timeout,reminder,True,22120.43
PAY006039,CUST00666,2026-06-05,4919.7,upi,success,,no_action,False,0.0
PAY006040,CUST00607,2026-07-01,5229.6,card,success,,no_action,False,0.0
PAY006041,CUST00690,2026-03-28,17890.4,card,success,,no_action,False,0.0
PAY006042,CUST00568,2026-03-29,1251.65,card,success,,no_action,False,0.0
PAY006043,CUST00684,2026-08-10,19396.35,upi,success,,no_action,False,0.0
PAY006044,CUST00799,2026-04-13,20407.4,upi,success,,no_action,False,0.0
PAY006045,CUST00333,2026-07-06,1175.04,netbanking,success,,no_action,False,0.0
PAY006046,CUST00788,2026-04-05,6901.07,upi,success,,no_action,False,0.0
PAY006047,CUST00227,2026-06-16,5119.39,card,failed,timeout,retry,True,5119.39
PAY006048,CUST00569,2026-08-07,5279.78,card,failed,authentication_failed,reminder,False,0.0
PAY006049,CUST00111,2026-03-10,1808.22,wallet,success,,no_action,False,0.0
PAY006050,CUST00991,2026-04-03,4225.92,upi,success,,no_action,False,0.0
PAY006051,CUST00773,2026-03-29,2312.18,card,failed,network_error,retry,True,2312.18
PAY006052,CUST00415,2026-06-10,7042.47,card,success,,no_action,False,0.0
PAY006053,CUST00860,2026-08-24,6893.76,card,success,,no_action,False,0.0
PAY006054,CUST00078,2026-07-17,3202.3,card,success,,no_action,False,0.0
PAY006055,CUST00861,2026-07-20,3186.8,upi,success,,no_action,False,0.0
PAY006056,CUST00334,2026-06-09,10447.64,netbanking,success,,no_action,False,0.0
PAY006057,CUST00012,2026-03-31,24243.69,netbanking,failed,authentication_failed,reminder,True,24243.69
PAY006058,CUST00709,2026-07-18,18188.88,wallet,success,,no_action,False,0.0
PAY006059,CUST00226,2026-03-08,27551.75,netbanking,success,,no_action,False,0.0
PAY006060,CUST00499,2026-04-03,9560.65,netbanking,success,,no_action,False,0.0
PAY006061,CUST00682,2026-05-28,4807.78,card,success,,no_action,False,0.0
PAY006062,CUST00466,2026-04-15,50000.0,wallet,failed,card_declined,payment_link,True,50000.0
PAY006063,CUST00691,2026-06-05,1673.55,netbanking,success,,no_action,False,0.0
PAY006064,CUST00620,2026-03-22,17182.62,netbanking,success,,no_action,False,0.0
PAY006065,CUST00401,2026-07-10,5364.11,netbanking,success,,no_action,False,0.0
PAY006066,CUST00646,2026-05-18,386.43,netbanking,failed,network_error,reminder,False,0.0
PAY006067,CUST00597,2026-08-20,15146.59,card,success,,no_action,False,0.0
PAY006068,CUST00397,2026-06-05,21058.87,wallet,success,,no_action,False,0.0
PAY006069,CUST00397,2026-07-14,22722.43,upi,success,,no_action,False,0.0
PAY006070,CUST00409,2026-03-30,3176.52,netbanking,success,,no_action,False,0.0
PAY006071,CUST00277,2026-08-17,18337.09,wallet,failed,authentication_failed,reminder,False,0.0
PAY006072,CUST00423,2026-04-07,24534.64,wallet,success,,no_action,False,0.0
PAY006073,CUST00860,2026-08-20,12895.17,wallet,success,,no_action,False,0.0
PAY006074,CUST00303,2026-07-03,4959.16,netbanking,success,,no_action,False,0.0
PAY006075,CUST00975,2026-04-04,2595.97,upi,success,,no_action,False,0.0
PAY006076,CUST00331,2026-05-24,8766.56,upi,success,,no_action,False,0.0
PAY006077,CUST00848,2026-07-09,8105.0,wallet,failed,insufficient_funds,reminder,True,8105.0
PAY006078,CUST00858,2026-03-25,984.38,card,success,,no_action,False,0.0
PAY006079,CUST00371,2026-04-05,7231.22,card,success,,no_action,False,0.0
PAY006080,CUST00009,2026-03-20,9891.76,upi,success,,no_action,False,0.0
PAY006081,CUST00193,2026-06-01,200.0,card,success,,no_action,False,0.0
PAY006082,CUST00941,2026-04-05,11319.5,upi,success,,no_action,False,0.0
PAY006083,CUST00249,2026-03-29,19650.96,upi,success,,no_action,False,0.0
PAY006084,CUST00007,2026-03-25,8077.15,netbanking,failed,timeout,payment_link,True,8077.15
PAY006085,CUST00812,2026-05-08,581.26,netbanking,failed,timeout,retry,True,581.26
PAY006086,CUST00883,2026-05-04,34135.09,wallet,success,,no_action,False,0.0
PAY006087,CUST00712,2026-08-07,14583.69,upi,success,,no_action,False,0.0
PAY006088,CUST00477,2026-05-14,7305.48,upi,success,,no_action,False,0.0
PAY006089,CUST00047,2026-03-27,1296.58,upi,success,,no_action,False,0.0
PAY006090,CUST00438,2026-08-04,28699.63,card,success,,no_action,False,0.0
PAY006091,CUST00963,2026-08-12,9544.18,card,success,,no_action,False,0.0
PAY006092,CUST00016,2026-05-16,26523.44,wallet,success,,no_action,False,0.0
PAY006093,CUST00167,2026-06-24,8382.16,wallet,success,,no_action,False,0.0
PAY006094,CUST00532,2026-07-05,5495.98,wallet,failed,timeout,reminder,True,5495.98
PAY006095,CUST00485,2026-06-12,8564.08,wallet,failed,expired_card,reminder,False,0.0
PAY006096,CUST00219,2026-07-02,14745.78,upi,success,,no_action,False,0.0
PAY006097,CUST00844,2026-05-12,10777.89,upi,success,,no_action,False,0.0
PAY006098,CUST00766,2026-03-15,15072.76,upi,success,,no_action,False,0.0
PAY006099,CUST00921,2026-04-14,19431.88,wallet,failed,timeout,reminder,True,19431.88
PAY006100,CUST00567,2026-05-30,25052.35,upi,success,,no_action,False,0.0
PAY006101,CUST00236,2026-06-26,19342.58,upi,success,,no_action,False,0.0
PAY006102,CUST00163,2026-06-03,26845.49,wallet,success,,no_action,False,0.0
PAY006103,CUST00938,2026-07-15,19386.24,wallet,failed,authentication_failed,payment_link,True,19386.24
PAY006104,CUST00994,2026-08-15,4399.03,wallet,success,,no_action,False,0.0
PAY006105,CUST00133,2026-05-17,20349.35,card,success,,no_action,False,0.0
PAY006106,CUST00213,2026-06-05,988.99,upi,success,,no_action,False,0.0
PAY006107,CUST00569,2026-03-24,8008.71,netbanking,success,,no_action,False,0.0
PAY006108,CUST00381,2026-08-13,7485.33,wallet,success,,no_action,False,0.0
PAY006109,CUST00671,2026-05-12,3599.93,card,success,,no_action,False,0.0
PAY006110,CUST00729,2026-08-07,15804.88,netbanking,success,,no_action,False,0.0
PAY006111,CUST00839,2026-06-05,10618.56,card,success,,no_action,False,0.0
PAY006112,CUST00084,2026-07-28,27363.1,upi,success,,no_action,False,0.0
PAY006113,CUST00392,2026-06-24,26544.94,netbanking,success,,no_action,False,0.0
PAY006114,CUST00320,2026-08-01,3087.7,card,success,,no_action,False,0.0
PAY006115,CUST00871,2026-03-29,10558.21,wallet,success,,no_action,False,0.0
PAY006116,CUST00700,2026-04-09,1668.27,upi,failed,authentication_failed,payment_link,False,0.0
PAY006117,CUST00638,2026-03-04,1836.91,wallet,failed,network_error,reminder,True,1836.91
PAY006118,CUST00769,2026-05-14,9524.58,netbanking,success,,no_action,False,0.0
PAY006119,CUST00615,2026-07-14,12716.74,wallet,success,,no_action,False,0.0
PAY006120,CUST00718,2026-07-11,6991.87,wallet,success,,no_action,False,0.0
PAY006121,CUST00537,2026-03-11,5603.22,card,failed,network_error,retry,True,5603.22
PAY006122,CUST00971,2026-07-22,18331.77,upi,success,,no_action,False,0.0
PAY006123,CUST00605,2026-05-02,352.02,upi,success,,no_action,False,0.0
PAY006124,CUST00223,2026-07-01,2589.62,upi,success,,no_action,False,0.0
PAY006125,CUST00925,2026-03-09,24856.79,netbanking,success,,no_action,False,0.0
PAY006126,CUST00976,2026-04-25,19523.51,upi,success,,no_action,False,0.0
PAY006127,CUST00892,2026-03-08,1151.97,netbanking,success,,no_action,False,0.0
PAY006128,CUST00952,2026-03-28,2534.49,wallet,success,,no_action,False,0.0
PAY006129,CUST00320,2026-07-18,3052.86,upi,success,,no_action,False,0.0
PAY006130,CUST00475,2026-06-23,14658.18,wallet,success,,no_action,False,0.0
PAY006131,CUST00019,2026-06-11,23136.82,upi,success,,no_action,False,0.0
PAY006132,CUST00881,2026-08-17,10621.44,wallet,success,,no_action,False,0.0
PAY006133,CUST00991,2026-04-02,4256.4,wallet,success,,no_action,False,0.0
PAY006134,CUST00166,2026-04-13,754.41,upi,success,,no_action,False,0.0
PAY006135,CUST00807,2026-04-21,10470.86,upi,success,,no_action,False,0.0
PAY006136,CUST00880,2026-05-03,15325.08,upi,success,,no_action,False,0.0
PAY006137,CUST00781,2026-05-03,2711.47,wallet,success,,no_action,False,0.0
PAY006138,CUST00726,2026-05-29,9475.03,upi,failed,expired_card,payment_link,False,0.0
PAY006139,CUST00660,2026-08-14,8244.05,wallet,success,,no_action,False,0.0
PAY006140,CUST00779,2026-05-06,21676.29,wallet,success,,no_action,False,0.0
PAY006141,CUST00557,2026-05-01,8851.11,netbanking,failed,insufficient_funds,reminder,True,8851.11
PAY006142,CUST00670,2026-05-07,20509.15,netbanking,success,,no_action,False,0.0
PAY006143,CUST00593,2026-07-09,8911.42,card,success,,no_action,False,0.0
PAY006144,CUST00674,2026-04-06,7771.76,wallet,success,,no_action,False,0.0
PAY006145,CUST00991,2026-03-05,6649.51,netbanking,success,,no_action,False,0.0
PAY006146,CUST00894,2026-03-02,2444.65,card,success,,no_action,False,0.0
PAY006147,CUST00315,2026-07-11,28168.87,upi,failed,expired_card,reminder,True,28168.87
PAY006148,CUST00098,2026-05-29,7491.52,netbanking,success,,no_action,False,0.0
PAY006149,CUST00756,2026-05-03,8630.23,netbanking,success,,no_action,False,0.0
PAY006150,CUST00171,2026-06-10,13672.44,upi,failed,card_declined,reminder,False,0.0
PAY006151,CUST00199,2026-07-03,23106.59,wallet,success,,no_action,False,0.0
PAY006152,CUST00182,2026-05-30,16474.86,wallet,success,,no_action,False,0.0
PAY006153,CUST00582,2026-07-19,18790.92,upi,success,,no_action,False,0.0
PAY006154,CUST00436,2026-05-02,17221.44,netbanking,success,,no_action,False,0.0
PAY006155,CUST00610,2026-04-23,6628.44,card,success,,no_action,False,0.0
PAY006156,CUST00794,2026-07-01,9293.26,netbanking,success,,no_action,False,0.0
PAY006157,CUST00876,2026-07-31,12306.29,upi,success,,no_action,False,0.0
PAY006158,CUST00622,2026-03-05,10411.12,wallet,success,,no_action,False,0.0
PAY006159,CUST00034,2026-04-24,5623.34,card,success,,no_action,False,0.0
PAY006160,CUST00625,2026-04-13,10581.18,card,success,,no_action,False,0.0
PAY006161,CUST00768,2026-05-01,6605.69,upi,success,,no_action,False,0.0
PAY006162,CUST00512,2026-02-26,17694.28,netbanking,failed,authentication_failed,payment_link,True,17694.28
PAY006163,CUST00885,2026-06-04,7791.68,wallet,success,,no_action,False,0.0
PAY006164,CUST00796,2026-03-02,17350.16,wallet,success,,no_action,False,0.0
PAY006165,CUST00320,2026-06-29,1553.35,card,success,,no_action,False,0.0
PAY006166,CUST00230,2026-07-22,303.71,wallet,success,,no_action,False,0.0
PAY006167,CUST00391,2026-06-05,11440.69,wallet,success,,no_action,False,0.0
PAY006168,CUST00463,2026-04-13,12125.92,wallet,success,,no_action,False,0.0
PAY006169,CUST00780,2026-06-16,19879.83,upi,success,,no_action,False,0.0
PAY006170,CUST00313,2026-06-05,10428.94,netbanking,success,,no_action,False,0.0
PAY006171,CUST00582,2026-08-03,21758.71,wallet,failed,expired_card,reminder,False,0.0
PAY006172,CUST00481,2026-08-19,20350.46,netbanking,success,,no_action,False,0.0
PAY006173,CUST00455,2026-07-01,1873.26,upi,success,,no_action,False,0.0
PAY006174,CUST00479,2026-08-03,19557.42,netbanking,success,,no_action,False,0.0
PAY006175,CUST00099,2026-04-19,9707.71,wallet,success,,no_action,False,0.0
PAY006176,CUST00641,2026-07-26,4591.91,wallet,success,,no_action,False,0.0
PAY006177,CUST00435,2026-07-17,5110.88,netbanking,success,,no_action,False,0.0
PAY006178,CUST00705,2026-07-10,13147.48,wallet,failed,insufficient_funds,payment_link,False,0.0
PAY006179,CUST00352,2026-05-25,23561.94,wallet,success,,no_action,False,0.0
PAY006180,CUST00513,2026-06-11,10800.73,netbanking,failed,timeout,reminder,False,0.0
PAY006181,CUST00281,2026-04-18,6209.21,netbanking,failed,insufficient_funds,reminder,True,6209.21
PAY006182,CUST00154,2026-05-04,4331.78,wallet,failed,expired_card,payment_link,False,0.0
PAY006183,CUST00754,2026-08-12,6677.4,netbanking,success,,no_action,False,0.0
PAY006184,CUST00760,2026-05-27,15928.9,netbanking,failed,timeout,reminder,True,15928.9
PAY006185,CUST00863,2026-06-19,9927.05,upi,success,,no_action,False,0.0
PAY006186,CUST00929,2026-03-31,18349.2,card,success,,no_action,False,0.0
PAY006187,CUST00260,2026-04-10,21059.61,card,failed,card_declined,payment_link,True,21059.61
PAY006188,CUST00615,2026-07-10,9298.45,netbanking,success,,no_action,False,0.0
PAY006189,CUST00626,2026-04-25,11528.25,wallet,success,,no_action,False,0.0
PAY006190,CUST00658,2026-05-26,18262.69,card,success,,no_action,False,0.0
PAY006191,CUST00287,2026-06-29,6643.64,card,success,,no_action,False,0.0
PAY006192,CUST00538,2026-07-12,8203.38,upi,success,,no_action,False,0.0
PAY006193,CUST00381,2026-04-14,7139.53,wallet,success,,no_action,False,0.0
PAY006194,CUST00739,2026-07-10,10865.61,wallet,success,,no_action,False,0.0
PAY006195,CUST00044,2026-03-05,11769.35,netbanking,success,,no_action,False,0.0
PAY006196,CUST00487,2026-02-26,14302.03,netbanking,success,,no_action,False,0.0
PAY006197,CUST00740,2026-08-25,15798.13,wallet,success,,no_action,False,0.0
PAY006198,CUST00264,2026-04-03,23304.01,card,success,,no_action,False,0.0
PAY006199,CUST00418,2026-07-12,14139.97,netbanking,success,,no_action,False,0.0
PAY006200,CUST00463,2026-08-10,9227.8,upi,failed,network_error,retry,True,9227.8
PAY006201,CUST00438,2026-06-06,19526.01,netbanking,success,,no_action,False,0.0
PAY006202,CUST00885,2026-04-17,10421.44,upi,failed,card_declined,payment_link,False,0.0
PAY006203,CUST00842,2026-05-22,4974.92,wallet,success,,no_action,False,0.0
PAY006204,CUST00609,2026-03-15,17026.74,netbanking,success,,no_action,False,0.0
PAY006205,CUST00055,2026-08-05,3124.13,card,success,,no_action,False,0.0
PAY006206,CUST00501,2026-06-06,4750.48,card,failed,authentication_failed,payment_link,True,4750.48
PAY006207,CUST00307,2026-06-24,11201.66,netbanking,success,,no_action,False,0.0
PAY006208,CUST00488,2026-05-04,3964.24,upi,failed,insufficient_funds,payment_link,True,3964.24
PAY006209,CUST00258,2026-06-20,19320.13,upi,success,,no_action,False,0.0
PAY006210,CUST00883,2026-04-20,19231.11,wallet,success,,no_action,False,0.0
PAY006211,CUST00876,2026-05-25,14167.79,netbanking,success,,no_action,False,0.0
PAY006212,CUST00685,2026-04-14,17025.42,upi,success,,no_action,False,0.0
PAY006213,CUST00779,2026-06-09,9859.84,wallet,success,,no_action,False,0.0
PAY006214,CUST00882,2026-03-19,5026.59,wallet,success,,no_action,False,0.0
PAY006215,CUST00652,2026-06-08,16024.24,card,failed,authentication_failed,payment_link,True,16024.24
PAY006216,CUST00945,2026-07-01,20735.89,card,success,,no_action,False,0.0
PAY006217,CUST00473,2026-08-10,16026.16,netbanking,success,,no_action,False,0.0
PAY006218,CUST00603,2026-04-20,17024.77,card,success,,no_action,False,0.0
PAY006219,CUST00932,2026-07-04,3101.73,upi,success,,no_action,False,0.0
PAY006220,CUST00457,2026-03-14,18263.37,card,success,,no_action,False,0.0
PAY006221,CUST00777,2026-05-30,19862.65,card,failed,network_error,reminder,False,0.0
PAY006222,CUST00122,2026-03-07,28471.51,netbanking,success,,no_action,False,0.0
PAY006223,CUST00989,2026-07-13,11083.1,wallet,success,,no_action,False,0.0
PAY006224,CUST00698,2026-04-17,559.57,netbanking,success,,no_action,False,0.0
PAY006225,CUST00825,2026-07-08,16117.65,card,success,,no_action,False,0.0
PAY006226,CUST00862,2026-08-21,3942.04,wallet,failed,expired_card,reminder,True,3942.04
PAY006227,CUST00695,2026-06-28,16803.63,card,failed,expired_card,payment_link,False,0.0
PAY006228,CUST00190,2026-06-21,4701.62,upi,success,,no_action,False,0.0
PAY006229,CUST00568,2026-06-05,2271.58,upi,success,,no_action,False,0.0
PAY006230,CUST00823,2026-07-08,1770.61,card,success,,no_action,False,0.0
PAY006231,CUST00334,2026-07-17,10553.04,netbanking,failed,expired_card,payment_link,True,10553.04
PAY006232,CUST00576,2026-04-14,11953.67,upi,success,,no_action,False,0.0
PAY006233,CUST00996,2026-06-01,4463.43,card,success,,no_action,False,0.0
PAY006234,CUST00447,2026-08-03,13244.14,netbanking,success,,no_action,False,0.0
PAY006235,CUST00640,2026-05-29,14337.82,card,success,,no_action,False,0.0
PAY006236,CUST00163,2026-08-13,27125.0,card,failed,authentication_failed,payment_link,False,0.0
PAY006237,CUST00638,2026-04-23,3510.89,wallet,success,,no_action,False,0.0
PAY006238,CUST00022,2026-06-08,7195.46,upi,failed,expired_card,payment_link,False,0.0
PAY006239,CUST00362,2026-07-28,15002.68,netbanking,failed,card_declined,payment_link,True,15002.68
PAY006240,CUST00659,2026-08-19,5804.71,netbanking,failed,insufficient_funds,payment_link,False,0.0
PAY006241,CUST00475,2026-03-04,11586.76,upi,success,,no_action,False,0.0
PAY006242,CUST00121,2026-07-18,17161.3,netbanking,success,,no_action,False,0.0
PAY006243,CUST01000,2026-05-11,7466.5,netbanking,success,,no_action,False,0.0
PAY006244,CUST00132,2026-08-22,29768.64,upi,success,,no_action,False,0.0
PAY006245,CUST00875,2026-03-12,1268.66,wallet,failed,card_declined,payment_link,False,0.0
PAY006246,CUST00309,2026-03-12,10131.82,card,success,,no_action,False,0.0
PAY006247,CUST00932,2026-05-10,3108.38,netbanking,success,,no_action,False,0.0
PAY006248,CUST00726,2026-06-30,3208.11,netbanking,success,,no_action,False,0.0
PAY006249,CUST00615,2026-04-05,14375.53,wallet,failed,authentication_failed,reminder,False,0.0
PAY006250,CUST00278,2026-03-24,21538.3,netbanking,success,,no_action,False,0.0
PAY006251,CUST00384,2026-06-30,12297.78,card,success,,no_action,False,0.0
PAY006252,CUST00149,2026-05-07,2875.31,upi,success,,no_action,False,0.0
PAY006253,CUST00873,2026-03-23,2193.02,upi,success,,no_action,False,0.0
PAY006254,CUST00517,2026-08-20,11530.34,netbanking,success,,no_action,False,0.0
PAY006255,CUST00429,2026-05-23,6794.39,card,success,,no_action,False,0.0
PAY006256,CUST00606,2026-08-03,21220.29,card,success,,no_action,False,0.0
PAY006257,CUST00337,2026-07-04,7932.95,netbanking,success,,no_action,False,0.0
PAY006258,CUST00465,2026-05-12,7048.05,netbanking,success,,no_action,False,0.0
PAY006259,CUST00525,2026-03-27,29024.3,netbanking,success,,no_action,False,0.0
PAY006260,CUST00907,2026-04-01,5585.98,card,success,,no_action,False,0.0
PAY006261,CUST00671,2026-05-11,4597.9,netbanking,success,,no_action,False,0.0
PAY006262,CUST00043,2026-05-29,11542.57,wallet,failed,network_error,retry,True,11542.57
PAY006263,CUST00355,2026-04-20,15266.62,netbanking,success,,no_action,False,0.0
PAY006264,CUST00378,2026-07-05,3636.11,card,success,,no_action,False,0.0
PAY006265,CUST00775,2026-06-20,16314.37,upi,success,,no_action,False,0.0
PAY006266,CUST00450,2026-07-02,11945.83,wallet,success,,no_action,False,0.0
PAY006267,CUST00279,2026-04-13,7735.82,netbanking,success,,no_action,False,0.0
PAY006268,CUST00379,2026-06-20,3918.07,upi,success,,no_action,False,0.0
PAY006269,CUST00152,2026-04-30,3902.2,netbanking,success,,no_action,False,0.0
PAY006270,CUST00495,2026-05-09,1727.56,card,success,,no_action,False,0.0
PAY006271,CUST00896,2026-07-16,11537.8,netbanking,failed,authentication_failed,payment_link,False,0.0
PAY006272,CUST00853,2026-05-04,7522.61,wallet,success,,no_action,False,0.0
PAY006273,CUST00945,2026-03-31,26042.53,card,success,,no_action,False,0.0
PAY006274,CUST00203,2026-07-01,11069.4,wallet,success,,no_action,False,0.0
PAY006275,CUST00121,2026-07-26,9190.21,upi,success,,no_action,False,0.0
PAY006276,CUST00227,2026-08-04,4858.6,upi,failed,network_error,retry,True,4858.6
PAY006277,CUST00752,2026-03-29,21683.01,card,success,,no_action,False,0.0
PAY006278,CUST00802,2026-08-18,944.66,upi,success,,no_action,False,0.0
PAY006279,CUST00495,2026-03-14,3606.17,wallet,success,,no_action,False,0.0
PAY006280,CUST00965,2026-04-18,7106.31,card,success,,no_action,False,0.0
PAY006281,CUST00283,2026-08-08,15332.27,card,success,,no_action,False,0.0
PAY006282,CUST00839,2026-04-28,14313.93,netbanking,success,,no_action,False,0.0
PAY006283,CUST00810,2026-08-04,28034.05,netbanking,success,,no_action,False,0.0
PAY006284,CUST00987,2026-03-29,5183.59,wallet,success,,no_action,False,0.0
PAY006285,CUST00435,2026-08-13,12829.4,upi,success,,no_action,False,0.0
PAY006286,CUST00496,2026-03-11,2006.1,wallet,success,,no_action,False,0.0
PAY006287,CUST00574,2026-05-14,3992.6,netbanking,success,,no_action,False,0.0
PAY006288,CUST00823,2026-03-18,1479.05,wallet,failed,insufficient_funds,reminder,True,1479.05
PAY006289,CUST00486,2026-05-21,30584.38,card,success,,no_action,False,0.0
PAY006290,CUST00697,2026-07-24,1736.09,upi,success,,no_action,False,0.0
PAY006291,CUST00468,2026-07-18,22158.03,upi,success,,no_action,False,0.0
PAY006292,CUST00393,2026-03-07,3640.12,upi,failed,timeout,reminder,False,0.0
PAY006293,CUST00537,2026-03-04,3021.65,netbanking,success,,no_action,False,0.0
PAY006294,CUST00091,2026-03-21,2897.02,upi,success,,no_action,False,0.0
PAY006295,CUST00111,2026-04-11,2640.86,netbanking,success,,no_action,False,0.0
PAY006296,CUST00045,2026-04-27,28683.65,card,failed,card_declined,payment_link,False,0.0
PAY006297,CUST00725,2026-07-26,25990.12,upi,failed,network_error,reminder,True,25990.12
PAY006298,CUST00044,2026-08-07,13573.83,upi,success,,no_action,False,0.0
PAY006299,CUST00459,2026-08-02,26349.29,upi,failed,insufficient_funds,reminder,True,26349.29
PAY006300,CUST00217,2026-06-11,2354.8,wallet,success,,no_action,False,0.0
PAY006301,CUST00792,2026-04-30,1965.33,wallet,success,,no_action,False,0.0
PAY006302,CUST00766,2026-07-07,19310.84,upi,failed,authentication_failed,reminder,True,19310.84
PAY006303,CUST00717,2026-04-14,12145.04,card,success,,no_action,False,0.0
PAY006304,CUST00761,2026-06-11,24168.37,wallet,success,,no_action,False,0.0
PAY006305,CUST00315,2026-07-19,17284.74,netbanking,failed,expired_card,reminder,True,17284.74
PAY006306,CUST00199,2026-06-17,22426.14,wallet,success,,no_action,False,0.0
PAY006307,CUST00417,2026-08-11,3127.44,upi,success,,no_action,False,0.0
PAY006308,CUST00336,2026-05-14,1122.29,wallet,success,,no_action,False,0.0
PAY006309,CUST00280,2026-07-10,5938.52,upi,success,,no_action,False,0.0
PAY006310,CUST00457,2026-08-01,10296.01,netbanking,success,,no_action,False,0.0
PAY006311,CUST00223,2026-05-20,8784.84,netbanking,success,,no_action,False,0.0
PAY006312,CUST00339,2026-05-08,14007.39,upi,success,,no_action,False,0.0
PAY006313,CUST00011,2026-07-25,2362.66,upi,success,,no_action,False,0.0
PAY006314,CUST00778,2026-07-26,1087.27,wallet,success,,no_action,False,0.0
PAY006315,CUST00398,2026-07-08,15183.73,wallet,success,,no_action,False,0.0
PAY006316,CUST00066,2026-04-04,19604.57,upi,failed,authentication_failed,reminder,False,0.0
PAY006317,CUST00249,2026-07-19,16968.22,upi,success,,no_action,False,0.0
PAY006318,CUST00503,2026-04-25,1759.41,upi,success,,no_action,False,0.0
PAY006319,CUST00498,2026-06-05,23076.06,netbanking,success,,no_action,False,0.0
PAY006320,CUST00692,2026-05-14,12959.77,wallet,success,,no_action,False,0.0
PAY006321,CUST00724,2026-04-29,13697.72,netbanking,success,,no_action,False,0.0
PAY006322,CUST00053,2026-08-20,10199.03,netbanking,success,,no_action,False,0.0
PAY006323,CUST00820,2026-06-21,3165.84,netbanking,success,,no_action,False,0.0
PAY006324,CUST00679,2026-07-19,10081.04,netbanking,failed,network_error,reminder,True,10081.04
PAY006325,CUST00694,2026-05-27,26168.19,card,success,,no_action,False,0.0
PAY006326,CUST00346,2026-06-28,24718.19,wallet,success,,no_action,False,0.0
PAY006327,CUST00668,2026-05-02,22568.04,wallet,success,,no_action,False,0.0
PAY006328,CUST00964,2026-05-31,9159.69,wallet,failed,card_declined,payment_link,True,9159.69
PAY006329,CUST00421,2026-06-17,6235.87,card,success,,no_action,False,0.0
PAY006330,CUST00364,2026-03-13,23719.95,netbanking,success,,no_action,False,0.0
PAY006331,CUST00299,2026-08-20,12261.77,upi,success,,no_action,False,0.0
PAY006332,CUST00523,2026-04-02,1613.0,card,success,,no_action,False,0.0
PAY006333,CUST00052,2026-08-06,4645.24,upi,success,,no_action,False,0.0
PAY006334,CUST00589,2026-05-24,5536.3,netbanking,failed,timeout,reminder,True,5536.3
PAY006335,CUST00419,2026-04-27,31379.72,netbanking,success,,no_action,False,0.0
PAY006336,CUST00230,2026-03-20,614.99,netbanking,success,,no_action,False,0.0
PAY006337,CUST00641,2026-07-20,6216.49,netbanking,failed,card_declined,payment_link,False,0.0
PAY006338,CUST00513,2026-04-19,27338.66,wallet,success,,no_action,False,0.0
PAY006339,CUST00191,2026-08-22,10789.91,wallet,success,,no_action,False,0.0
PAY006340,CUST00734,2026-03-22,13400.58,upi,success,,no_action,False,0.0
PAY006341,CUST00002,2026-07-05,22783.06,wallet,success,,no_action,False,0.0
PAY006342,CUST00631,2026-05-30,9483.92,wallet,success,,no_action,False,0.0
PAY006343,CUST00155,2026-07-11,16719.35,upi,success,,no_action,False,0.0
PAY006344,CUST00274,2026-06-10,445.45,netbanking,success,,no_action,False,0.0
PAY006345,CUST00371,2026-03-31,14750.53,card,success,,no_action,False,0.0
PAY006346,CUST00485,2026-03-26,18824.26,wallet,success,,no_action,False,0.0
PAY006347,CUST00822,2026-07-04,2776.12,netbanking,success,,no_action,False,0.0
PAY006348,CUST00842,2026-06-28,5271.79,card,success,,no_action,False,0.0
PAY006349,CUST00750,2026-03-08,27231.24,netbanking,success,,no_action,False,0.0
PAY006350,CUST00439,2026-07-16,31306.07,upi,failed,card_declined,payment_link,True,31306.07
PAY006351,CUST00602,2026-04-18,5100.78,wallet,success,,no_action,False,0.0
PAY006352,CUST00843,2026-04-06,6487.34,wallet,success,,no_action,False,0.0
PAY006353,CUST00045,2026-08-01,27526.63,netbanking,success,,no_action,False,0.0
PAY006354,CUST00130,2026-06-14,1127.23,card,success,,no_action,False,0.0
PAY006355,CUST00422,2026-03-09,798.4,netbanking,success,,no_action,False,0.0
PAY006356,CUST00180,2026-06-13,9270.5,wallet,failed,expired_card,payment_link,True,9270.5
PAY006357,CUST00782,2026-05-20,34099.88,upi,success,,no_action,False,0.0
PAY006358,CUST00340,2026-08-06,4105.61,upi,failed,timeout,reminder,True,4105.61
PAY006359,CUST00914,2026-04-03,5726.76,wallet,success,,no_action,False,0.0
PAY006360,CUST00466,2026-08-20,27946.37,card,failed,expired_card,payment_link,False,0.0
PAY006361,CUST00946,2026-03-08,11394.82,wallet,success,,no_action,False,0.0
PAY006362,CUST00437,2026-07-09,11686.38,card,failed,card_declined,payment_link,True,11686.38
PAY006363,CUST00094,2026-08-21,2743.13,wallet,success,,no_action,False,0.0
PAY006364,CUST00614,2026-04-15,27645.58,upi,success,,no_action,False,0.0
PAY006365,CUST00589,2026-05-31,4212.78,upi,failed,card_declined,payment_link,True,4212.78
PAY006366,CUST00280,2026-03-12,3240.31,netbanking,failed,network_error,retry,True,3240.31
PAY006367,CUST00918,2026-04-15,12788.79,wallet,success,,no_action,False,0.0
PAY006368,CUST00149,2026-05-06,3376.47,upi,success,,no_action,False,0.0
PAY006369,CUST00181,2026-06-11,4573.73,wallet,success,,no_action,False,0.0
PAY006370,CUST00768,2026-07-22,4275.08,netbanking,success,,no_action,False,0.0
PAY006371,CUST00026,2026-05-14,13243.13,upi,success,,no_action,False,0.0
PAY006372,CUST00071,2026-05-15,6214.1,card,success,,no_action,False,0.0
PAY006373,CUST00558,2026-04-23,3079.46,card,failed,insufficient_funds,payment_link,True,3079.46
PAY006374,CUST00195,2026-06-12,25584.95,upi,success,,no_action,False,0.0
PAY006375,CUST00208,2026-06-29,30726.05,upi,success,,no_action,False,0.0
PAY006376,CUST00726,2026-03-11,8622.21,upi,success,,no_action,False,0.0
PAY006377,CUST00003,2026-05-04,773.17,netbanking,success,,no_action,False,0.0
PAY006378,CUST00239,2026-06-24,14410.44,upi,success,,no_action,False,0.0
PAY006379,CUST00011,2026-03-26,3503.19,netbanking,success,,no_action,False,0.0
PAY006380,CUST00839,2026-08-19,13895.02,upi,success,,no_action,False,0.0
PAY006381,CUST00855,2026-06-26,34537.79,upi,failed,timeout,reminder,False,0.0
PAY006382,CUST00095,2026-03-25,4504.5,netbanking,success,,no_action,False,0.0
PAY006383,CUST00465,2026-06-01,11789.79,wallet,success,,no_action,False,0.0
PAY006384,CUST00038,2026-08-24,19855.41,upi,failed,authentication_failed,payment_link,True,19855.41
PAY006385,CUST00071,2026-05-29,5776.01,card,success,,no_action,False,0.0
PAY006386,CUST00914,2026-07-16,5417.63,wallet,success,,no_action,False,0.0
PAY006387,CUST00194,2026-04-21,21221.48,upi,failed,insufficient_funds,payment_link,True,21221.48
PAY006388,CUST00911,2026-05-02,832.14,card,success,,no_action,False,0.0
PAY006389,CUST00741,2026-05-26,7624.8,netbanking,success,,no_action,False,0.0
PAY006390,CUST00722,2026-04-18,4345.99,netbanking,failed,timeout,reminder,True,4345.99
PAY006391,CUST00954,2026-08-14,7536.66,netbanking,success,,no_action,False,0.0
PAY006392,CUST00510,2026-05-03,37992.04,netbanking,success,,no_action,False,0.0
PAY006393,CUST00402,2026-08-10,4583.8,upi,failed,network_error,retry,True,4583.8
PAY006394,CUST00329,2026-07-24,3433.64,upi,success,,no_action,False,0.0
PAY006395,CUST00678,2026-03-30,14259.01,upi,success,,no_action,False,0.0
PAY006396,CUST00955,2026-06-17,20455.86,card,success,,no_action,False,0.0
PAY006397,CUST00525,2026-03-04,14632.26,card,success,,no_action,False,0.0
PAY006398,CUST00621,2026-07-26,17158.5,wallet,failed,authentication_failed,payment_link,False,0.0
PAY006399,CUST00286,2026-03-15,9804.06,card,success,,no_action,False,0.0
PAY006400,CUST00670,2026-08-15,16525.96,upi,failed,network_error,retry,True,16525.96
PAY006401,CUST00173,2026-08-16,2331.72,card,success,,no_action,False,0.0
PAY006402,CUST00683,2026-03-10,17579.6,wallet,success,,no_action,False,0.0
PAY006403,CUST00087,2026-06-24,11691.45,netbanking,success,,no_action,False,0.0
PAY006404,CUST00138,2026-05-22,5520.88,card,success,,no_action,False,0.0
PAY006405,CUST00438,2026-03-05,16339.59,wallet,success,,no_action,False,0.0
PAY006406,CUST00988,2026-07-20,11665.69,netbanking,failed,expired_card,payment_link,True,11665.69
PAY006407,CUST00703,2026-05-27,14621.16,card,failed,card_declined,reminder,True,14621.16
PAY006408,CUST00887,2026-04-28,1323.41,upi,success,,no_action,False,0.0
PAY006409,CUST00877,2026-08-16,2011.74,wallet,failed,timeout,retry,True,2011.74
PAY006410,CUST00625,2026-06-14,9537.2,wallet,success,,no_action,False,0.0
PAY006411,CUST00479,2026-08-08,18796.29,netbanking,failed,timeout,payment_link,True,18796.29
PAY006412,CUST00485,2026-07-01,18487.55,upi,success,,no_action,False,0.0
PAY006413,CUST00745,2026-06-21,1274.35,wallet,success,,no_action,False,0.0
PAY006414,CUST00967,2026-08-02,29123.4,upi,success,,no_action,False,0.0
PAY006415,CUST00951,2026-05-15,12100.96,netbanking,success,,no_action,False,0.0
PAY006416,CUST00222,2026-04-12,11514.24,wallet,success,,no_action,False,0.0
PAY006417,CUST00360,2026-03-13,14451.27,upi,failed,insufficient_funds,payment_link,False,0.0
PAY006418,CUST00714,2026-07-01,11503.32,card,success,,no_action,False,0.0
PAY006419,CUST00115,2026-07-25,24302.12,card,success,,no_action,False,0.0
PAY006420,CUST00590,2026-03-17,5087.15,card,success,,no_action,False,0.0
PAY006421,CUST00252,2026-03-08,26235.75,wallet,success,,no_action,False,0.0
PAY006422,CUST00329,2026-04-27,4033.74,wallet,success,,no_action,False,0.0
PAY006423,CUST00338,2026-08-21,4616.17,netbanking,success,,no_action,False,0.0
PAY006424,CUST00176,2026-07-01,3490.93,netbanking,success,,no_action,False,0.0
PAY006425,CUST00260,2026-03-27,19883.33,wallet,success,,no_action,False,0.0
PAY006426,CUST00191,2026-05-31,10078.13,upi,success,,no_action,False,0.0
PAY006427,CUST00126,2026-04-09,2905.98,wallet,success,,no_action,False,0.0
PAY006428,CUST00820,2026-06-23,5106.28,card,success,,no_action,False,0.0
PAY006429,CUST00523,2026-02-28,2519.74,wallet,success,,no_action,False,0.0
PAY006430,CUST00813,2026-08-09,29747.06,wallet,success,,no_action,False,0.0
PAY006431,CUST00664,2026-06-29,23553.86,card,success,,no_action,False,0.0
PAY006432,CUST00710,2026-04-19,3968.89,card,success,,no_action,False,0.0
PAY006433,CUST00076,2026-04-21,252.01,upi,success,,no_action,False,0.0
PAY006434,CUST00310,2026-08-23,8653.48,upi,success,,no_action,False,0.0
PAY006435,CUST00079,2026-07-26,17712.32,card,failed,network_error,reminder,True,17712.32
PAY006436,CUST00145,2026-07-07,4541.55,card,success,,no_action,False,0.0
PAY006437,CUST00036,2026-08-24,13241.29,upi,success,,no_action,False,0.0
PAY006438,CUST00876,2026-08-01,11923.68,wallet,success,,no_action,False,0.0
PAY006439,CUST00263,2026-03-23,26405.17,upi,success,,no_action,False,0.0
PAY006440,CUST00417,2026-05-20,2243.36,wallet,failed,authentication_failed,payment_link,True,2243.36
PAY006441,CUST00017,2026-05-06,19628.32,wallet,success,,no_action,False,0.0
PAY006442,CUST00234,2026-03-25,9153.86,netbanking,success,,no_action,False,0.0
PAY006443,CUST00062,2026-04-04,2905.84,card,success,,no_action,False,0.0
PAY006444,CUST00879,2026-04-16,3962.08,wallet,success,,no_action,False,0.0
PAY006445,CUST00358,2026-02-26,25965.41,netbanking,failed,card_declined,reminder,True,25965.41
PAY006446,CUST00110,2026-08-04,8601.35,wallet,success,,no_action,False,0.0
PAY006447,CUST00657,2026-04-06,14095.92,card,success,,no_action,False,0.0
PAY006448,CUST00781,2026-05-19,4383.48,upi,success,,no_action,False,0.0
PAY006449,CUST00216,2026-03-20,9845.25,netbanking,failed,timeout,reminder,True,9845.25
PAY006450,CUST00333,2026-05-31,824.43,upi,success,,no_action,False,0.0
PAY006451,CUST00406,2026-06-11,11930.18,card,success,,no_action,False,0.0
PAY006452,CUST00294,2026-05-14,16723.13,upi,success,,no_action,False,0.0
PAY006453,CUST00853,2026-04-08,4190.67,netbanking,failed,expired_card,payment_link,True,4190.67
PAY006454,CUST00004,2026-05-01,14733.03,upi,success,,no_action,False,0.0
PAY006455,CUST00813,2026-08-14,17569.94,wallet,failed,timeout,reminder,True,17569.94
PAY006456,CUST00256,2026-04-25,2328.46,card,failed,card_declined,payment_link,False,0.0
PAY006457,CUST00283,2026-03-13,12940.91,wallet,success,,no_action,False,0.0
PAY006458,CUST00941,2026-03-10,19905.92,netbanking,failed,expired_card,payment_link,True,19905.92
PAY006459,CUST00739,2026-04-30,11359.17,card,success,,no_action,False,0.0
PAY006460,CUST00949,2026-07-23,5872.64,card,success,,no_action,False,0.0
PAY006461,CUST00793,2026-04-15,4474.77,netbanking,success,,no_action,False,0.0
PAY006462,CUST00346,2026-02-26,20383.14,card,success,,no_action,False,0.0
PAY006463,CUST00935,2026-08-07,24195.49,upi,success,,no_action,False,0.0
PAY006464,CUST00110,2026-07-31,4674.65,wallet,success,,no_action,False,0.0
PAY006465,CUST00346,2026-03-19,18242.23,wallet,success,,no_action,False,0.0
PAY006466,CUST00542,2026-04-22,12592.41,netbanking,success,,no_action,False,0.0
PAY006467,CUST00691,2026-05-29,983.91,upi,success,,no_action,False,0.0
PAY006468,CUST00749,2026-03-15,25385.82,netbanking,failed,authentication_failed,payment_link,False,0.0
PAY006469,CUST00337,2026-05-18,6558.88,wallet,success,,no_action,False,0.0
PAY006470,CUST00566,2026-06-27,5302.54,card,success,,no_action,False,0.0
PAY006471,CUST00562,2026-08-25,21191.8,upi,success,,no_action,False,0.0
PAY006472,CUST00338,2026-07-25,7675.29,upi,success,,no_action,False,0.0
PAY006473,CUST00884,2026-04-07,6332.55,card,failed,insufficient_funds,payment_link,False,0.0
PAY006474,CUST00585,2026-05-09,10568.89,card,success,,no_action,False,0.0
PAY006475,CUST00008,2026-07-07,11970.94,card,success,,no_action,False,0.0
PAY006476,CUST00985,2026-05-09,15427.16,upi,success,,no_action,False,0.0
PAY006477,CUST00876,2026-04-06,22156.51,upi,success,,no_action,False,0.0
PAY006478,CUST00006,2026-05-14,15684.93,card,success,,no_action,False,0.0
PAY006479,CUST00912,2026-08-03,18052.41,card,success,,no_action,False,0.0
PAY006480,CUST00924,2026-07-04,289.01,netbanking,success,,no_action,False,0.0
PAY006481,CUST00526,2026-08-04,17652.91,wallet,success,,no_action,False,0.0
PAY006482,CUST00305,2026-07-29,3081.34,upi,success,,no_action,False,0.0
PAY006483,CUST00128,2026-06-23,19604.35,upi,success,,no_action,False,0.0
PAY006484,CUST00909,2026-08-22,6618.71,card,failed,expired_card,payment_link,False,0.0
PAY006485,CUST00655,2026-04-05,6798.86,card,failed,expired_card,reminder,True,6798.86
PAY006486,CUST00737,2026-03-13,8147.2,card,success,,no_action,False,0.0
PAY006487,CUST00530,2026-06-09,8472.4,netbanking,failed,card_declined,reminder,True,8472.4
PAY006488,CUST00849,2026-07-15,14405.18,upi,success,,no_action,False,0.0
PAY006489,CUST00257,2026-04-04,10684.33,card,success,,no_action,False,0.0
PAY006490,CUST00903,2026-06-06,5932.14,netbanking,success,,no_action,False,0.0
PAY006491,CUST00489,2026-04-02,5128.52,card,failed,card_declined,payment_link,True,5128.52
PAY006492,CUST00321,2026-07-13,11820.86,netbanking,success,,no_action,False,0.0
PAY006493,CUST00435,2026-03-05,14501.78,wallet,failed,network_error,reminder,True,14501.78
PAY006494,CUST00319,2026-08-14,8461.11,upi,failed,timeout,reminder,False,0.0
PAY006495,CUST00605,2026-06-26,568.97,wallet,failed,network_error,reminder,True,568.97
PAY006496,CUST00310,2026-04-01,13280.51,wallet,success,,no_action,False,0.0
PAY006497,CUST00077,2026-05-23,18661.53,card,success,,no_action,False,0.0
PAY006498,CUST00183,2026-04-22,29120.37,card,success,,no_action,False,0.0
PAY006499,CUST00716,2026-03-02,8003.0,card,failed,expired_card,payment_link,False,0.0
PAY006500,CUST00705,2026-06-24,15745.11,wallet,failed,card_declined,payment_link,True,15745.11
PAY006501,CUST00824,2026-04-13,2726.76,upi,success,,no_action,False,0.0
PAY006502,CUST00443,2026-08-15,15811.04,wallet,success,,no_action,False,0.0
PAY006503,CUST00545,2026-06-30,4108.18,upi,success,,no_action,False,0.0
PAY006504,CUST00865,2026-05-18,1282.61,upi,success,,no_action,False,0.0
PAY006505,CUST00717,2026-08-13,23729.5,upi,success,,no_action,False,0.0
PAY006506,CUST00106,2026-08-16,713.22,upi,failed,timeout,reminder,True,713.22
PAY006507,CUST00642,2026-06-23,9878.32,upi,success,,no_action,False,0.0
PAY006508,CUST00563,2026-05-07,10525.79,wallet,failed,timeout,retry,True,10525.79
PAY006509,CUST00185,2026-06-22,14556.71,upi,success,,no_action,False,0.0
PAY006510,CUST00792,2026-06-15,1900.71,netbanking,failed,insufficient_funds,payment_link,False,0.0
PAY006511,CUST00699,2026-08-11,11096.29,upi,success,,no_action,False,0.0
PAY006512,CUST00196,2026-05-25,5622.46,wallet,success,,no_action,False,0.0
PAY006513,CUST00008,2026-06-28,18115.62,wallet,failed,timeout,retry,True,18115.62
PAY006514,CUST00384,2026-08-13,21175.34,netbanking,success,,no_action,False,0.0
PAY006515,CUST00592,2026-05-25,35684.03,wallet,success,,no_action,False,0.0
PAY006516,CUST00468,2026-03-16,16551.72,wallet,success,,no_action,False,0.0
PAY006517,CUST00244,2026-08-01,11531.32,card,failed,authentication_failed,reminder,True,11531.32
PAY006518,CUST00800,2026-04-10,22224.81,netbanking,success,,no_action,False,0.0
PAY006519,CUST00167,2026-05-23,6239.28,netbanking,success,,no_action,False,0.0
PAY006520,CUST00104,2026-05-20,10735.3,upi,success,,no_action,False,0.0
PAY006521,CUST00628,2026-03-22,16867.33,card,success,,no_action,False,0.0
PAY006522,CUST00596,2026-08-25,8256.89,netbanking,success,,no_action,False,0.0
PAY006523,CUST00947,2026-06-11,13137.38,card,success,,no_action,False,0.0
PAY006524,CUST00510,2026-05-28,25083.44,upi,failed,network_error,payment_link,True,25083.44
PAY006525,CUST00752,2026-05-01,23861.97,card,failed,expired_card,reminder,False,0.0
PAY006526,CUST00067,2026-05-03,11515.59,upi,success,,no_action,False,0.0
PAY006527,CUST00138,2026-06-25,6314.29,wallet,failed,network_error,reminder,False,0.0
PAY006528,CUST00890,2026-08-07,4473.54,upi,failed,timeout,retry,True,4473.54
PAY006529,CUST00846,2026-03-18,21649.51,card,success,,no_action,False,0.0
PAY006530,CUST00452,2026-05-15,15802.5,upi,success,,no_action,False,0.0
PAY006531,CUST00691,2026-05-18,3170.06,wallet,success,,no_action,False,0.0
PAY006532,CUST00899,2026-07-24,578.06,card,failed,network_error,retry,True,578.06
PAY006533,CUST00434,2026-04-22,11585.2,upi,failed,network_error,reminder,False,0.0
PAY006534,CUST00073,2026-03-24,8103.64,upi,success,,no_action,False,0.0
PAY006535,CUST00920,2026-04-28,24658.45,card,failed,authentication_failed,payment_link,True,24658.45
PAY006536,CUST00056,2026-07-24,736.05,netbanking,success,,no_action,False,0.0
PAY006537,CUST00910,2026-03-04,1960.01,netbanking,success,,no_action,False,0.0
PAY006538,CUST00028,2026-03-02,21012.22,card,success,,no_action,False,0.0
PAY006539,CUST00250,2026-06-01,2167.95,wallet,success,,no_action,False,0.0
PAY006540,CUST00733,2026-07-04,18213.32,card,success,,no_action,False,0.0
PAY006541,CUST00157,2026-05-01,7035.21,netbanking,success,,no_action,False,0.0
PAY006542,CUST00025,2026-06-14,4154.09,upi,success,,no_action,False,0.0
PAY006543,CUST00065,2026-06-26,16011.76,wallet,success,,no_action,False,0.0
PAY006544,CUST00546,2026-03-14,6698.75,upi,success,,no_action,False,0.0
PAY006545,CUST00289,2026-03-30,10521.52,wallet,failed,insufficient_funds,reminder,True,10521.52
PAY006546,CUST00986,2026-05-02,27800.53,netbanking,success,,no_action,False,0.0
PAY006547,CUST00219,2026-03-31,14791.17,upi,success,,no_action,False,0.0
PAY006548,CUST00107,2026-02-26,32100.09,card,failed,expired_card,payment_link,False,0.0
PAY006549,CUST00068,2026-04-27,22252.11,card,failed,insufficient_funds,payment_link,True,22252.11
PAY006550,CUST00345,2026-04-01,6606.64,wallet,success,,no_action,False,0.0
PAY006551,CUST00049,2026-04-04,9976.61,wallet,success,,no_action,False,0.0
PAY006552,CUST00702,2026-08-22,9489.82,netbanking,success,,no_action,False,0.0
PAY006553,CUST00476,2026-07-01,6903.53,upi,success,,no_action,False,0.0
PAY006554,CUST00387,2026-06-27,19614.06,wallet,failed,network_error,reminder,True,19614.06
PAY006555,CUST00754,2026-06-28,5732.33,wallet,failed,insufficient_funds,payment_link,True,5732.33
PAY006556,CUST00476,2026-03-19,9953.2,upi,success,,no_action,False,0.0
PAY006557,CUST00546,2026-08-09,10941.6,upi,success,,no_action,False,0.0
PAY006558,CUST00652,2026-05-07,16863.77,wallet,success,,no_action,False,0.0
PAY006559,CUST00370,2026-05-18,1728.8,card,success,,no_action,False,0.0
PAY006560,CUST00350,2026-06-22,21147.21,card,success,,no_action,False,0.0
PAY006561,CUST00849,2026-07-13,7826.6,upi,success,,no_action,False,0.0
PAY006562,CUST00569,2026-04-30,6968.16,wallet,failed,timeout,reminder,True,6968.16
PAY006563,CUST00642,2026-06-30,11119.32,card,success,,no_action,False,0.0
PAY006564,CUST00825,2026-07-14,18731.26,upi,failed,insufficient_funds,payment_link,False,0.0
PAY006565,CUST00653,2026-06-06,8696.99,netbanking,success,,no_action,False,0.0
PAY006566,CUST00738,2026-04-27,7846.05,netbanking,failed,authentication_failed,payment_link,True,7846.05
PAY006567,CUST00598,2026-08-17,31463.67,upi,success,,no_action,False,0.0
PAY006568,CUST00578,2026-05-17,4279.72,wallet,success,,no_action,False,0.0
PAY006569,CUST00868,2026-03-11,28391.82,wallet,failed,insufficient_funds,reminder,True,28391.82
PAY006570,CUST00757,2026-07-19,4724.55,netbanking,success,,no_action,False,0.0
PAY006571,CUST00673,2026-08-20,27678.94,netbanking,success,,no_action,False,0.0
PAY006572,CUST00917,2026-04-23,10403.41,netbanking,success,,no_action,False,0.0
PAY006573,CUST00690,2026-03-07,24710.15,netbanking,success,,no_action,False,0.0
PAY006574,CUST00461,2026-08-23,12280.57,wallet,success,,no_action,False,0.0
PAY006575,CUST00991,2026-03-25,1539.54,upi,failed,timeout,reminder,True,1539.54
PAY006576,CUST00781,2026-08-18,5153.2,wallet,success,,no_action,False,0.0
PAY006577,CUST00683,2026-08-03,15277.99,card,failed,insufficient_funds,payment_link,True,15277.99
PAY006578,CUST00318,2026-08-21,3039.74,card,failed,expired_card,payment_link,True,3039.74
PAY006579,CUST00455,2026-05-08,1508.53,netbanking,failed,authentication_failed,reminder,False,0.0
PAY006580,CUST00098,2026-06-10,6548.2,netbanking,success,,no_action,False,0.0
PAY006581,CUST00496,2026-05-02,2359.37,card,success,,no_action,False,0.0
PAY006582,CUST00974,2026-05-13,15668.97,upi,success,,no_action,False,0.0
PAY006583,CUST00844,2026-05-03,23986.42,wallet,success,,no_action,False,0.0
PAY006584,CUST00577,2026-03-28,15118.24,card,success,,no_action,False,0.0
PAY006585,CUST00515,2026-03-01,22243.12,wallet,success,,no_action,False,0.0
PAY006586,CUST00237,2026-08-13,1713.15,card,success,,no_action,False,0.0
PAY006587,CUST00301,2026-04-01,7373.46,upi,failed,insufficient_funds,escalate,False,0.0
PAY006588,CUST00316,2026-05-02,23165.44,wallet,success,,no_action,False,0.0
PAY006589,CUST00616,2026-08-08,8599.65,card,success,,no_action,False,0.0
PAY006590,CUST00795,2026-03-23,28055.02,upi,success,,no_action,False,0.0
PAY006591,CUST00823,2026-07-28,1765.53,wallet,success,,no_action,False,0.0
PAY006592,CUST00900,2026-07-22,25430.42,upi,success,,no_action,False,0.0
PAY006593,CUST00165,2026-05-09,6223.95,netbanking,success,,no_action,False,0.0
PAY006594,CUST00876,2026-07-06,14679.2,upi,success,,no_action,False,0.0
PAY006595,CUST00437,2026-04-30,14632.29,netbanking,success,,no_action,False,0.0
PAY006596,CUST00086,2026-03-22,4731.5,wallet,success,,no_action,False,0.0
PAY006597,CUST00523,2026-05-31,768.13,card,success,,no_action,False,0.0
PAY006598,CUST00609,2026-05-06,23979.25,card,success,,no_action,False,0.0
PAY006599,CUST00248,2026-04-06,16305.53,wallet,success,,no_action,False,0.0
PAY006600,CUST00363,2026-08-21,4544.11,wallet,success,,no_action,False,0.0
PAY006601,CUST00339,2026-05-17,8312.6,upi,success,,no_action,False,0.0
PAY006602,CUST00094,2026-05-23,4027.88,upi,success,,no_action,False,0.0
PAY006603,CUST00265,2026-03-04,7075.45,card,failed,insufficient_funds,payment_link,False,0.0
PAY006604,CUST00656,2026-06-08,21098.37,wallet,success,,no_action,False,0.0
PAY006605,CUST00666,2026-03-06,10795.64,upi,success,,no_action,False,0.0
PAY006606,CUST00370,2026-08-10,2111.42,netbanking,success,,no_action,False,0.0
PAY006607,CUST00886,2026-04-29,13952.2,wallet,failed,network_error,reminder,True,13952.2
PAY006608,CUST00767,2026-05-17,21105.93,netbanking,success,,no_action,False,0.0
PAY006609,CUST00794,2026-06-10,3711.31,wallet,success,,no_action,False,0.0
PAY006610,CUST00112,2026-04-03,39298.59,netbanking,success,,no_action,False,0.0
PAY006611,CUST00424,2026-05-21,832.73,card,success,,no_action,False,0.0
PAY006612,CUST00323,2026-04-06,20017.92,netbanking,success,,no_action,False,0.0
PAY006613,CUST00412,2026-08-04,34718.72,upi,success,,no_action,False,0.0
PAY006614,CUST00378,2026-04-13,3604.99,netbanking,success,,no_action,False,0.0
PAY006615,CUST00819,2026-05-25,19904.23,upi,success,,no_action,False,0.0
PAY006616,CUST00569,2026-08-22,5627.44,netbanking,success,,no_action,False,0.0
PAY006617,CUST00212,2026-03-05,12154.83,netbanking,failed,card_declined,payment_link,True,12154.83
PAY006618,CUST00345,2026-07-03,18879.16,netbanking,success,,no_action,False,0.0
PAY006619,CUST00734,2026-08-06,12257.76,card,success,,no_action,False,0.0
PAY006620,CUST00841,2026-05-28,11886.03,netbanking,failed,expired_card,reminder,False,0.0
PAY006621,CUST00186,2026-06-27,775.07,netbanking,success,,no_action,False,0.0
PAY006622,CUST00505,2026-05-04,3372.43,netbanking,success,,no_action,False,0.0
PAY006623,CUST00814,2026-06-15,4992.64,upi,success,,no_action,False,0.0
PAY006624,CUST00290,2026-07-12,19549.03,card,success,,no_action,False,0.0
PAY006625,CUST00895,2026-07-15,4264.27,upi,success,,no_action,False,0.0
PAY006626,CUST00445,2026-05-30,2662.04,wallet,success,,no_action,False,0.0
PAY006627,CUST00822,2026-07-27,3681.96,upi,success,,no_action,False,0.0
PAY006628,CUST00234,2026-06-03,9749.49,netbanking,failed,expired_card,payment_link,False,0.0
PAY006629,CUST00022,2026-03-03,2303.48,card,success,,no_action,False,0.0
PAY006630,CUST00908,2026-05-27,18959.41,upi,failed,expired_card,reminder,False,0.0
PAY006631,CUST00749,2026-06-17,23002.41,upi,failed,insufficient_funds,payment_link,True,23002.41
PAY006632,CUST00062,2026-08-06,761.41,upi,success,,no_action,False,0.0
PAY006633,CUST00762,2026-06-18,8345.49,netbanking,success,,no_action,False,0.0
PAY006634,CUST00578,2026-03-24,6393.78,netbanking,success,,no_action,False,0.0
PAY006635,CUST00724,2026-03-29,25882.34,wallet,success,,no_action,False,0.0
PAY006636,CUST00703,2026-08-11,13312.35,upi,success,,no_action,False,0.0
PAY006637,CUST00846,2026-08-22,23428.56,upi,success,,no_action,False,0.0
PAY006638,CUST00796,2026-07-22,11975.16,netbanking,failed,card_declined,payment_link,True,11975.16
PAY006639,CUST00367,2026-04-29,20080.95,upi,success,,no_action,False,0.0
PAY006640,CUST00438,2026-05-04,35262.09,netbanking,success,,no_action,False,0.0
PAY006641,CUST00345,2026-05-27,17427.96,netbanking,success,,no_action,False,0.0
PAY006642,CUST00729,2026-04-16,8608.85,card,success,,no_action,False,0.0
PAY006643,CUST00744,2026-05-10,7824.09,card,success,,no_action,False,0.0
PAY006644,CUST00698,2026-03-25,640.52,upi,success,,no_action,False,0.0
PAY006645,CUST00542,2026-04-04,7532.96,upi,success,,no_action,False,0.0
PAY006646,CUST00955,2026-04-20,12839.16,upi,success,,no_action,False,0.0
PAY006647,CUST00404,2026-03-24,1410.29,upi,success,,no_action,False,0.0
PAY006648,CUST00473,2026-05-08,7792.44,card,failed,expired_card,reminder,False,0.0
PAY006649,CUST00746,2026-05-30,15904.83,wallet,success,,no_action,False,0.0
PAY006650,CUST00102,2026-03-29,1211.23,upi,success,,no_action,False,0.0
PAY006651,CUST00988,2026-04-01,16610.31,card,success,,no_action,False,0.0
PAY006652,CUST00725,2026-08-11,24827.56,upi,success,,no_action,False,0.0
PAY006653,CUST00299,2026-04-10,9138.86,netbanking,success,,no_action,False,0.0
PAY006654,CUST00813,2026-06-13,36894.0,upi,success,,no_action,False,0.0
PAY006655,CUST00503,2026-04-20,1138.46,wallet,failed,card_declined,reminder,True,1138.46
PAY006656,CUST00326,2026-04-01,9048.31,upi,failed,network_error,reminder,True,9048.31
PAY006657,CUST00733,2026-04-22,13797.47,wallet,success,,no_action,False,0.0
PAY006658,CUST00623,2026-05-25,11988.37,upi,success,,no_action,False,0.0
PAY006659,CUST00123,2026-06-03,17678.55,card,success,,no_action,False,0.0
PAY006660,CUST00002,2026-08-05,10687.31,card,success,,no_action,False,0.0
PAY006661,CUST00642,2026-07-21,11948.4,netbanking,failed,timeout,retry,True,11948.4
PAY006662,CUST00683,2026-07-03,22679.85,netbanking,success,,no_action,False,0.0
PAY006663,CUST00070,2026-03-04,1929.13,netbanking,failed,network_error,retry,True,1929.13
PAY006664,CUST00365,2026-06-22,4795.17,upi,success,,no_action,False,0.0
PAY006665,CUST00228,2026-03-11,17403.29,card,failed,authentication_failed,payment_link,False,0.0
PAY006666,CUST00488,2026-04-25,3282.87,wallet,success,,no_action,False,0.0
PAY006667,CUST00108,2026-04-16,7144.81,upi,success,,no_action,False,0.0
PAY006668,CUST00911,2026-03-11,1931.58,netbanking,success,,no_action,False,0.0
PAY006669,CUST00916,2026-06-22,21058.14,upi,success,,no_action,False,0.0
PAY006670,CUST00686,2026-06-11,24919.01,card,success,,no_action,False,0.0
PAY006671,CUST00558,2026-03-13,3520.5,card,success,,no_action,False,0.0
PAY006672,CUST00484,2026-04-07,12778.68,wallet,success,,no_action,False,0.0
PAY006673,CUST00967,2026-05-08,23699.7,card,success,,no_action,False,0.0
PAY006674,CUST00356,2026-03-07,16871.4,netbanking,success,,no_action,False,0.0
PAY006675,CUST00135,2026-05-20,4059.43,upi,success,,no_action,False,0.0
PAY006676,CUST00831,2026-03-27,9703.9,wallet,success,,no_action,False,0.0
PAY006677,CUST00472,2026-08-03,2215.95,netbanking,success,,no_action,False,0.0
PAY006678,CUST00031,2026-02-26,15637.93,card,success,,no_action,False,0.0
PAY006679,CUST00908,2026-04-10,21904.1,netbanking,failed,network_error,reminder,True,21904.1
PAY006680,CUST00978,2026-08-05,21375.03,upi,failed,insufficient_funds,reminder,True,21375.03
PAY006681,CUST00560,2026-05-26,5737.43,wallet,success,,no_action,False,0.0
PAY006682,CUST00529,2026-05-23,8293.41,netbanking,success,,no_action,False,0.0
PAY006683,CUST00973,2026-07-23,1445.39,card,success,,no_action,False,0.0
PAY006684,CUST00772,2026-06-18,21840.31,netbanking,success,,no_action,False,0.0
PAY006685,CUST00181,2026-08-04,8063.47,upi,success,,no_action,False,0.0
PAY006686,CUST00299,2026-05-23,9513.19,upi,success,,no_action,False,0.0
PAY006687,CUST00107,2026-08-21,22194.51,card,success,,no_action,False,0.0
PAY006688,CUST00138,2026-05-19,9404.18,upi,failed,expired_card,payment_link,False,0.0
PAY006689,CUST00936,2026-08-21,3148.81,card,success,,no_action,False,0.0
PAY006690,CUST00266,2026-05-12,18339.67,wallet,failed,expired_card,payment_link,False,0.0
PAY006691,CUST00620,2026-06-02,11913.93,upi,failed,expired_card,reminder,True,11913.93
PAY006692,CUST00460,2026-08-23,29593.87,wallet,success,,no_action,False,0.0
PAY006693,CUST00920,2026-06-20,22320.53,netbanking,success,,no_action,False,0.0
PAY006694,CUST00278,2026-08-10,8831.29,card,success,,no_action,False,0.0
PAY006695,CUST00831,2026-04-05,7235.64,wallet,success,,no_action,False,0.0
PAY006696,CUST00440,2026-07-13,9004.42,wallet,failed,timeout,reminder,True,9004.42
PAY006697,CUST00626,2026-06-27,18035.67,netbanking,success,,no_action,False,0.0
PAY006698,CUST00054,2026-05-05,4258.15,upi,failed,insufficient_funds,payment_link,True,4258.15
PAY006699,CUST00365,2026-06-18,4573.43,upi,failed,expired_card,payment_link,False,0.0
PAY006700,CUST00560,2026-08-05,9660.51,netbanking,success,,no_action,False,0.0
PAY006701,CUST00604,2026-03-15,24391.52,upi,success,,no_action,False,0.0
PAY006702,CUST00822,2026-08-23,1928.81,wallet,failed,card_declined,payment_link,False,0.0
PAY006703,CUST00925,2026-04-07,21050.71,upi,failed,card_declined,payment_link,False,0.0
PAY006704,CUST00481,2026-05-30,26100.67,wallet,success,,no_action,False,0.0
PAY006705,CUST00399,2026-04-30,12854.57,wallet,failed,insufficient_funds,payment_link,True,12854.57
PAY006706,CUST00005,2026-07-23,35888.8,wallet,success,,no_action,False,0.0
PAY006707,CUST00358,2026-04-03,27282.71,card,success,,no_action,False,0.0
PAY006708,CUST00723,2026-02-27,19754.6,wallet,success,,no_action,False,0.0
PAY006709,CUST00595,2026-07-13,3016.72,card,failed,expired_card,reminder,False,0.0
PAY006710,CUST00218,2026-05-05,397.01,upi,success,,no_action,False,0.0
PAY006711,CUST00075,2026-04-15,13168.47,upi,failed,network_error,reminder,True,13168.47
PAY006712,CUST00129,2026-06-19,12685.52,netbanking,failed,timeout,reminder,True,12685.52
PAY006713,CUST00887,2026-03-09,959.32,wallet,failed,insufficient_funds,payment_link,False,0.0
PAY006714,CUST00437,2026-05-08,20055.24,wallet,success,,no_action,False,0.0
PAY006715,CUST00807,2026-06-19,15775.84,upi,success,,no_action,False,0.0
PAY006716,CUST00033,2026-08-14,6015.12,card,success,,no_action,False,0.0
PAY006717,CUST00500,2026-05-09,428.12,netbanking,success,,no_action,False,0.0
PAY006718,CUST00202,2026-08-24,3273.94,wallet,success,,no_action,False,0.0
PAY006719,CUST00470,2026-03-18,21174.97,wallet,success,,no_action,False,0.0
PAY006720,CUST00929,2026-02-27,14465.04,wallet,success,,no_action,False,0.0
PAY006721,CUST00757,2026-06-01,9414.13,netbanking,success,,no_action,False,0.0
PAY006722,CUST00854,2026-07-14,7112.6,upi,success,,no_action,False,0.0
PAY006723,CUST00742,2026-05-07,12304.08,wallet,success,,no_action,False,0.0
PAY006724,CUST00175,2026-05-01,6327.66,upi,success,,no_action,False,0.0
PAY006725,CUST00112,2026-04-20,32601.58,wallet,success,,no_action,False,0.0
PAY006726,CUST00726,2026-04-23,7984.83,card,failed,card_declined,payment_link,True,7984.83
PAY006727,CUST00591,2026-07-20,14738.7,upi,success,,no_action,False,0.0
PAY006728,CUST00805,2026-04-02,9041.15,card,success,,no_action,False,0.0
PAY006729,CUST00678,2026-05-06,12996.24,card,success,,no_action,False,0.0
PAY006730,CUST00971,2026-06-29,6878.32,netbanking,success,,no_action,False,0.0
PAY006731,CUST00073,2026-06-24,5998.4,netbanking,failed,timeout,reminder,True,5998.4
PAY006732,CUST00666,2026-07-16,8301.44,netbanking,success,,no_action,False,0.0
PAY006733,CUST00604,2026-03-23,17080.33,upi,success,,no_action,False,0.0
PAY006734,CUST00412,2026-06-08,19598.31,netbanking,success,,no_action,False,0.0
PAY006735,CUST00504,2026-06-27,5151.0,wallet,failed,network_error,reminder,False,0.0
PAY006736,CUST00737,2026-06-06,4669.93,netbanking,success,,no_action,False,0.0
PAY006737,CUST00048,2026-07-04,18193.08,netbanking,success,,no_action,False,0.0
PAY006738,CUST00688,2026-05-16,11382.0,upi,success,,no_action,False,0.0
PAY006739,CUST00338,2026-03-13,4639.35,netbanking,failed,insufficient_funds,reminder,True,4639.35
PAY006740,CUST00295,2026-07-27,11034.48,wallet,success,,no_action,False,0.0
PAY006741,CUST00572,2026-05-07,17200.61,wallet,failed,network_error,reminder,True,17200.61
PAY006742,CUST00146,2026-04-10,23470.81,netbanking,failed,network_error,payment_link,False,0.0
PAY006743,CUST00610,2026-06-16,7056.85,wallet,failed,card_declined,payment_link,False,0.0
PAY006744,CUST00804,2026-06-16,21864.98,wallet,failed,card_declined,reminder,True,21864.98
PAY006745,CUST00208,2026-03-20,20503.22,card,success,,no_action,False,0.0
PAY006746,CUST00264,2026-03-03,21030.72,upi,failed,card_declined,payment_link,True,21030.72
PAY006747,CUST00919,2026-03-26,13788.38,card,success,,no_action,False,0.0
PAY006748,CUST00821,2026-05-01,431.5,card,success,,no_action,False,0.0
PAY006749,CUST00514,2026-07-03,4250.76,netbanking,success,,no_action,False,0.0
PAY006750,CUST00328,2026-06-06,9202.14,netbanking,success,,no_action,False,0.0
PAY006751,CUST00107,2026-04-16,34072.57,netbanking,success,,no_action,False,0.0
PAY006752,CUST00422,2026-07-09,340.88,netbanking,success,,no_action,False,0.0
PAY006753,CUST00217,2026-06-21,1672.67,netbanking,success,,no_action,False,0.0
PAY006754,CUST00981,2026-05-21,778.45,wallet,failed,insufficient_funds,payment_link,False,0.0
PAY006755,CUST00358,2026-04-30,21183.82,wallet,failed,authentication_failed,reminder,True,21183.82
PAY006756,CUST00673,2026-07-13,40053.15,netbanking,success,,no_action,False,0.0
PAY006757,CUST00448,2026-08-12,441.9,netbanking,success,,no_action,False,0.0
PAY006758,CUST00547,2026-08-22,618.89,wallet,success,,no_action,False,0.0
PAY006759,CUST00126,2026-05-04,2829.04,card,failed,timeout,reminder,True,2829.04
PAY006760,CUST00882,2026-04-10,4260.97,wallet,success,,no_action,False,0.0
PAY006761,CUST00607,2026-08-20,4987.02,upi,success,,no_action,False,0.0
PAY006762,CUST00959,2026-06-23,6412.8,netbanking,failed,network_error,reminder,False,0.0
PAY006763,CUST00196,2026-07-31,5990.7,wallet,success,,no_action,False,0.0
PAY006764,CUST00908,2026-07-02,21623.04,card,success,,no_action,False,0.0
PAY006765,CUST00833,2026-03-12,17226.75,card,success,,no_action,False,0.0
PAY006766,CUST00696,2026-08-14,27539.35,upi,failed,card_declined,reminder,True,27539.35
PAY006767,CUST00466,2026-03-30,16960.04,upi,success,,no_action,False,0.0
PAY006768,CUST00128,2026-08-07,24017.25,card,success,,no_action,False,0.0
PAY006769,CUST00281,2026-06-03,2083.77,netbanking,success,,no_action,False,0.0
PAY006770,CUST00176,2026-04-13,3368.8,netbanking,success,,no_action,False,0.0
PAY006771,CUST00155,2026-05-23,9276.42,card,success,,no_action,False,0.0
PAY006772,CUST00436,2026-08-18,7721.97,upi,success,,no_action,False,0.0
PAY006773,CUST00362,2026-05-10,21002.94,card,success,,no_action,False,0.0
PAY006774,CUST00194,2026-07-13,22443.66,netbanking,success,,no_action,False,0.0
PAY006775,CUST00094,2026-03-11,2276.01,netbanking,success,,no_action,False,0.0
PAY006776,CUST00659,2026-05-07,7318.92,netbanking,success,,no_action,False,0.0
PAY006777,CUST00916,2026-05-09,26487.5,upi,success,,no_action,False,0.0
PAY006778,CUST00542,2026-05-08,10386.81,netbanking,success,,no_action,False,0.0
PAY006779,CUST00378,2026-07-29,4866.11,card,success,,no_action,False,0.0
PAY006780,CUST00218,2026-07-25,537.1,upi,success,,no_action,False,0.0
PAY006781,CUST00656,2026-05-04,14170.74,wallet,success,,no_action,False,0.0
PAY006782,CUST00277,2026-08-03,26778.64,upi,success,,no_action,False,0.0
PAY006783,CUST00013,2026-08-16,10360.85,wallet,success,,no_action,False,0.0
PAY006784,CUST00571,2026-07-01,21562.56,upi,failed,card_declined,reminder,False,0.0
PAY006785,CUST00487,2026-05-27,19413.55,upi,success,,no_action,False,0.0
PAY006786,CUST00352,2026-05-28,25362.26,wallet,success,,no_action,False,0.0
PAY006787,CUST00488,2026-05-16,7047.9,upi,success,,no_action,False,0.0
PAY006788,CUST00571,2026-06-05,22221.52,card,success,,no_action,False,0.0
PAY006789,CUST00417,2026-08-19,4723.06,wallet,success,,no_action,False,0.0
PAY006790,CUST00253,2026-03-11,3177.08,upi,failed,card_declined,payment_link,False,0.0
PAY006791,CUST00853,2026-08-09,5765.18,upi,failed,expired_card,payment_link,True,5765.18
PAY006792,CUST00101,2026-07-21,22710.4,upi,success,,no_action,False,0.0
PAY006793,CUST00052,2026-08-03,5306.07,wallet,success,,no_action,False,0.0
PAY006794,CUST00876,2026-05-10,16017.65,netbanking,success,,no_action,False,0.0
PAY006795,CUST00832,2026-04-22,3233.57,wallet,success,,no_action,False,0.0
PAY006796,CUST00722,2026-07-30,6073.85,upi,success,,no_action,False,0.0
PAY006797,CUST00886,2026-03-26,11452.23,card,success,,no_action,False,0.0
PAY006798,CUST00706,2026-04-29,12599.3,wallet,success,,no_action,False,0.0
PAY006799,CUST00581,2026-08-15,20162.63,netbanking,success,,no_action,False,0.0
PAY006800,CUST00943,2026-03-20,1074.3,upi,success,,no_action,False,0.0
PAY006801,CUST00432,2026-08-25,1374.45,upi,failed,insufficient_funds,reminder,False,0.0
PAY006802,CUST00401,2026-03-09,5959.86,netbanking,success,,no_action,False,0.0
PAY006803,CUST00004,2026-04-15,6285.92,netbanking,success,,no_action,False,0.0
PAY006804,CUST00404,2026-04-20,3145.52,netbanking,success,,no_action,False,0.0
PAY006805,CUST00844,2026-07-20,18621.87,upi,success,,no_action,False,0.0
PAY006806,CUST00828,2026-08-21,13295.25,netbanking,success,,no_action,False,0.0
PAY006807,CUST00779,2026-04-09,10179.53,card,failed,network_error,payment_link,False,0.0
PAY006808,CUST00942,2026-06-24,21541.11,upi,success,,no_action,False,0.0
PAY006809,CUST00521,2026-07-05,1673.85,card,success,,no_action,False,0.0
PAY006810,CUST00925,2026-04-22,26518.82,netbanking,failed,insufficient_funds,escalate,True,26518.82
PAY006811,CUST00193,2026-03-01,244.73,netbanking,success,,no_action,False,0.0
PAY006812,CUST00045,2026-04-02,11848.32,wallet,success,,no_action,False,0.0
PAY006813,CUST00351,2026-06-27,15807.75,wallet,success,,no_action,False,0.0
PAY006814,CUST00955,2026-06-11,12549.8,wallet,success,,no_action,False,0.0
PAY006815,CUST00124,2026-08-13,2537.91,wallet,success,,no_action,False,0.0
PAY006816,CUST00317,2026-06-13,18909.72,upi,success,,no_action,False,0.0
PAY006817,CUST00654,2026-05-10,5718.69,upi,success,,no_action,False,0.0
PAY006818,CUST00840,2026-03-14,17675.81,wallet,failed,authentication_failed,payment_link,True,17675.81
PAY006819,CUST00343,2026-03-28,18686.33,netbanking,failed,timeout,payment_link,True,18686.33
PAY006820,CUST00477,2026-07-07,5855.0,card,success,,no_action,False,0.0
PAY006821,CUST00376,2026-08-17,13803.59,card,failed,network_error,reminder,True,13803.59
PAY006822,CUST00396,2026-06-10,932.39,netbanking,success,,no_action,False,0.0
PAY006823,CUST00336,2026-08-08,2803.95,wallet,success,,no_action,False,0.0
PAY006824,CUST00944,2026-05-17,23120.93,upi,success,,no_action,False,0.0
PAY006825,CUST00158,2026-06-07,3625.24,upi,success,,no_action,False,0.0
PAY006826,CUST00755,2026-07-20,7879.38,upi,success,,no_action,False,0.0
PAY006827,CUST00164,2026-05-04,1025.83,upi,failed,card_declined,payment_link,True,1025.83
PAY006828,CUST00347,2026-04-17,12048.78,netbanking,success,,no_action,False,0.0
PAY006829,CUST00465,2026-06-07,15785.17,upi,success,,no_action,False,0.0
PAY006830,CUST00424,2026-04-14,977.99,upi,failed,expired_card,reminder,True,977.99
PAY006831,CUST00634,2026-03-17,1409.07,wallet,success,,no_action,False,0.0
PAY006832,CUST00226,2026-08-03,30989.5,upi,success,,no_action,False,0.0
PAY006833,CUST00798,2026-04-05,1790.74,upi,success,,no_action,False,0.0
PAY006834,CUST00319,2026-08-08,10846.64,upi,success,,no_action,False,0.0
PAY006835,CUST00379,2026-08-17,3094.51,card,success,,no_action,False,0.0
PAY006836,CUST00684,2026-07-18,20390.29,wallet,success,,no_action,False,0.0
PAY006837,CUST00267,2026-06-16,4155.7,card,success,,no_action,False,0.0
PAY006838,CUST00694,2026-03-11,15523.04,netbanking,success,,no_action,False,0.0
PAY006839,CUST00944,2026-04-21,14635.02,wallet,success,,no_action,False,0.0
PAY006840,CUST00676,2026-08-20,8158.13,wallet,success,,no_action,False,0.0
PAY006841,CUST00639,2026-06-18,17584.89,card,success,,no_action,False,0.0
PAY006842,CUST00518,2026-08-21,21523.18,wallet,failed,network_error,reminder,False,0.0
PAY006843,CUST00576,2026-08-20,20313.17,upi,success,,no_action,False,0.0
PAY006844,CUST00840,2026-06-10,44180.9,netbanking,success,,no_action,False,0.0
PAY006845,CUST00518,2026-03-02,19687.78,upi,failed,timeout,payment_link,True,19687.78
PAY006846,CUST00543,2026-06-28,6401.34,netbanking,failed,network_error,reminder,True,6401.34
PAY006847,CUST00812,2026-07-20,1195.76,upi,success,,no_action,False,0.0
PAY006848,CUST00769,2026-04-07,9227.38,upi,success,,no_action,False,0.0
PAY006849,CUST00500,2026-05-14,330.68,upi,success,,no_action,False,0.0
PAY006850,CUST00736,2026-03-12,21822.86,upi,success,,no_action,False,0.0
PAY006851,CUST00746,2026-04-16,9427.42,netbanking,success,,no_action,False,0.0
PAY006852,CUST00800,2026-03-24,17430.1,netbanking,failed,network_error,retry,True,17430.1
PAY006853,CUST00048,2026-05-13,13183.62,netbanking,success,,no_action,False,0.0
PAY006854,CUST00614,2026-07-04,25291.13,card,failed,authentication_failed,payment_link,True,25291.13
PAY006855,CUST00834,2026-07-09,11744.03,wallet,success,,no_action,False,0.0
PAY006856,CUST00713,2026-05-01,16259.86,upi,success,,no_action,False,0.0
PAY006857,CUST00619,2026-08-11,14822.44,netbanking,failed,card_declined,payment_link,False,0.0
PAY006858,CUST00693,2026-03-20,14043.56,wallet,failed,expired_card,payment_link,True,14043.56
PAY006859,CUST00236,2026-07-19,16220.51,netbanking,success,,no_action,False,0.0
PAY006860,CUST00999,2026-03-05,13460.22,upi,failed,authentication_failed,reminder,True,13460.22
PAY006861,CUST00125,2026-04-15,7729.29,wallet,success,,no_action,False,0.0
PAY006862,CUST00275,2026-04-19,10679.67,upi,success,,no_action,False,0.0
PAY006863,CUST00506,2026-04-30,8376.98,wallet,success,,no_action,False,0.0
PAY006864,CUST00647,2026-08-17,29298.95,card,success,,no_action,False,0.0
PAY006865,CUST00898,2026-03-05,23227.64,upi,success,,no_action,False,0.0
PAY006866,CUST00079,2026-02-27,18403.0,netbanking,success,,no_action,False,0.0
PAY006867,CUST00643,2026-03-23,20540.98,upi,success,,no_action,False,0.0
PAY006868,CUST00373,2026-06-07,11003.64,upi,success,,no_action,False,0.0
PAY006869,CUST00653,2026-05-11,7890.35,upi,success,,no_action,False,0.0
PAY006870,CUST00787,2026-03-09,4646.48,card,success,,no_action,False,0.0
PAY006871,CUST00188,2026-07-28,3300.09,upi,success,,no_action,False,0.0
PAY006872,CUST00938,2026-05-26,15886.13,card,success,,no_action,False,0.0
PAY006873,CUST00619,2026-06-22,16781.25,card,failed,card_declined,payment_link,True,16781.25
PAY006874,CUST00498,2026-02-27,13140.2,card,success,,no_action,False,0.0
PAY006875,CUST00707,2026-08-08,25738.06,card,success,,no_action,False,0.0
PAY006876,CUST00770,2026-04-11,8773.66,wallet,failed,card_declined,payment_link,False,0.0
PAY006877,CUST00962,2026-04-22,1864.91,netbanking,failed,authentication_failed,reminder,True,1864.91
PAY006878,CUST00803,2026-03-16,47626.82,wallet,success,,no_action,False,0.0
PAY006879,CUST00321,2026-05-14,5892.46,netbanking,success,,no_action,False,0.0
PAY006880,CUST00446,2026-02-28,5277.55,card,failed,timeout,retry,True,5277.55
PAY006881,CUST00137,2026-04-14,13883.08,wallet,success,,no_action,False,0.0
PAY006882,CUST00928,2026-08-13,25287.85,card,success,,no_action,False,0.0
PAY006883,CUST00751,2026-04-18,3145.48,card,failed,authentication_failed,payment_link,False,0.0
PAY006884,CUST00290,2026-04-19,13856.64,card,success,,no_action,False,0.0
PAY006885,CUST00172,2026-08-19,1472.56,card,success,,no_action,False,0.0
PAY006886,CUST00013,2026-08-23,16217.85,upi,success,,no_action,False,0.0
PAY006887,CUST00078,2026-05-26,3922.55,upi,success,,no_action,False,0.0
PAY006888,CUST00192,2026-03-08,8682.37,netbanking,success,,no_action,False,0.0
PAY006889,CUST00906,2026-03-26,11843.36,upi,success,,no_action,False,0.0
PAY006890,CUST00102,2026-04-22,612.89,netbanking,success,,no_action,False,0.0
PAY006891,CUST00172,2026-03-04,2237.58,wallet,success,,no_action,False,0.0
PAY006892,CUST00104,2026-03-26,9212.74,wallet,success,,no_action,False,0.0
PAY006893,CUST00823,2026-07-13,1324.2,wallet,failed,network_error,reminder,False,0.0
PAY006894,CUST00422,2026-03-22,641.38,card,success,,no_action,False,0.0
PAY006895,CUST00342,2026-05-02,800.42,upi,success,,no_action,False,0.0
PAY006896,CUST00773,2026-03-08,2539.88,card,success,,no_action,False,0.0
PAY006897,CUST00630,2026-08-20,2182.14,netbanking,success,,no_action,False,0.0
PAY006898,CUST00827,2026-08-17,14201.39,card,success,,no_action,False,0.0
PAY006899,CUST00013,2026-03-17,9572.71,netbanking,success,,no_action,False,0.0
PAY006900,CUST00623,2026-05-18,9331.06,card,failed,insufficient_funds,payment_link,True,9331.06
PAY006901,CUST00003,2026-04-08,1229.32,netbanking,success,,no_action,False,0.0
PAY006902,CUST00561,2026-07-03,6294.28,wallet,success,,no_action,False,0.0
PAY006903,CUST00517,2026-08-01,27320.13,netbanking,success,,no_action,False,0.0
PAY006904,CUST00504,2026-05-06,9085.46,upi,failed,timeout,reminder,True,9085.46
PAY006905,CUST00676,2026-04-26,6801.76,netbanking,failed,expired_card,reminder,False,0.0
PAY006906,CUST00330,2026-04-08,2130.39,card,success,,no_action,False,0.0
PAY006907,CUST00453,2026-07-28,21129.48,upi,success,,no_action,False,0.0
PAY006908,CUST00454,2026-03-28,21269.9,upi,success,,no_action,False,0.0
PAY006909,CUST00868,2026-05-29,39689.18,upi,success,,no_action,False,0.0
PAY006910,CUST00111,2026-06-15,2877.51,upi,success,,no_action,False,0.0
PAY006911,CUST00917,2026-07-12,14857.4,upi,success,,no_action,False,0.0
PAY006912,CUST00032,2026-04-12,29498.52,card,success,,no_action,False,0.0
PAY006913,CUST00311,2026-03-14,39787.4,card,success,,no_action,False,0.0
PAY006914,CUST00068,2026-03-20,16882.64,netbanking,failed,network_error,reminder,False,0.0
PAY006915,CUST00472,2026-05-06,2056.32,card,success,,no_action,False,0.0
PAY006916,CUST00554,2026-07-06,8724.24,wallet,success,,no_action,False,0.0
PAY006917,CUST00570,2026-04-08,26894.85,wallet,failed,timeout,retry,True,26894.85
PAY006918,CUST00916,2026-08-14,39746.0,card,success,,no_action,False,0.0
PAY006919,CUST00619,2026-05-13,13296.83,card,success,,no_action,False,0.0
PAY006920,CUST00557,2026-03-29,6065.12,card,success,,no_action,False,0.0
PAY006921,CUST00103,2026-07-03,9790.14,netbanking,failed,expired_card,reminder,False,0.0
PAY006922,CUST00815,2026-03-31,11910.66,wallet,failed,authentication_failed,reminder,False,0.0
PAY006923,CUST00275,2026-03-22,11211.99,wallet,success,,no_action,False,0.0
PAY006924,CUST00496,2026-05-15,2813.4,card,success,,no_action,False,0.0
PAY006925,CUST00340,2026-06-25,5004.34,card,failed,network_error,reminder,False,0.0
PAY006926,CUST00777,2026-08-25,20141.03,upi,failed,authentication_failed,payment_link,True,20141.03
PAY006927,CUST00359,2026-07-05,3745.32,upi,success,,no_action,False,0.0
PAY006928,CUST00895,2026-04-15,5416.89,upi,success,,no_action,False,0.0
PAY006929,CUST00747,2026-05-27,21002.66,upi,success,,no_action,False,0.0
PAY006930,CUST00652,2026-07-18,10098.41,netbanking,success,,no_action,False,0.0
PAY006931,CUST00486,2026-07-04,26401.18,upi,success,,no_action,False,0.0
PAY006932,CUST00511,2026-04-15,18084.47,upi,success,,no_action,False,0.0
PAY006933,CUST00221,2026-08-20,8868.7,netbanking,success,,no_action,False,0.0
PAY006934,CUST00643,2026-08-01,28015.78,netbanking,success,,no_action,False,0.0
PAY006935,CUST00249,2026-04-17,18376.64,wallet,success,,no_action,False,0.0
PAY006936,CUST00732,2026-05-10,6226.78,wallet,success,,no_action,False,0.0
PAY006937,CUST00273,2026-04-30,11445.64,upi,success,,no_action,False,0.0
PAY006938,CUST00600,2026-05-25,4625.89,wallet,success,,no_action,False,0.0
PAY006939,CUST00135,2026-07-17,2838.43,upi,success,,no_action,False,0.0
PAY006940,CUST00751,2026-04-06,1756.74,wallet,success,,no_action,False,0.0
PAY006941,CUST00485,2026-04-24,14100.74,upi,success,,no_action,False,0.0
PAY006942,CUST00851,2026-03-24,17461.79,card,failed,timeout,retry,True,17461.79
PAY006943,CUST00421,2026-05-06,8737.07,wallet,success,,no_action,False,0.0
PAY006944,CUST00799,2026-06-07,23852.94,upi,success,,no_action,False,0.0
PAY006945,CUST00707,2026-08-21,35408.63,upi,success,,no_action,False,0.0
PAY006946,CUST00352,2026-07-11,32603.73,upi,success,,no_action,False,0.0
PAY006947,CUST00570,2026-04-22,30707.95,wallet,success,,no_action,False,0.0
PAY006948,CUST00200,2026-05-29,838.75,netbanking,success,,no_action,False,0.0
PAY006949,CUST00819,2026-04-19,20154.07,card,failed,timeout,retry,False,0.0
PAY006950,CUST00278,2026-06-25,26336.13,card,success,,no_action,False,0.0
PAY006951,CUST00348,2026-07-21,5634.67,netbanking,failed,expired_card,payment_link,True,5634.67
PAY006952,CUST00341,2026-07-12,13586.23,card,success,,no_action,False,0.0
PAY006953,CUST00736,2026-08-05,20176.3,netbanking,success,,no_action,False,0.0
PAY006954,CUST00787,2026-03-26,3333.24,card,failed,insufficient_funds,reminder,True,3333.24
PAY006955,CUST00126,2026-07-01,3862.1,wallet,success,,no_action,False,0.0
PAY006956,CUST00658,2026-07-26,11058.18,wallet,success,,no_action,False,0.0
PAY006957,CUST00611,2026-06-18,407.21,wallet,success,,no_action,False,0.0
PAY006958,CUST00746,2026-08-10,13111.96,wallet,success,,no_action,False,0.0
PAY006959,CUST00584,2026-02-26,14498.13,card,success,,no_action,False,0.0
PAY006960,CUST00063,2026-08-11,5957.97,netbanking,success,,no_action,False,0.0
PAY006961,CUST00078,2026-04-12,4072.42,upi,failed,network_error,reminder,False,0.0
PAY006962,CUST00940,2026-05-20,33955.41,netbanking,failed,authentication_failed,payment_link,True,33955.41
PAY006963,CUST00758,2026-03-21,11962.27,upi,failed,insufficient_funds,payment_link,False,0.0
PAY006964,CUST00144,2026-07-12,4728.64,upi,success,,no_action,False,0.0
PAY006965,CUST00656,2026-03-10,32523.68,wallet,failed,expired_card,payment_link,True,32523.68
PAY006966,CUST00838,2026-06-13,1272.49,wallet,success,,no_action,False,0.0
PAY006967,CUST00755,2026-03-04,3976.11,wallet,success,,no_action,False,0.0
PAY006968,CUST00387,2026-06-20,21826.41,wallet,success,,no_action,False,0.0
PAY006969,CUST00936,2026-04-04,1776.22,netbanking,success,,no_action,False,0.0
PAY006970,CUST00819,2026-08-24,20507.87,wallet,success,,no_action,False,0.0
PAY006971,CUST00644,2026-02-28,17311.56,card,success,,no_action,False,0.0
PAY006972,CUST00435,2026-07-24,14414.97,wallet,success,,no_action,False,0.0
PAY006973,CUST00010,2026-04-09,13688.91,card,success,,no_action,False,0.0
PAY006974,CUST00327,2026-03-09,23642.23,upi,success,,no_action,False,0.0
PAY006975,CUST00002,2026-06-29,20103.5,netbanking,failed,card_declined,payment_link,False,0.0
PAY006976,CUST00170,2026-08-08,1449.41,wallet,failed,authentication_failed,reminder,False,0.0
PAY006977,CUST00137,2026-03-18,12169.08,card,failed,insufficient_funds,reminder,True,12169.08
PAY006978,CUST00271,2026-03-07,2136.15,netbanking,success,,no_action,False,0.0
PAY006979,CUST00871,2026-08-07,5342.85,wallet,failed,network_error,reminder,True,5342.85
PAY006980,CUST00771,2026-03-13,23649.89,netbanking,success,,no_action,False,0.0
PAY006981,CUST00663,2026-05-08,11562.24,card,success,,no_action,False,0.0
PAY006982,CUST00859,2026-04-24,10257.45,card,success,,no_action,False,0.0
PAY006983,CUST00863,2026-08-25,10123.73,wallet,success,,no_action,False,0.0
PAY006984,CUST00865,2026-04-10,1448.1,netbanking,success,,no_action,False,0.0
PAY006985,CUST00532,2026-05-06,4883.67,netbanking,failed,timeout,reminder,False,0.0
PAY006986,CUST00468,2026-07-01,29632.9,wallet,success,,no_action,False,0.0
PAY006987,CUST00720,2026-03-05,18469.63,upi,success,,no_action,False,0.0
PAY006988,CUST00349,2026-07-29,10765.69,wallet,success,,no_action,False,0.0
PAY006989,CUST00657,2026-06-17,31294.92,upi,success,,no_action,False,0.0
PAY006990,CUST00017,2026-07-26,11903.11,card,success,,no_action,False,0.0
PAY006991,CUST00224,2026-07-13,15794.5,netbanking,success,,no_action,False,0.0
PAY006992,CUST00106,2026-04-27,533.93,upi,success,,no_action,False,0.0
PAY006993,CUST00350,2026-07-17,31667.12,wallet,failed,card_declined,payment_link,True,31667.12
PAY006994,CUST00648,2026-03-01,6170.36,wallet,success,,no_action,False,0.0
PAY006995,CUST00876,2026-05-15,20525.55,wallet,success,,no_action,False,0.0
PAY006996,CUST00693,2026-04-10,4083.77,card,failed,expired_card,payment_link,False,0.0
PAY006997,CUST00090,2026-05-11,13974.65,card,success,,no_action,False,0.0
PAY006998,CUST00133,2026-08-12,13340.51,wallet,success,,no_action,False,0.0
PAY006999,CUST00293,2026-03-31,20004.21,card,success,,no_action,False,0.0
PAY007000,CUST00876,2026-07-31,15902.05,card,success,,no_action,False,0.0
PAY007001,CUST00649,2026-06-01,15653.62,upi,success,,no_action,False,0.0
PAY007002,CUST00247,2026-06-22,8250.8,upi,success,,no_action,False,0.0
PAY007003,CUST00783,2026-06-20,2086.35,netbanking,success,,no_action,False,0.0
PAY007004,CUST00741,2026-05-19,9309.41,netbanking,success,,no_action,False,0.0
PAY007005,CUST00470,2026-05-01,10654.19,upi,success,,no_action,False,0.0
PAY007006,CUST00574,2026-04-06,10185.46,netbanking,success,,no_action,False,0.0
PAY007007,CUST00339,2026-05-21,6195.44,card,success,,no_action,False,0.0
PAY007008,CUST00961,2026-07-27,22715.27,netbanking,success,,no_action,False,0.0
PAY007009,CUST00866,2026-07-01,7614.44,card,success,,no_action,False,0.0
PAY007010,CUST00825,2026-04-11,19173.37,upi,failed,authentication_failed,payment_link,False,0.0
PAY007011,CUST00637,2026-06-15,7760.58,netbanking,success,,no_action,False,0.0
PAY007012,CUST00336,2026-08-18,2332.97,wallet,success,,no_action,False,0.0
PAY007013,CUST00895,2026-04-24,4049.98,card,success,,no_action,False,0.0
PAY007014,CUST00681,2026-07-19,13029.44,wallet,success,,no_action,False,0.0
PAY007015,CUST00269,2026-03-19,25788.43,card,success,,no_action,False,0.0
PAY007016,CUST00964,2026-05-18,11755.92,netbanking,success,,no_action,False,0.0
PAY007017,CUST00227,2026-04-18,5632.22,netbanking,success,,no_action,False,0.0
PAY007018,CUST00692,2026-05-22,21144.87,wallet,success,,no_action,False,0.0
PAY007019,CUST00165,2026-05-16,12345.58,netbanking,success,,no_action,False,0.0
PAY007020,CUST00134,2026-07-06,371.76,card,success,,no_action,False,0.0
PAY007021,CUST00363,2026-04-29,1861.35,upi,success,,no_action,False,0.0
PAY007022,CUST00210,2026-07-03,2493.99,card,success,,no_action,False,0.0
PAY007023,CUST00539,2026-04-03,28068.84,wallet,success,,no_action,False,0.0
PAY007024,CUST00534,2026-08-22,2804.44,netbanking,failed,card_declined,reminder,True,2804.44
PAY007025,CUST00520,2026-08-01,8856.26,card,success,,no_action,False,0.0
PAY007026,CUST00068,2026-04-29,9377.84,wallet,success,,no_action,False,0.0
PAY007027,CUST00208,2026-06-01,23308.94,upi,success,,no_action,False,0.0
PAY007028,CUST00299,2026-08-12,9425.33,netbanking,success,,no_action,False,0.0
PAY007029,CUST00824,2026-04-13,6644.31,wallet,success,,no_action,False,0.0
PAY007030,CUST00694,2026-06-26,28077.98,upi,success,,no_action,False,0.0
PAY007031,CUST00933,2026-03-06,2173.94,card,failed,timeout,reminder,False,0.0
PAY007032,CUST00595,2026-06-23,2514.28,wallet,success,,no_action,False,0.0
PAY007033,CUST00802,2026-06-12,986.05,wallet,success,,no_action,False,0.0
PAY007034,CUST00351,2026-05-13,23239.42,netbanking,success,,no_action,False,0.0
PAY007035,CUST00339,2026-07-05,7840.05,card,success,,no_action,False,0.0
PAY007036,CUST00114,2026-03-26,1831.78,netbanking,success,,no_action,False,0.0
PAY007037,CUST00111,2026-08-04,1637.77,card,success,,no_action,False,0.0
PAY007038,CUST00210,2026-07-13,1889.3,upi,success,,no_action,False,0.0
PAY007039,CUST00634,2026-04-30,1194.32,upi,success,,no_action,False,0.0
PAY007040,CUST00194,2026-03-15,14916.09,upi,success,,no_action,False,0.0
PAY007041,CUST00319,2026-03-05,4119.36,netbanking,success,,no_action,False,0.0
PAY007042,CUST00476,2026-06-14,13879.98,card,success,,no_action,False,0.0
PAY007043,CUST00015,2026-03-25,19384.8,wallet,success,,no_action,False,0.0
PAY007044,CUST00328,2026-07-05,11487.24,netbanking,success,,no_action,False,0.0
PAY007045,CUST00489,2026-06-13,8192.32,wallet,success,,no_action,False,0.0
PAY007046,CUST00983,2026-06-22,7294.22,netbanking,success,,no_action,False,0.0
PAY007047,CUST00714,2026-04-11,25019.85,wallet,success,,no_action,False,0.0
PAY007048,CUST00598,2026-08-15,25037.84,netbanking,failed,card_declined,reminder,True,25037.84
PAY007049,CUST00035,2026-05-29,11178.16,upi,success,,no_action,False,0.0
PAY007050,CUST00520,2026-07-15,5513.98,card,success,,no_action,False,0.0
PAY007051,CUST00186,2026-07-19,569.02,netbanking,success,,no_action,False,0.0
PAY007052,CUST00618,2026-06-04,17977.19,netbanking,failed,expired_card,reminder,False,0.0
PAY007053,CUST00695,2026-08-24,17866.37,netbanking,failed,insufficient_funds,payment_link,False,0.0
PAY007054,CUST00598,2026-05-12,24016.17,wallet,success,,no_action,False,0.0
PAY007055,CUST00306,2026-05-19,12358.53,wallet,success,,no_action,False,0.0
PAY007056,CUST00148,2026-05-31,5573.39,card,success,,no_action,False,0.0
PAY007057,CUST00174,2026-07-10,20417.22,netbanking,success,,no_action,False,0.0
PAY007058,CUST00385,2026-02-28,2443.45,netbanking,success,,no_action,False,0.0
PAY007059,CUST00807,2026-06-26,14662.66,card,success,,no_action,False,0.0
PAY007060,CUST00781,2026-08-20,1997.54,card,success,,no_action,False,0.0
PAY007061,CUST00309,2026-03-09,12151.53,wallet,success,,no_action,False,0.0
PAY007062,CUST00767,2026-04-03,29490.17,upi,success,,no_action,False,0.0
PAY007063,CUST00777,2026-07-04,15774.81,netbanking,failed,timeout,reminder,True,15774.81
PAY007064,CUST00715,2026-03-06,38504.33,netbanking,failed,network_error,reminder,True,38504.33
PAY007065,CUST00849,2026-08-24,11722.7,wallet,success,,no_action,False,0.0
PAY007066,CUST00872,2026-04-23,2729.42,card,success,,no_action,False,0.0
PAY007067,CUST00680,2026-06-30,21144.73,netbanking,success,,no_action,False,0.0
PAY007068,CUST00602,2026-05-05,2707.68,card,success,,no_action,False,0.0
PAY007069,CUST00359,2026-04-12,2761.9,wallet,success,,no_action,False,0.0
PAY007070,CUST00500,2026-07-19,266.67,upi,success,,no_action,False,0.0
PAY007071,CUST00773,2026-07-04,3073.45,wallet,success,,no_action,False,0.0
PAY007072,CUST00347,2026-06-06,31005.88,card,success,,no_action,False,0.0
PAY007073,CUST00534,2026-06-25,1616.7,card,success,,no_action,False,0.0
PAY007074,CUST00113,2026-06-12,3718.92,wallet,failed,insufficient_funds,payment_link,False,0.0
PAY007075,CUST00574,2026-04-28,6349.41,netbanking,failed,authentication_failed,payment_link,True,6349.41
PAY007076,CUST00398,2026-05-31,14803.61,netbanking,success,,no_action,False,0.0
PAY007077,CUST00322,2026-03-27,10948.67,card,success,,no_action,False,0.0
PAY007078,CUST00885,2026-04-15,13124.58,netbanking,success,,no_action,False,0.0
PAY007079,CUST00192,2026-06-01,8179.69,upi,success,,no_action,False,0.0
PAY007080,CUST00954,2026-03-18,14044.45,wallet,failed,insufficient_funds,payment_link,False,0.0
PAY007081,CUST00972,2026-06-15,20174.8,upi,success,,no_action,False,0.0
PAY007082,CUST00926,2026-08-24,11707.6,netbanking,success,,no_action,False,0.0
PAY007083,CUST00899,2026-07-17,240.24,wallet,success,,no_action,False,0.0
PAY007084,CUST00312,2026-04-24,391.78,wallet,failed,insufficient_funds,payment_link,False,0.0
PAY007085,CUST00060,2026-08-05,13878.94,netbanking,success,,no_action,False,0.0
PAY007086,CUST00053,2026-05-25,7232.76,upi,success,,no_action,False,0.0
PAY007087,CUST00834,2026-04-01,18827.63,card,success,,no_action,False,0.0
PAY007088,CUST00241,2026-07-26,389.05,wallet,success,,no_action,False,0.0
PAY007089,CUST00939,2026-06-05,21798.07,card,success,,no_action,False,0.0
PAY007090,CUST00209,2026-07-04,17756.75,card,success,,no_action,False,0.0
PAY007091,CUST00883,2026-08-19,20064.48,wallet,success,,no_action,False,0.0
PAY007092,CUST00668,2026-06-05,26669.25,netbanking,success,,no_action,False,0.0
PAY007093,CUST00005,2026-06-11,26196.05,wallet,failed,card_declined,reminder,True,26196.05
PAY007094,CUST00194,2026-06-01,17457.39,netbanking,success,,no_action,False,0.0
PAY007095,CUST00401,2026-07-31,6109.82,netbanking,success,,no_action,False,0.0
PAY007096,CUST00534,2026-04-07,2313.82,netbanking,failed,timeout,retry,True,2313.82
PAY007097,CUST00481,2026-03-30,18287.38,upi,success,,no_action,False,0.0
PAY007098,CUST00316,2026-08-22,19674.21,wallet,success,,no_action,False,0.0
PAY007099,CUST00391,2026-05-20,10589.01,upi,success,,no_action,False,0.0
PAY007100,CUST00131,2026-03-18,10304.23,netbanking,success,,no_action,False,0.0
PAY007101,CUST00119,2026-04-29,200.0,upi,success,,no_action,False,0.0
PAY007102,CUST00855,2026-07-25,25826.36,wallet,failed,timeout,reminder,True,25826.36
PAY007103,CUST00338,2026-05-22,6169.75,wallet,failed,timeout,retry,True,6169.75
PAY007104,CUST00205,2026-03-22,20800.88,card,success,,no_action,False,0.0
PAY007105,CUST00672,2026-03-18,9591.87,upi,success,,no_action,False,0.0
PAY007106,CUST00478,2026-06-14,1175.26,upi,success,,no_action,False,0.0
PAY007107,CUST00395,2026-08-11,4995.48,wallet,success,,no_action,False,0.0
PAY007108,CUST00738,2026-08-11,8400.83,upi,success,,no_action,False,0.0
PAY007109,CUST00253,2026-05-20,4912.77,upi,success,,no_action,False,0.0
PAY007110,CUST00596,2026-08-20,8939.18,upi,success,,no_action,False,0.0
PAY007111,CUST00504,2026-05-08,8594.34,card,failed,timeout,reminder,False,0.0
PAY007112,CUST00032,2026-08-21,28328.86,upi,success,,no_action,False,0.0
PAY007113,CUST00203,2026-04-06,8423.2,card,success,,no_action,False,0.0
PAY007114,CUST00728,2026-03-23,11161.3,wallet,failed,expired_card,reminder,True,11161.3
PAY007115,CUST00597,2026-04-30,16586.28,netbanking,success,,no_action,False,0.0
PAY007116,CUST00056,2026-03-15,470.23,card,success,,no_action,False,0.0
PAY007117,CUST00129,2026-05-09,20039.56,wallet,success,,no_action,False,0.0
PAY007118,CUST00870,2026-04-07,8722.52,card,success,,no_action,False,0.0
PAY007119,CUST00819,2026-04-10,15515.07,upi,success,,no_action,False,0.0
PAY007120,CUST00932,2026-07-26,4697.59,netbanking,success,,no_action,False,0.0
PAY007121,CUST00479,2026-05-05,17772.96,wallet,success,,no_action,False,0.0
PAY007122,CUST00589,2026-05-27,4564.84,card,success,,no_action,False,0.0
PAY007123,CUST00452,2026-04-02,13173.19,wallet,success,,no_action,False,0.0
PAY007124,CUST00521,2026-06-05,2353.15,upi,success,,no_action,False,0.0
PAY007125,CUST00112,2026-07-20,28678.51,netbanking,success,,no_action,False,0.0
PAY007126,CUST00683,2026-07-19,24377.07,upi,success,,no_action,False,0.0
PAY007127,CUST00877,2026-05-12,1707.8,netbanking,success,,no_action,False,0.0
PAY007128,CUST00195,2026-05-18,21676.47,netbanking,success,,no_action,False,0.0
PAY007129,CUST00470,2026-06-10,9581.36,wallet,success,,no_action,False,0.0
PAY007130,CUST00885,2026-05-24,7063.97,upi,failed,authentication_failed,reminder,False,0.0
PAY007131,CUST00641,2026-03-06,5704.51,netbanking,success,,no_action,False,0.0
PAY007132,CUST00725,2026-06-08,33334.69,netbanking,success,,no_action,False,0.0
PAY007133,CUST00763,2026-04-03,4657.09,wallet,success,,no_action,False,0.0
PAY007134,CUST00969,2026-06-04,13124.46,netbanking,failed,authentication_failed,payment_link,True,13124.46
PAY007135,CUST00827,2026-03-20,17502.42,card,failed,authentication_failed,payment_link,True,17502.42
PAY007136,CUST00158,2026-05-20,10374.1,wallet,success,,no_action,False,0.0
PAY007137,CUST00688,2026-08-25,10913.79,upi,success,,no_action,False,0.0
PAY007138,CUST00544,2026-08-16,5228.52,wallet,success,,no_action,False,0.0
PAY007139,CUST00144,2026-04-24,4768.94,card,success,,no_action,False,0.0
PAY007140,CUST00949,2026-07-23,9957.28,card,failed,card_declined,reminder,True,9957.28
PAY007141,CUST00633,2026-06-28,5106.25,wallet,success,,no_action,False,0.0
PAY007142,CUST00439,2026-06-19,32656.6,card,success,,no_action,False,0.0
PAY007143,CUST00229,2026-07-04,2661.04,netbanking,success,,no_action,False,0.0
PAY007144,CUST00230,2026-06-23,1006.21,wallet,success,,no_action,False,0.0
PAY007145,CUST00656,2026-08-23,19086.13,card,success,,no_action,False,0.0
PAY007146,CUST00003,2026-05-10,978.73,netbanking,success,,no_action,False,0.0
PAY007147,CUST00860,2026-07-01,17394.92,upi,success,,no_action,False,0.0
PAY007148,CUST00490,2026-04-29,33211.87,wallet,success,,no_action,False,0.0
PAY007149,CUST00078,2026-07-28,3872.51,wallet,success,,no_action,False,0.0
PAY007150,CUST00006,2026-06-14,6556.37,netbanking,success,,no_action,False,0.0
PAY007151,CUST00916,2026-03-10,20715.26,wallet,failed,card_declined,reminder,False,0.0
PAY007152,CUST00774,2026-03-12,3038.65,wallet,success,,no_action,False,0.0
PAY007153,CUST00871,2026-03-22,13835.99,upi,success,,no_action,False,0.0
PAY007154,CUST00140,2026-05-06,30314.49,wallet,failed,network_error,reminder,True,30314.49
PAY007155,CUST00508,2026-07-20,6474.74,card,success,,no_action,False,0.0
PAY007156,CUST00336,2026-05-17,1531.73,card,failed,network_error,reminder,True,1531.73
PAY007157,CUST00623,2026-03-16,17195.57,wallet,failed,insufficient_funds,payment_link,True,17195.57
PAY007158,CUST00939,2026-07-08,19793.84,card,success,,no_action,False,0.0
PAY007159,CUST00519,2026-06-18,1464.38,netbanking,success,,no_action,False,0.0
PAY007160,CUST00940,2026-06-08,37099.84,netbanking,failed,expired_card,payment_link,True,37099.84
PAY007161,CUST00772,2026-07-17,14498.25,upi,failed,timeout,reminder,False,0.0
PAY007162,CUST00619,2026-07-10,14846.46,netbanking,failed,network_error,payment_link,True,14846.46
PAY007163,CUST00225,2026-03-01,3289.72,upi,success,,no_action,False,0.0
PAY007164,CUST00359,2026-08-06,3417.8,netbanking,failed,timeout,payment_link,True,3417.8
PAY007165,CUST00070,2026-07-25,12602.28,card,success,,no_action,False,0.0
PAY007166,CUST00672,2026-03-01,22203.05,netbanking,success,,no_action,False,0.0
PAY007167,CUST00592,2026-07-23,39866.12,netbanking,success,,no_action,False,0.0
PAY007168,CUST00290,2026-07-26,21584.2,wallet,success,,no_action,False,0.0
PAY007169,CUST00038,2026-04-02,22933.26,upi,success,,no_action,False,0.0
PAY007170,CUST00253,2026-03-07,2989.54,wallet,failed,network_error,payment_link,False,0.0
PAY007171,CUST00648,2026-05-18,7524.83,wallet,failed,timeout,reminder,True,7524.83
PAY007172,CUST00918,2026-05-16,15327.41,upi,success,,no_action,False,0.0
PAY007173,CUST00018,2026-06-26,13426.74,upi,success,,no_action,False,0.0
PAY007174,CUST00564,2026-08-12,15473.98,netbanking,success,,no_action,False,0.0
PAY007175,CUST00200,2026-07-06,1157.29,card,success,,no_action,False,0.0
PAY007176,CUST00202,2026-08-20,3540.45,upi,success,,no_action,False,0.0
PAY007177,CUST00839,2026-04-13,13072.68,wallet,success,,no_action,False,0.0
PAY007178,CUST00395,2026-05-16,4842.35,upi,failed,network_error,retry,True,4842.35
PAY007179,CUST00573,2026-03-28,17004.65,card,success,,no_action,False,0.0
PAY007180,CUST00228,2026-05-24,14904.33,card,failed,authentication_failed,reminder,True,14904.33
PAY007181,CUST00449,2026-06-21,30795.26,wallet,success,,no_action,False,0.0
PAY007182,CUST00506,2026-04-25,9013.44,upi,success,,no_action,False,0.0
PAY007183,CUST00061,2026-06-19,885.53,upi,success,,no_action,False,0.0
PAY007184,CUST00328,2026-04-14,13623.95,netbanking,success,,no_action,False,0.0
PAY007185,CUST00244,2026-03-01,7530.95,card,success,,no_action,False,0.0
PAY007186,CUST00388,2026-08-09,12289.38,card,success,,no_action,False,0.0
PAY007187,CUST00174,2026-06-26,17993.12,netbanking,success,,no_action,False,0.0
PAY007188,CUST00679,2026-06-09,21921.36,netbanking,failed,network_error,reminder,True,21921.36
PAY007189,CUST00289,2026-05-03,7974.22,wallet,success,,no_action,False,0.0
PAY007190,CUST00715,2026-06-21,18911.76,netbanking,success,,no_action,False,0.0
PAY007191,CUST00365,2026-05-13,5788.81,upi,success,,no_action,False,0.0
PAY007192,CUST00996,2026-06-13,10529.47,upi,failed,expired_card,payment_link,True,10529.47
PAY007193,CUST00671,2026-07-09,3446.75,card,success,,no_action,False,0.0
PAY007194,CUST00375,2026-06-27,12016.04,card,failed,expired_card,reminder,False,0.0
PAY007195,CUST00915,2026-07-15,10351.98,upi,success,,no_action,False,0.0
PAY007196,CUST00886,2026-06-13,12298.47,wallet,success,,no_action,False,0.0
PAY007197,CUST00507,2026-03-13,17241.45,card,success,,no_action,False,0.0
PAY007198,CUST00677,2026-04-20,1818.51,card,failed,authentication_failed,payment_link,True,1818.51
PAY007199,CUST00070,2026-05-19,10831.28,upi,success,,no_action,False,0.0
PAY007200,CUST00720,2026-06-15,28742.24,netbanking,success,,no_action,False,0.0
PAY007201,CUST00053,2026-05-25,8689.84,upi,failed,expired_card,payment_link,False,0.0
PAY007202,CUST00386,2026-07-23,16734.85,upi,success,,no_action,False,0.0
PAY007203,CUST00155,2026-05-29,20842.28,upi,success,,no_action,False,0.0
PAY007204,CUST00142,2026-05-18,18525.45,card,success,,no_action,False,0.0
PAY007205,CUST00885,2026-08-08,13793.25,netbanking,failed,authentication_failed,payment_link,False,0.0
PAY007206,CUST00137,2026-04-18,10182.39,card,success,,no_action,False,0.0
PAY007207,CUST00824,2026-04-04,6192.46,upi,failed,timeout,reminder,False,0.0
PAY007208,CUST00476,2026-08-21,12532.35,wallet,success,,no_action,False,0.0
PAY007209,CUST00524,2026-06-24,13636.88,wallet,success,,no_action,False,0.0
PAY007210,CUST00982,2026-03-04,10984.71,upi,failed,card_declined,payment_link,False,0.0
PAY007211,CUST00215,2026-05-08,13623.16,netbanking,success,,no_action,False,0.0
PAY007212,CUST00481,2026-03-22,11728.18,upi,success,,no_action,False,0.0
PAY007213,CUST00585,2026-07-22,13970.92,upi,failed,authentication_failed,payment_link,True,13970.92
PAY007214,CUST00975,2026-08-24,2289.59,upi,success,,no_action,False,0.0
PAY007215,CUST00229,2026-08-23,4161.04,upi,success,,no_action,False,0.0
PAY007216,CUST00001,2026-04-28,4032.19,wallet,success,,no_action,False,0.0
PAY007217,CUST00702,2026-05-29,7131.61,netbanking,failed,insufficient_funds,reminder,False,0.0
PAY007218,CUST00282,2026-07-11,14004.48,upi,success,,no_action,False,0.0
PAY007219,CUST00910,2026-02-26,3871.17,upi,success,,no_action,False,0.0
PAY007220,CUST00053,2026-04-07,9047.53,upi,success,,no_action,False,0.0
PAY007221,CUST00518,2026-04-15,15891.53,upi,success,,no_action,False,0.0
PAY007222,CUST00335,2026-06-20,14488.77,card,success,,no_action,False,0.0
PAY007223,CUST00594,2026-03-23,1543.92,wallet,success,,no_action,False,0.0
PAY007224,CUST00437,2026-05-30,17800.52,wallet,failed,insufficient_funds,payment_link,True,17800.52
PAY007225,CUST00062,2026-07-14,2770.41,wallet,success,,no_action,False,0.0
PAY007226,CUST00418,2026-06-04,20475.57,netbanking,failed,card_declined,reminder,True,20475.57
PAY007227,CUST00052,2026-07-23,3885.19,upi,success,,no_action,False,0.0
PAY007228,CUST00175,2026-08-11,10189.28,upi,success,,no_action,False,0.0
PAY007229,CUST00656,2026-08-15,13594.83,netbanking,success,,no_action,False,0.0
PAY007230,CUST00219,2026-07-17,13120.31,upi,success,,no_action,False,0.0
PAY007231,CUST00301,2026-06-26,6428.3,wallet,success,,no_action,False,0.0
PAY007232,CUST00162,2026-03-01,5478.77,upi,success,,no_action,False,0.0
PAY007233,CUST00242,2026-06-09,3678.79,upi,success,,no_action,False,0.0
PAY007234,CUST00320,2026-07-22,2138.06,netbanking,failed,timeout,retry,True,2138.06
PAY007235,CUST00083,2026-04-28,17891.08,card,success,,no_action,False,0.0
PAY007236,CUST00261,2026-03-22,14190.86,card,success,,no_action,False,0.0
PAY007237,CUST00063,2026-04-27,6913.05,card,success,,no_action,False,0.0
PAY007238,CUST00788,2026-05-29,10101.61,upi,success,,no_action,False,0.0
PAY007239,CUST00858,2026-05-11,1539.96,netbanking,success,,no_action,False,0.0
PAY007240,CUST00769,2026-06-02,11937.59,wallet,success,,no_action,False,0.0
PAY007241,CUST00156,2026-05-27,1725.25,upi,success,,no_action,False,0.0
PAY007242,CUST00078,2026-07-10,3755.75,card,success,,no_action,False,0.0
PAY007243,CUST00438,2026-06-12,21423.36,card,success,,no_action,False,0.0
PAY007244,CUST00766,2026-06-05,20115.26,card,success,,no_action,False,0.0
PAY007245,CUST00913,2026-07-27,20720.74,card,success,,no_action,False,0.0
PAY007246,CUST00019,2026-08-07,14314.91,netbanking,success,,no_action,False,0.0
PAY007247,CUST00640,2026-04-01,10676.25,card,failed,timeout,retry,True,10676.25
PAY007248,CUST00924,2026-08-05,386.69,card,success,,no_action,False,0.0
PAY007249,CUST00504,2026-06-26,9748.06,netbanking,success,,no_action,False,0.0
PAY007250,CUST00895,2026-04-12,7088.35,upi,failed,network_error,reminder,True,7088.35
PAY007251,CUST00934,2026-04-21,2790.57,netbanking,success,,no_action,False,0.0
PAY007252,CUST00793,2026-03-15,4574.41,netbanking,failed,insufficient_funds,payment_link,False,0.0
PAY007253,CUST00658,2026-06-01,19990.44,card,failed,card_declined,payment_link,False,0.0
PAY007254,CUST00025,2026-03-05,6978.4,card,failed,timeout,retry,False,0.0
PAY007255,CUST00861,2026-03-22,6344.75,wallet,success,,no_action,False,0.0
PAY007256,CUST00259,2026-03-29,2201.74,upi,success,,no_action,False,0.0
PAY007257,CUST00512,2026-07-23,23301.49,card,success,,no_action,False,0.0
PAY007258,CUST00779,2026-07-17,14455.55,card,success,,no_action,False,0.0
PAY007259,CUST00712,2026-07-24,15882.41,upi,success,,no_action,False,0.0
PAY007260,CUST00183,2026-08-16,33596.59,upi,success,,no_action,False,0.0
PAY007261,CUST00923,2026-08-12,21495.63,card,success,,no_action,False,0.0
PAY007262,CUST00186,2026-06-18,989.7,netbanking,success,,no_action,False,0.0
PAY007263,CUST00894,2026-03-28,3173.32,wallet,success,,no_action,False,0.0
PAY007264,CUST00996,2026-03-09,10406.09,wallet,success,,no_action,False,0.0
PAY007265,CUST00872,2026-04-01,3092.69,netbanking,failed,network_error,reminder,True,3092.69
PAY007266,CUST00286,2026-04-30,14347.3,upi,failed,expired_card,payment_link,True,14347.3
PAY007267,CUST00838,2026-04-10,1300.24,upi,success,,no_action,False,0.0
PAY007268,CUST00499,2026-07-05,9708.5,upi,failed,card_declined,reminder,True,9708.5
PAY007269,CUST00984,2026-08-18,17512.52,netbanking,success,,no_action,False,0.0
PAY007270,CUST00860,2026-07-28,14014.29,netbanking,success,,no_action,False,0.0
PAY007271,CUST00599,2026-07-19,24840.85,netbanking,success,,no_action,False,0.0
PAY007272,CUST00776,2026-03-04,7652.34,upi,success,,no_action,False,0.0
PAY007273,CUST00536,2026-03-22,20064.22,wallet,success,,no_action,False,0.0
PAY007274,CUST00295,2026-03-09,9111.78,upi,success,,no_action,False,0.0
PAY007275,CUST00528,2026-05-22,1549.94,netbanking,success,,no_action,False,0.0
PAY007276,CUST00998,2026-05-22,21430.08,wallet,success,,no_action,False,0.0
PAY007277,CUST00599,2026-04-21,23088.78,card,failed,insufficient_funds,reminder,True,23088.78
PAY007278,CUST00478,2026-05-10,1561.49,card,success,,no_action,False,0.0
PAY007279,CUST00264,2026-04-26,21186.56,wallet,success,,no_action,False,0.0
PAY007280,CUST00582,2026-05-01,20344.29,card,success,,no_action,False,0.0
PAY007281,CUST00875,2026-05-02,1057.52,card,success,,no_action,False,0.0
PAY007282,CUST00366,2026-08-17,1246.96,netbanking,failed,authentication_failed,payment_link,True,1246.96
PAY007283,CUST00956,2026-06-28,11751.84,wallet,success,,no_action,False,0.0
PAY007284,CUST00301,2026-02-27,6487.15,wallet,success,,no_action,False,0.0
PAY007285,CUST00454,2026-06-02,12612.68,upi,success,,no_action,False,0.0
PAY007286,CUST00748,2026-04-04,42003.47,wallet,success,,no_action,False,0.0
PAY007287,CUST00007,2026-04-16,16473.37,card,success,,no_action,False,0.0
PAY007288,CUST00447,2026-03-31,7818.35,upi,success,,no_action,False,0.0
PAY007289,CUST00810,2026-04-22,25616.02,netbanking,success,,no_action,False,0.0
PAY007290,CUST00595,2026-06-07,2485.23,wallet,success,,no_action,False,0.0
PAY007291,CUST00623,2026-06-18,22601.47,netbanking,success,,no_action,False,0.0
PAY007292,CUST00383,2026-07-19,6182.56,wallet,success,,no_action,False,0.0
PAY007293,CUST00958,2026-03-23,22709.15,card,success,,no_action,False,0.0
PAY007294,CUST00438,2026-04-05,27314.22,card,success,,no_action,False,0.0
PAY007295,CUST00268,2026-04-29,15391.07,card,success,,no_action,False,0.0
PAY007296,CUST00500,2026-04-23,294.5,upi,success,,no_action,False,0.0
PAY007297,CUST00012,2026-05-30,21780.06,upi,failed,expired_card,reminder,True,21780.06
PAY007298,CUST00139,2026-08-12,11583.57,wallet,success,,no_action,False,0.0
PAY007299,CUST00551,2026-07-29,4874.97,netbanking,success,,no_action,False,0.0
PAY007300,CUST00826,2026-03-05,9543.64,upi,success,,no_action,False,0.0
PAY007301,CUST00096,2026-07-30,14122.5,card,success,,no_action,False,0.0
PAY007302,CUST00501,2026-07-01,7621.3,netbanking,success,,no_action,False,0.0
PAY007303,CUST00207,2026-07-26,9059.18,wallet,failed,insufficient_funds,reminder,True,9059.18
PAY007304,CUST00976,2026-03-15,12024.56,wallet,success,,no_action,False,0.0
PAY007305,CUST00618,2026-06-05,10406.79,netbanking,success,,no_action,False,0.0
PAY007306,CUST00881,2026-06-04,6089.17,wallet,success,,no_action,False,0.0
PAY007307,CUST00097,2026-05-24,1568.0,card,failed,timeout,reminder,True,1568.0
PAY007308,CUST00482,2026-03-03,21940.08,card,failed,authentication_failed,payment_link,True,21940.08
PAY007309,CUST00301,2026-05-17,9782.96,card,failed,network_error,payment_link,False,0.0
PAY007310,CUST00440,2026-04-08,7649.82,upi,success,,no_action,False,0.0
PAY007311,CUST00825,2026-07-05,17207.13,card,failed,authentication_failed,payment_link,False,0.0
PAY007312,CUST00468,2026-06-05,15583.42,wallet,failed,authentication_failed,reminder,True,15583.42
PAY007313,CUST00328,2026-06-11,6899.48,wallet,success,,no_action,False,0.0
PAY007314,CUST00254,2026-05-21,1459.12,card,success,,no_action,False,0.0
PAY007315,CUST00451,2026-03-26,4716.91,wallet,success,,no_action,False,0.0
PAY007316,CUST00964,2026-07-16,12546.4,wallet,success,,no_action,False,0.0
PAY007317,CUST00852,2026-04-03,24235.77,card,success,,no_action,False,0.0
PAY007318,CUST00862,2026-07-12,4100.63,upi,failed,authentication_failed,reminder,True,4100.63
PAY007319,CUST00522,2026-08-17,2321.79,netbanking,failed,card_declined,payment_link,True,2321.79
PAY007320,CUST00597,2026-08-23,21094.64,card,failed,expired_card,payment_link,True,21094.64
PAY007321,CUST00357,2026-04-16,11439.37,netbanking,success,,no_action,False,0.0
PAY007322,CUST00477,2026-06-12,6072.36,netbanking,success,,no_action,False,0.0
PAY007323,CUST00209,2026-05-31,11694.81,card,success,,no_action,False,0.0
PAY007324,CUST00580,2026-06-17,13181.19,wallet,success,,no_action,False,0.0
PAY007325,CUST00770,2026-03-22,10581.04,netbanking,success,,no_action,False,0.0
PAY007326,CUST00278,2026-05-06,18984.71,card,success,,no_action,False,0.0
PAY007327,CUST00038,2026-03-09,21127.79,wallet,success,,no_action,False,0.0
PAY007328,CUST00153,2026-06-14,9014.32,card,success,,no_action,False,0.0
PAY007329,CUST00320,2026-07-31,4604.82,card,success,,no_action,False,0.0
PAY007330,CUST00498,2026-07-19,18730.68,upi,success,,no_action,False,0.0
PAY007331,CUST00516,2026-04-19,22535.7,netbanking,failed,expired_card,payment_link,True,22535.7
PAY007332,CUST00761,2026-07-29,21043.17,wallet,success,,no_action,False,0.0
PAY007333,CUST00153,2026-08-09,17084.36,netbanking,success,,no_action,False,0.0
PAY007334,CUST00942,2026-05-19,11639.36,wallet,success,,no_action,False,0.0
PAY007335,CUST00283,2026-05-30,9636.95,wallet,success,,no_action,False,0.0
PAY007336,CUST00521,2026-03-13,2654.91,upi,failed,network_error,retry,True,2654.91
PAY007337,CUST00860,2026-07-26,10831.11,netbanking,success,,no_action,False,0.0
PAY007338,CUST00763,2026-06-23,6193.14,card,failed,timeout,retry,True,6193.14
PAY007339,CUST00124,2026-06-08,1743.5,netbanking,success,,no_action,False,0.0
PAY007340,CUST00003,2026-03-13,1289.31,netbanking,failed,timeout,retry,True,1289.31
PAY007341,CUST00987,2026-03-13,6076.62,upi,success,,no_action,False,0.0
PAY007342,CUST00048,2026-06-07,15212.99,card,success,,no_action,False,0.0
PAY007343,CUST00868,2026-04-04,33683.08,wallet,success,,no_action,False,0.0
PAY007344,CUST00492,2026-08-25,11469.66,card,failed,network_error,reminder,True,11469.66
PAY007345,CUST00753,2026-06-16,713.8,wallet,success,,no_action,False,0.0
PAY007346,CUST00219,2026-08-23,14086.8,wallet,failed,expired_card,reminder,True,14086.8
PAY007347,CUST00470,2026-07-31,11688.31,upi,success,,no_action,False,0.0
PAY007348,CUST00939,2026-06-10,26705.19,card,success,,no_action,False,0.0
PAY007349,CUST00473,2026-04-09,14357.71,wallet,success,,no_action,False,0.0
PAY007350,CUST00869,2026-03-16,23053.31,netbanking,success,,no_action,False,0.0
PAY007351,CUST00406,2026-05-18,12184.06,upi,success,,no_action,False,0.0
PAY007352,CUST00523,2026-06-13,1669.5,wallet,success,,no_action,False,0.0
PAY007353,CUST00056,2026-06-25,798.95,netbanking,success,,no_action,False,0.0
PAY007354,CUST00913,2026-06-17,2983.82,card,success,,no_action,False,0.0
PAY007355,CUST00636,2026-03-25,4137.65,card,success,,no_action,False,0.0
PAY007356,CUST00328,2026-04-14,10695.8,card,success,,no_action,False,0.0
PAY007357,CUST00403,2026-03-05,10373.91,card,success,,no_action,False,0.0
PAY007358,CUST00719,2026-04-01,12284.99,upi,success,,no_action,False,0.0
PAY007359,CUST00159,2026-06-18,4045.25,card,failed,timeout,reminder,True,4045.25
PAY007360,CUST00446,2026-08-07,4565.51,card,success,,no_action,False,0.0
PAY007361,CUST00184,2026-08-11,19687.12,netbanking,success,,no_action,False,0.0
PAY007362,CUST00117,2026-04-24,18596.26,netbanking,success,,no_action,False,0.0
PAY007363,CUST00719,2026-03-16,23168.4,upi,failed,authentication_failed,reminder,False,0.0
PAY007364,CUST00478,2026-07-08,1695.92,card,success,,no_action,False,0.0
PAY007365,CUST00033,2026-04-14,4179.65,netbanking,success,,no_action,False,0.0
PAY007366,CUST00119,2026-08-12,347.76,wallet,success,,no_action,False,0.0
PAY007367,CUST00574,2026-05-22,12712.03,wallet,success,,no_action,False,0.0
PAY007368,CUST00853,2026-06-18,5853.46,netbanking,success,,no_action,False,0.0
PAY007369,CUST00012,2026-07-03,23604.87,netbanking,success,,no_action,False,0.0
PAY007370,CUST00009,2026-06-08,8661.73,netbanking,success,,no_action,False,0.0
PAY007371,CUST00545,2026-03-30,4690.34,wallet,failed,expired_card,reminder,True,4690.34
PAY007372,CUST00791,2026-05-18,22667.71,wallet,success,,no_action,False,0.0
PAY007373,CUST00575,2026-06-16,27113.41,wallet,failed,network_error,reminder,True,27113.41
PAY007374,CUST00026,2026-03-14,19606.01,netbanking,success,,no_action,False,0.0
PAY007375,CUST00375,2026-07-26,9732.0,card,success,,no_action,False,0.0
PAY007376,CUST00894,2026-07-25,2940.01,netbanking,success,,no_action,False,0.0
PAY007377,CUST00206,2026-05-01,6379.69,wallet,success,,no_action,False,0.0
PAY007378,CUST00603,2026-04-17,20745.72,upi,success,,no_action,False,0.0
PAY007379,CUST00274,2026-05-22,741.78,netbanking,success,,no_action,False,0.0
PAY007380,CUST00543,2026-04-07,5589.32,wallet,success,,no_action,False,0.0
PAY007381,CUST00115,2026-06-07,13760.5,upi,failed,network_error,reminder,False,0.0
PAY007382,CUST00284,2026-04-30,11965.42,upi,failed,network_error,reminder,False,0.0
PAY007383,CUST00155,2026-08-17,15623.58,upi,success,,no_action,False,0.0
PAY007384,CUST00810,2026-08-18,24930.02,wallet,success,,no_action,False,0.0
PAY007385,CUST00523,2026-07-11,3002.59,card,failed,insufficient_funds,reminder,True,3002.59
PAY007386,CUST00708,2026-07-18,9208.84,wallet,success,,no_action,False,0.0
PAY007387,CUST00549,2026-07-18,24990.74,netbanking,success,,no_action,False,0.0
PAY007388,CUST00616,2026-05-14,16945.03,upi,success,,no_action,False,0.0
PAY007389,CUST00568,2026-06-08,1638.28,card,success,,no_action,False,0.0
PAY007390,CUST00528,2026-03-01,2440.38,upi,success,,no_action,False,0.0
PAY007391,CUST00534,2026-07-14,3166.28,card,success,,no_action,False,0.0
PAY007392,CUST00826,2026-03-28,6410.94,netbanking,failed,authentication_failed,payment_link,True,6410.94
PAY007393,CUST00275,2026-05-09,10401.0,card,success,,no_action,False,0.0
PAY007394,CUST00730,2026-03-26,23645.07,card,success,,no_action,False,0.0
PAY007395,CUST00712,2026-04-23,10276.98,card,success,,no_action,False,0.0
PAY007396,CUST00350,2026-08-07,30999.08,wallet,failed,authentication_failed,reminder,True,30999.08
PAY007397,CUST00189,2026-03-15,4829.45,card,success,,no_action,False,0.0
PAY007398,CUST00100,2026-04-02,10735.48,netbanking,success,,no_action,False,0.0
PAY007399,CUST00984,2026-05-11,16344.53,card,success,,no_action,False,0.0
PAY007400,CUST00928,2026-04-03,15076.71,wallet,success,,no_action,False,0.0
PAY007401,CUST00518,2026-08-20,21532.92,card,success,,no_action,False,0.0
PAY007402,CUST00742,2026-04-07,11656.55,upi,success,,no_action,False,0.0
PAY007403,CUST00053,2026-07-19,4682.59,wallet,failed,expired_card,payment_link,False,0.0
PAY007404,CUST00803,2026-04-11,42236.71,netbanking,success,,no_action,False,0.0
PAY007405,CUST00399,2026-04-24,10699.27,card,failed,card_declined,reminder,True,10699.27
PAY007406,CUST00081,2026-08-20,19548.71,wallet,success,,no_action,False,0.0
PAY007407,CUST00363,2026-03-28,2470.9,wallet,success,,no_action,False,0.0
PAY007408,CUST00778,2026-05-10,639.18,card,success,,no_action,False,0.0
PAY007409,CUST00589,2026-07-04,4222.03,netbanking,failed,expired_card,payment_link,True,4222.03
PAY007410,CUST00584,2026-05-27,10960.21,card,success,,no_action,False,0.0
PAY007411,CUST00041,2026-08-25,11611.48,wallet,success,,no_action,False,0.0
PAY007412,CUST00955,2026-04-04,12304.48,upi,failed,card_declined,payment_link,True,12304.48
PAY007413,CUST00278,2026-03-22,17029.93,wallet,success,,no_action,False,0.0
PAY007414,CUST00939,2026-07-21,23341.88,upi,success,,no_action,False,0.0
PAY007415,CUST00373,2026-05-19,11676.69,netbanking,success,,no_action,False,0.0
PAY007416,CUST00558,2026-04-29,2861.47,card,failed,authentication_failed,payment_link,True,2861.47
PAY007417,CUST00320,2026-05-31,3695.99,card,success,,no_action,False,0.0
PAY007418,CUST00278,2026-06-27,10191.03,upi,success,,no_action,False,0.0
PAY007419,CUST00528,2026-07-06,931.49,netbanking,success,,no_action,False,0.0
PAY007420,CUST00128,2026-08-01,21293.66,wallet,success,,no_action,False,0.0
PAY007421,CUST00201,2026-07-29,5608.03,upi,success,,no_action,False,0.0
PAY007422,CUST00425,2026-04-02,19391.11,wallet,success,,no_action,False,0.0
PAY007423,CUST00246,2026-03-19,7397.52,wallet,success,,no_action,False,0.0
PAY007424,CUST00826,2026-04-19,13438.55,netbanking,success,,no_action,False,0.0
PAY007425,CUST00628,2026-07-19,14223.98,netbanking,failed,timeout,retry,False,0.0
PAY007426,CUST00841,2026-03-02,14214.25,upi,failed,card_declined,reminder,False,0.0
PAY007427,CUST00091,2026-08-18,613.32,wallet,success,,no_action,False,0.0
PAY007428,CUST00997,2026-05-29,863.05,upi,success,,no_action,False,0.0
PAY007429,CUST00889,2026-07-22,12716.23,wallet,success,,no_action,False,0.0
PAY007430,CUST00294,2026-05-30,12454.0,netbanking,success,,no_action,False,0.0
PAY007431,CUST00683,2026-08-04,20619.83,netbanking,success,,no_action,False,0.0
PAY007432,CUST00075,2026-08-24,12545.62,card,failed,card_declined,payment_link,False,0.0
PAY007433,CUST00127,2026-06-14,21952.32,wallet,failed,authentication_failed,reminder,False,0.0
PAY007434,CUST00433,2026-08-10,7533.53,wallet,failed,expired_card,payment_link,False,0.0
PAY007435,CUST00650,2026-03-13,36648.38,card,success,,no_action,False,0.0
PAY007436,CUST00303,2026-07-06,4923.56,card,success,,no_action,False,0.0
PAY007437,CUST00257,2026-03-19,16102.0,upi,success,,no_action,False,0.0
PAY007438,CUST00658,2026-06-27,27482.35,wallet,success,,no_action,False,0.0
PAY007439,CUST00805,2026-05-09,5794.72,upi,success,,no_action,False,0.0
PAY007440,CUST00146,2026-07-27,16629.01,upi,success,,no_action,False,0.0
PAY007441,CUST00232,2026-07-02,23144.23,netbanking,success,,no_action,False,0.0
PAY007442,CUST00489,2026-05-29,8591.13,wallet,failed,network_error,reminder,True,8591.13
PAY007443,CUST00457,2026-07-09,11188.49,card,success,,no_action,False,0.0
PAY007444,CUST00539,2026-03-23,20701.05,netbanking,success,,no_action,False,0.0
PAY007445,CUST00959,2026-04-15,9851.15,wallet,failed,card_declined,payment_link,False,0.0
PAY007446,CUST00544,2026-06-07,4712.18,upi,success,,no_action,False,0.0
PAY007447,CUST00729,2026-03-02,14121.47,netbanking,success,,no_action,False,0.0
PAY007448,CUST00777,2026-08-21,12410.44,netbanking,success,,no_action,False,0.0
PAY007449,CUST00641,2026-07-04,3939.21,upi,success,,no_action,False,0.0
PAY007450,CUST00811,2026-06-27,200.0,netbanking,success,,no_action,False,0.0
PAY007451,CUST00058,2026-04-12,5581.47,upi,success,,no_action,False,0.0
PAY007452,CUST00539,2026-08-10,16331.95,netbanking,success,,no_action,False,0.0
PAY007453,CUST00655,2026-03-18,33415.6,netbanking,success,,no_action,False,0.0
PAY007454,CUST00873,2026-08-25,3318.4,wallet,success,,no_action,False,0.0
PAY007455,CUST00661,2026-06-19,3143.0,wallet,success,,no_action,False,0.0
PAY007456,CUST00661,2026-03-15,11767.92,wallet,success,,no_action,False,0.0
PAY007457,CUST00533,2026-06-12,19116.59,wallet,success,,no_action,False,0.0
PAY007458,CUST00765,2026-05-11,31126.55,card,failed,authentication_failed,payment_link,True,31126.55
PAY007459,CUST00799,2026-07-19,9404.57,upi,failed,insufficient_funds,payment_link,True,9404.57
PAY007460,CUST00344,2026-08-06,698.35,wallet,success,,no_action,False,0.0
PAY007461,CUST00341,2026-07-02,18904.25,netbanking,success,,no_action,False,0.0
PAY007462,CUST00500,2026-08-17,386.71,wallet,success,,no_action,False,0.0
PAY007463,CUST00202,2026-07-20,1940.2,wallet,failed,expired_card,reminder,True,1940.2
PAY007464,CUST00967,2026-06-28,22155.2,wallet,failed,authentication_failed,payment_link,True,22155.2
PAY007465,CUST00568,2026-07-16,1984.05,upi,success,,no_action,False,0.0
PAY007466,CUST00736,2026-03-05,17173.28,card,success,,no_action,False,0.0
PAY007467,CUST00100,2026-07-28,14058.95,wallet,success,,no_action,False,0.0
PAY007468,CUST00060,2026-03-19,11943.94,wallet,success,,no_action,False,0.0
PAY007469,CUST00330,2026-07-25,1694.57,card,success,,no_action,False,0.0
PAY007470,CUST00786,2026-06-07,11299.96,card,success,,no_action,False,0.0
PAY007471,CUST00456,2026-02-28,684.44,card,success,,no_action,False,0.0
PAY007472,CUST00002,2026-05-27,25346.18,netbanking,success,,no_action,False,0.0
PAY007473,CUST00528,2026-04-11,1353.85,netbanking,success,,no_action,False,0.0
PAY007474,CUST00496,2026-06-06,964.83,netbanking,failed,timeout,retry,True,964.83
PAY007475,CUST00434,2026-05-25,6455.73,netbanking,failed,card_declined,payment_link,False,0.0
PAY007476,CUST00118,2026-06-24,9446.11,wallet,success,,no_action,False,0.0
PAY007477,CUST00160,2026-04-27,1981.02,upi,failed,expired_card,payment_link,True,1981.02
PAY007478,CUST00336,2026-06-20,1798.86,upi,failed,network_error,reminder,True,1798.86
PAY007479,CUST00697,2026-05-22,1535.02,netbanking,failed,card_declined,payment_link,True,1535.02
PAY007480,CUST00545,2026-04-19,3382.59,wallet,success,,no_action,False,0.0
PAY007481,CUST00682,2026-05-02,4477.48,wallet,success,,no_action,False,0.0
PAY007482,CUST00002,2026-08-20,22787.52,wallet,failed,insufficient_funds,payment_link,False,0.0
PAY007483,CUST00643,2026-08-14,23431.04,wallet,success,,no_action,False,0.0
PAY007484,CUST00591,2026-05-04,14845.73,card,success,,no_action,False,0.0
PAY007485,CUST00404,2026-07-03,1989.59,wallet,success,,no_action,False,0.0
PAY007486,CUST00853,2026-03-21,9332.63,netbanking,success,,no_action,False,0.0
PAY007487,CUST00471,2026-05-31,21752.57,netbanking,success,,no_action,False,0.0
PAY007488,CUST00400,2026-04-29,21403.35,wallet,success,,no_action,False,0.0
PAY007489,CUST00802,2026-04-17,848.26,upi,success,,no_action,False,0.0
PAY007490,CUST00397,2026-05-29,17096.62,netbanking,success,,no_action,False,0.0
PAY007491,CUST00334,2026-05-18,5650.51,wallet,success,,no_action,False,0.0
PAY007492,CUST00747,2026-07-19,15197.56,card,success,,no_action,False,0.0
PAY007493,CUST00778,2026-08-21,881.03,wallet,success,,no_action,False,0.0
PAY007494,CUST00230,2026-06-04,853.68,netbanking,success,,no_action,False,0.0
PAY007495,CUST00275,2026-06-02,19395.53,card,success,,no_action,False,0.0
PAY007496,CUST00091,2026-08-08,1939.52,netbanking,success,,no_action,False,0.0
PAY007497,CUST00808,2026-07-22,5038.69,upi,success,,no_action,False,0.0
PAY007498,CUST00405,2026-08-23,908.07,upi,failed,network_error,retry,True,908.07
PAY007499,CUST00306,2026-03-14,8235.1,card,success,,no_action,False,0.0
PAY007500,CUST00645,2026-06-08,22090.57,netbanking,success,,no_action,False,0.0
PAY007501,CUST00223,2026-04-04,12120.47,wallet,success,,no_action,False,0.0
PAY007502,CUST00729,2026-03-17,13705.95,card,failed,insufficient_funds,reminder,True,13705.95
PAY007503,CUST00399,2026-03-12,15246.35,wallet,failed,timeout,reminder,False,0.0
PAY007504,CUST00893,2026-04-19,2761.04,netbanking,failed,authentication_failed,payment_link,True,2761.04
PAY007505,CUST00759,2026-08-06,6780.36,upi,failed,timeout,retry,True,6780.36
PAY007506,CUST00687,2026-05-30,7154.32,upi,success,,no_action,False,0.0
PAY007507,CUST00954,2026-07-15,16896.27,upi,failed,authentication_failed,payment_link,True,16896.27
PAY007508,CUST00402,2026-08-23,22945.82,wallet,success,,no_action,False,0.0
PAY007509,CUST00063,2026-04-13,8918.9,card,success,,no_action,False,0.0
PAY007510,CUST00711,2026-07-29,18590.68,wallet,success,,no_action,False,0.0
PAY007511,CUST00953,2026-08-13,18878.64,upi,failed,network_error,reminder,True,18878.64
PAY007512,CUST00131,2026-08-23,12755.43,upi,success,,no_action,False,0.0
PAY007513,CUST00846,2026-04-16,37043.88,wallet,success,,no_action,False,0.0
PAY007514,CUST00483,2026-04-07,46243.28,netbanking,success,,no_action,False,0.0
PAY007515,CUST00066,2026-07-03,17517.41,netbanking,success,,no_action,False,0.0
PAY007516,CUST00494,2026-07-31,2944.89,card,success,,no_action,False,0.0
PAY007517,CUST00070,2026-07-27,7022.37,netbanking,success,,no_action,False,0.0
PAY007518,CUST00362,2026-06-27,17080.31,wallet,success,,no_action,False,0.0
PAY007519,CUST00447,2026-04-07,6385.47,netbanking,success,,no_action,False,0.0
PAY007520,CUST00159,2026-05-29,4579.04,upi,success,,no_action,False,0.0
PAY007521,CUST00905,2026-06-17,5830.33,wallet,success,,no_action,False,0.0
PAY007522,CUST00200,2026-04-05,1184.37,card,success,,no_action,False,0.0
PAY007523,CUST00787,2026-04-24,4648.49,upi,success,,no_action,False,0.0
PAY007524,CUST00817,2026-04-03,1954.06,upi,success,,no_action,False,0.0
PAY007525,CUST00557,2026-04-16,9620.92,wallet,success,,no_action,False,0.0
PAY007526,CUST00360,2026-04-07,10863.93,wallet,success,,no_action,False,0.0
PAY007527,CUST00421,2026-05-07,5397.46,wallet,success,,no_action,False,0.0
PAY007528,CUST00693,2026-06-22,10131.81,netbanking,success,,no_action,False,0.0
PAY007529,CUST00701,2026-05-27,22701.8,card,failed,insufficient_funds,payment_link,False,0.0
PAY007530,CUST00744,2026-03-10,16127.59,card,success,,no_action,False,0.0
PAY007531,CUST00958,2026-08-18,12458.2,netbanking,failed,expired_card,reminder,False,0.0
PAY007532,CUST00347,2026-05-18,19331.66,card,success,,no_action,False,0.0
PAY007533,CUST00543,2026-07-01,7552.88,wallet,success,,no_action,False,0.0
PAY007534,CUST00824,2026-06-17,5228.85,netbanking,success,,no_action,False,0.0
PAY007535,CUST00082,2026-06-04,16879.96,wallet,success,,no_action,False,0.0
PAY007536,CUST00805,2026-05-21,5801.34,netbanking,success,,no_action,False,0.0
PAY007537,CUST00249,2026-07-22,21223.81,wallet,success,,no_action,False,0.0
PAY007538,CUST00419,2026-06-28,21187.11,upi,success,,no_action,False,0.0
PAY007539,CUST00592,2026-08-02,40706.8,wallet,failed,card_declined,payment_link,True,40706.8
PAY007540,CUST00948,2026-04-13,1436.27,card,success,,no_action,False,0.0
PAY007541,CUST00224,2026-05-17,11696.23,wallet,success,,no_action,False,0.0
PAY007542,CUST00052,2026-02-28,4512.25,netbanking,failed,insufficient_funds,reminder,True,4512.25
PAY007543,CUST00328,2026-06-12,12227.11,wallet,success,,no_action,False,0.0
PAY007544,CUST00028,2026-04-08,19566.63,wallet,failed,timeout,retry,True,19566.63
PAY007545,CUST00610,2026-06-10,7184.17,wallet,success,,no_action,False,0.0
PAY007546,CUST00387,2026-05-18,21791.11,card,success,,no_action,False,0.0
PAY007547,CUST00595,2026-06-30,3183.89,wallet,success,,no_action,False,0.0
PAY007548,CUST00738,2026-05-30,8735.36,upi,success,,no_action,False,0.0
PAY007549,CUST00210,2026-05-13,1643.11,netbanking,success,,no_action,False,0.0
PAY007550,CUST00519,2026-04-29,1093.83,netbanking,failed,expired_card,reminder,True,1093.83
PAY007551,CUST00116,2026-07-29,13776.0,netbanking,failed,expired_card,payment_link,False,0.0
PAY007552,CUST00956,2026-06-17,6099.06,wallet,success,,no_action,False,0.0
PAY007553,CUST00249,2026-06-28,20715.6,netbanking,success,,no_action,False,0.0
PAY007554,CUST00489,2026-06-18,7074.03,wallet,success,,no_action,False,0.0
PAY007555,CUST00656,2026-06-19,20626.6,netbanking,success,,no_action,False,0.0
PAY007556,CUST00379,2026-08-03,4740.6,wallet,failed,insufficient_funds,reminder,False,0.0
PAY007557,CUST00084,2026-07-02,41253.83,wallet,success,,no_action,False,0.0
PAY007558,CUST00607,2026-04-14,3343.66,upi,success,,no_action,False,0.0
PAY007559,CUST00834,2026-05-18,10440.39,card,failed,expired_card,reminder,True,10440.39
PAY007560,CUST00294,2026-06-18,10145.53,netbanking,success,,no_action,False,0.0
PAY007561,CUST00236,2026-07-21,13334.51,netbanking,success,,no_action,False,0.0
PAY007562,CUST00069,2026-04-14,10249.74,upi,success,,no_action,False,0.0
PAY007563,CUST00298,2026-04-01,12467.53,wallet,success,,no_action,False,0.0
PAY007564,CUST00193,2026-03-12,587.77,upi,success,,no_action,False,0.0
PAY007565,CUST00794,2026-04-16,9950.52,upi,success,,no_action,False,0.0
PAY007566,CUST00898,2026-06-26,23670.4,netbanking,success,,no_action,False,0.0
PAY007567,CUST00322,2026-04-07,12263.09,card,success,,no_action,False,0.0
PAY007568,CUST00516,2026-02-26,14253.23,upi,failed,insufficient_funds,payment_link,False,0.0
PAY007569,CUST00538,2026-07-05,4563.53,netbanking,success,,no_action,False,0.0
PAY007570,CUST00668,2026-06-27,21192.54,upi,success,,no_action,False,0.0
PAY007571,CUST00195,2026-06-26,8473.61,upi,success,,no_action,False,0.0
PAY007572,CUST00467,2026-07-07,12767.2,upi,success,,no_action,False,0.0
PAY007573,CUST00743,2026-07-21,13866.39,wallet,success,,no_action,False,0.0
PAY007574,CUST00512,2026-05-20,32158.7,wallet,success,,no_action,False,0.0
PAY007575,CUST00953,2026-05-11,15752.8,card,success,,no_action,False,0.0
PAY007576,CUST00285,2026-06-19,44467.93,netbanking,success,,no_action,False,0.0
PAY007577,CUST00722,2026-03-02,5778.87,card,success,,no_action,False,0.0
PAY007578,CUST00952,2026-04-13,3031.8,wallet,success,,no_action,False,0.0
PAY007579,CUST00707,2026-04-07,42415.7,upi,success,,no_action,False,0.0
PAY007580,CUST00354,2026-03-02,13666.66,netbanking,success,,no_action,False,0.0
PAY007581,CUST00341,2026-03-28,11835.13,netbanking,success,,no_action,False,0.0
PAY007582,CUST00070,2026-04-19,5818.46,wallet,success,,no_action,False,0.0
PAY007583,CUST00599,2026-08-08,10244.48,wallet,success,,no_action,False,0.0
PAY007584,CUST00324,2026-07-27,14665.04,card,success,,no_action,False,0.0
PAY007585,CUST00806,2026-02-27,7447.31,card,failed,timeout,retry,True,7447.31
PAY007586,CUST00507,2026-04-18,10073.64,netbanking,success,,no_action,False,0.0
PAY007587,CUST00708,2026-06-28,7258.53,upi,failed,expired_card,payment_link,False,0.0
PAY007588,CUST00146,2026-08-03,20084.89,wallet,success,,no_action,False,0.0
PAY007589,CUST00969,2026-04-15,7682.46,card,success,,no_action,False,0.0
PAY007590,CUST00873,2026-06-12,3587.39,card,success,,no_action,False,0.0
PAY007591,CUST00460,2026-07-16,36105.22,card,success,,no_action,False,0.0
PAY007592,CUST00249,2026-07-09,27016.18,wallet,failed,card_declined,payment_link,True,27016.18
PAY007593,CUST00960,2026-07-22,8975.6,upi,success,,no_action,False,0.0
PAY007594,CUST00175,2026-06-27,11092.15,netbanking,success,,no_action,False,0.0
PAY007595,CUST00106,2026-07-11,650.19,wallet,failed,authentication_failed,reminder,True,650.19
PAY007596,CUST00381,2026-07-19,7102.87,upi,success,,no_action,False,0.0
PAY007597,CUST00268,2026-07-08,10310.19,wallet,success,,no_action,False,0.0
PAY007598,CUST00952,2026-04-08,1704.69,card,success,,no_action,False,0.0
PAY007599,CUST00204,2026-06-08,7299.22,wallet,success,,no_action,False,0.0
PAY007600,CUST00487,2026-05-26,13458.11,wallet,success,,no_action,False,0.0
PAY007601,CUST00578,2026-02-26,3232.89,netbanking,success,,no_action,False,0.0
PAY007602,CUST00327,2026-08-13,23895.92,wallet,success,,no_action,False,0.0
PAY007603,CUST00134,2026-08-21,402.74,card,success,,no_action,False,0.0
PAY007604,CUST00845,2026-07-14,6079.26,card,success,,no_action,False,0.0
PAY007605,CUST00934,2026-05-24,3189.1,wallet,success,,no_action,False,0.0
PAY007606,CUST00497,2026-06-26,18777.31,netbanking,success,,no_action,False,0.0
PAY007607,CUST00645,2026-03-27,21818.43,upi,success,,no_action,False,0.0
PAY007608,CUST00017,2026-03-13,27552.15,netbanking,success,,no_action,False,0.0
PAY007609,CUST00809,2026-03-27,1394.16,netbanking,success,,no_action,False,0.0
PAY007610,CUST00416,2026-08-16,10507.32,wallet,success,,no_action,False,0.0
PAY007611,CUST00122,2026-08-07,12379.44,card,success,,no_action,False,0.0
PAY007612,CUST00376,2026-05-09,14448.34,wallet,failed,insufficient_funds,payment_link,True,14448.34
PAY007613,CUST00018,2026-03-08,12243.43,netbanking,success,,no_action,False,0.0
PAY007614,CUST00893,2026-05-14,1503.89,netbanking,success,,no_action,False,0.0
PAY007615,CUST00035,2026-06-28,13397.71,upi,success,,no_action,False,0.0
PAY007616,CUST00024,2026-03-07,6199.34,wallet,failed,authentication_failed,payment_link,False,0.0
PAY007617,CUST00950,2026-05-22,20352.83,netbanking,success,,no_action,False,0.0
PAY007618,CUST00448,2026-03-08,327.33,netbanking,failed,timeout,reminder,False,0.0
PAY007619,CUST00943,2026-04-22,710.26,wallet,success,,no_action,False,0.0
PAY007620,CUST00414,2026-04-09,753.12,netbanking,success,,no_action,False,0.0
PAY007621,CUST00312,2026-07-10,388.33,card,success,,no_action,False,0.0
PAY007622,CUST00748,2026-03-14,48968.01,upi,success,,no_action,False,0.0
PAY007623,CUST00802,2026-08-10,796.2,upi,success,,no_action,False,0.0
PAY007624,CUST00652,2026-04-30,11199.81,wallet,success,,no_action,False,0.0
PAY007625,CUST00688,2026-04-21,6844.4,card,success,,no_action,False,0.0
PAY007626,CUST00606,2026-07-16,13309.67,card,success,,no_action,False,0.0
PAY007627,CUST00889,2026-04-09,11753.11,wallet,success,,no_action,False,0.0
PAY007628,CUST00863,2026-02-28,3964.26,netbanking,success,,no_action,False,0.0
PAY007629,CUST00704,2026-07-24,18769.3,wallet,success,,no_action,False,0.0
PAY007630,CUST00515,2026-07-03,21953.52,wallet,success,,no_action,False,0.0
PAY007631,CUST00845,2026-07-19,8262.84,card,failed,network_error,retry,False,0.0
PAY007632,CUST00106,2026-07-15,686.6,upi,failed,card_declined,payment_link,False,0.0
PAY007633,CUST00302,2026-05-30,18029.97,upi,success,,no_action,False,0.0
PAY007634,CUST00056,2026-05-20,697.66,card,success,,no_action,False,0.0
PAY007635,CUST00268,2026-04-26,15041.19,upi,success,,no_action,False,0.0
PAY007636,CUST00115,2026-03-30,17953.9,upi,failed,card_declined,payment_link,True,17953.9
PAY007637,CUST00452,2026-04-08,8226.34,wallet,success,,no_action,False,0.0
PAY007638,CUST00806,2026-05-16,7565.77,netbanking,failed,timeout,retry,True,7565.77
PAY007639,CUST00501,2026-06-21,6711.84,card,failed,timeout,reminder,True,6711.84
PAY007640,CUST00123,2026-05-23,16611.06,wallet,failed,timeout,reminder,True,16611.06
PAY007641,CUST00793,2026-03-19,1666.22,card,failed,card_declined,payment_link,True,1666.22
PAY007642,CUST00272,2026-06-12,2403.37,netbanking,success,,no_action,False,0.0
PAY007643,CUST00341,2026-06-16,20639.28,card,success,,no_action,False,0.0
PAY007644,CUST00268,2026-08-07,12804.01,netbanking,failed,timeout,retry,True,12804.01
PAY007645,CUST00147,2026-05-31,12579.37,netbanking,success,,no_action,False,0.0
PAY007646,CUST00264,2026-07-22,14461.89,card,success,,no_action,False,0.0
PAY007647,CUST00818,2026-05-02,8371.8,wallet,success,,no_action,False,0.0
PAY007648,CUST00610,2026-04-15,3670.59,wallet,failed,card_declined,payment_link,True,3670.59
PAY007649,CUST00831,2026-05-20,11639.01,upi,success,,no_action,False,0.0
PAY007650,CUST00754,2026-04-11,6016.33,upi,success,,no_action,False,0.0
PAY007651,CUST00837,2026-08-18,14901.72,wallet,success,,no_action,False,0.0
PAY007652,CUST00124,2026-05-06,2375.93,netbanking,success,,no_action,False,0.0
PAY007653,CUST00004,2026-04-15,10327.4,card,success,,no_action,False,0.0
PAY007654,CUST00290,2026-05-24,12976.43,upi,success,,no_action,False,0.0
PAY007655,CUST00395,2026-03-20,5652.76,wallet,success,,no_action,False,0.0
PAY007656,CUST00213,2026-03-16,752.12,netbanking,failed,timeout,retry,True,752.12
PAY007657,CUST00863,2026-04-03,11399.4,netbanking,failed,timeout,retry,True,11399.4
PAY007658,CUST00888,2026-05-31,22491.95,wallet,success,,no_action,False,0.0
PAY007659,CUST00412,2026-05-07,30851.14,card,success,,no_action,False,0.0
PAY007660,CUST00663,2026-06-18,9852.77,upi,success,,no_action,False,0.0
PAY007661,CUST00161,2026-03-06,11895.12,upi,success,,no_action,False,0.0
PAY007662,CUST00709,2026-04-21,15799.03,upi,success,,no_action,False,0.0
PAY007663,CUST00501,2026-06-26,5861.61,upi,success,,no_action,False,0.0
PAY007664,CUST00163,2026-04-06,23229.0,wallet,success,,no_action,False,0.0
PAY007665,CUST00900,2026-06-17,19043.06,wallet,success,,no_action,False,0.0
PAY007666,CUST00904,2026-07-24,15546.87,netbanking,failed,authentication_failed,payment_link,True,15546.87
PAY007667,CUST00650,2026-06-23,44944.12,wallet,success,,no_action,False,0.0
PAY007668,CUST00771,2026-04-05,10596.25,netbanking,success,,no_action,False,0.0
PAY007669,CUST01000,2026-05-25,3963.49,upi,failed,card_declined,payment_link,True,3963.49
PAY007670,CUST00653,2026-06-09,6493.57,wallet,success,,no_action,False,0.0
PAY007671,CUST00419,2026-08-11,12118.3,card,failed,expired_card,reminder,True,12118.3
PAY007672,CUST00433,2026-03-06,10058.07,wallet,failed,card_declined,payment_link,False,0.0
PAY007673,CUST00196,2026-06-29,7045.31,upi,success,,no_action,False,0.0
PAY007674,CUST00461,2026-05-14,12732.28,card,success,,no_action,False,0.0
PAY007675,CUST00043,2026-03-24,15048.89,upi,success,,no_action,False,0.0
PAY007676,CUST00670,2026-08-15,14414.95,netbanking,success,,no_action,False,0.0
PAY007677,CUST00964,2026-06-09,12210.02,card,success,,no_action,False,0.0
PAY007678,CUST00287,2026-06-14,7004.17,card,success,,no_action,False,0.0
PAY007679,CUST00139,2026-08-22,4914.67,upi,success,,no_action,False,0.0
PAY007680,CUST00756,2026-05-07,6539.87,netbanking,failed,insufficient_funds,reminder,True,6539.87
PAY007681,CUST00794,2026-03-22,11705.92,wallet,success,,no_action,False,0.0
PAY007682,CUST00369,2026-03-20,675.34,wallet,success,,no_action,False,0.0
PAY007683,CUST00881,2026-06-15,5658.29,card,success,,no_action,False,0.0
PAY007684,CUST00013,2026-04-27,15971.72,wallet,success,,no_action,False,0.0
PAY007685,CUST00733,2026-04-03,15456.45,wallet,success,,no_action,False,0.0
PAY007686,CUST00421,2026-07-02,7481.95,upi,failed,expired_card,reminder,False,0.0
PAY007687,CUST00566,2026-07-16,3706.22,netbanking,success,,no_action,False,0.0
PAY007688,CUST00714,2026-03-23,12835.98,upi,failed,network_error,retry,False,0.0
PAY007689,CUST00966,2026-07-11,4388.72,card,failed,card_declined,payment_link,True,4388.72
PAY007690,CUST00297,2026-06-28,3174.26,card,success,,no_action,False,0.0
PAY007691,CUST00865,2026-08-02,1390.21,card,success,,no_action,False,0.0
PAY007692,CUST00906,2026-08-01,11796.92,card,success,,no_action,False,0.0
PAY007693,CUST00490,2026-06-13,24493.88,wallet,success,,no_action,False,0.0
PAY007694,CUST00956,2026-07-12,7705.71,netbanking,success,,no_action,False,0.0
PAY007695,CUST00220,2026-08-17,6255.38,wallet,success,,no_action,False,0.0
PAY007696,CUST00956,2026-03-08,9356.87,upi,success,,no_action,False,0.0
PAY007697,CUST00454,2026-08-20,24985.97,upi,success,,no_action,False,0.0
PAY007698,CUST00998,2026-05-08,13617.93,wallet,success,,no_action,False,0.0
PAY007699,CUST00773,2026-04-06,2442.55,card,success,,no_action,False,0.0
PAY007700,CUST00027,2026-08-15,6154.53,card,success,,no_action,False,0.0
PAY007701,CUST00401,2026-04-12,6126.44,wallet,success,,no_action,False,0.0
PAY007702,CUST00668,2026-07-07,30791.9,netbanking,success,,no_action,False,0.0
PAY007703,CUST00846,2026-04-10,19230.42,upi,success,,no_action,False,0.0
PAY007704,CUST00473,2026-05-21,19275.3,upi,success,,no_action,False,0.0
PAY007705,CUST00962,2026-07-23,7381.37,upi,success,,no_action,False,0.0
PAY007706,CUST00465,2026-03-26,15044.28,upi,failed,expired_card,payment_link,True,15044.28
PAY007707,CUST00304,2026-05-12,5393.97,upi,success,,no_action,False,0.0
PAY007708,CUST00502,2026-08-09,9414.39,netbanking,success,,no_action,False,0.0
PAY007709,CUST00088,2026-05-05,7172.71,netbanking,success,,no_action,False,0.0
PAY007710,CUST00466,2026-08-06,27368.98,card,success,,no_action,False,0.0
PAY007711,CUST00852,2026-07-29,22560.43,netbanking,failed,card_declined,reminder,True,22560.43
PAY007712,CUST00856,2026-05-26,10780.19,upi,success,,no_action,False,0.0
PAY007713,CUST00369,2026-05-23,1547.71,card,success,,no_action,False,0.0
PAY007714,CUST00558,2026-05-29,3541.31,upi,success,,no_action,False,0.0
PAY007715,CUST00040,2026-04-15,7724.47,wallet,failed,authentication_failed,payment_link,False,0.0
PAY007716,CUST00119,2026-03-22,326.88,wallet,success,,no_action,False,0.0
PAY007717,CUST00646,2026-05-09,803.62,netbanking,failed,timeout,payment_link,True,803.62
PAY007718,CUST00198,2026-06-01,457.75,upi,success,,no_action,False,0.0
PAY007719,CUST00690,2026-03-19,13481.2,card,success,,no_action,False,0.0
PAY007720,CUST00320,2026-08-03,3562.14,wallet,success,,no_action,False,0.0
PAY007721,CUST00694,2026-02-27,25121.0,upi,success,,no_action,False,0.0
PAY007722,CUST00870,2026-04-11,12914.4,wallet,success,,no_action,False,0.0
PAY007723,CUST00829,2026-06-05,3555.44,upi,success,,no_action,False,0.0
PAY007724,CUST00762,2026-06-04,13014.14,netbanking,success,,no_action,False,0.0
PAY007725,CUST00409,2026-05-11,6234.14,card,success,,no_action,False,0.0
PAY007726,CUST00054,2026-02-27,3068.89,upi,success,,no_action,False,0.0
PAY007727,CUST00066,2026-07-25,9551.14,card,success,,no_action,False,0.0
PAY007728,CUST00303,2026-05-01,4971.27,netbanking,success,,no_action,False,0.0
PAY007729,CUST00048,2026-03-16,14832.63,netbanking,success,,no_action,False,0.0
PAY007730,CUST00613,2026-05-22,2076.93,card,success,,no_action,False,0.0
PAY007731,CUST00423,2026-04-07,28061.43,upi,success,,no_action,False,0.0
PAY007732,CUST00822,2026-03-20,1285.67,wallet,failed,expired_card,payment_link,False,0.0
PAY007733,CUST00484,2026-04-28,13156.47,upi,success,,no_action,False,0.0
PAY007734,CUST00668,2026-04-14,17406.91,card,success,,no_action,False,0.0
PAY007735,CUST00826,2026-03-23,16170.84,wallet,success,,no_action,False,0.0
PAY007736,CUST00056,2026-06-14,533.73,wallet,success,,no_action,False,0.0
PAY007737,CUST00023,2026-06-20,4321.03,upi,success,,no_action,False,0.0
PAY007738,CUST00451,2026-08-15,5783.01,wallet,success,,no_action,False,0.0
PAY007739,CUST00309,2026-04-16,8823.9,card,success,,no_action,False,0.0
PAY007740,CUST00155,2026-08-19,14971.27,upi,success,,no_action,False,0.0
PAY007741,CUST00640,2026-08-18,20847.94,wallet,success,,no_action,False,0.0
PAY007742,CUST00787,2026-03-29,2770.12,netbanking,success,,no_action,False,0.0
PAY007743,CUST00324,2026-07-17,4991.24,card,success,,no_action,False,0.0
PAY007744,CUST00883,2026-03-25,19126.7,upi,success,,no_action,False,0.0
PAY007745,CUST00325,2026-05-04,11123.27,card,success,,no_action,False,0.0
PAY007746,CUST00119,2026-07-04,229.02,upi,success,,no_action,False,0.0
PAY007747,CUST00320,2026-03-17,5094.45,wallet,success,,no_action,False,0.0
PAY007748,CUST00938,2026-06-26,18430.32,upi,success,,no_action,False,0.0
PAY007749,CUST00918,2026-02-26,17692.76,card,success,,no_action,False,0.0
PAY007750,CUST00699,2026-05-19,7262.17,wallet,success,,no_action,False,0.0
PAY007751,CUST00318,2026-06-27,16141.65,card,success,,no_action,False,0.0
PAY007752,CUST00759,2026-02-27,7839.27,card,success,,no_action,False,0.0
PAY007753,CUST00915,2026-06-09,19637.01,card,success,,no_action,False,0.0
PAY007754,CUST00905,2026-06-05,7655.96,card,success,,no_action,False,0.0
PAY007755,CUST00107,2026-03-30,30545.77,card,success,,no_action,False,0.0
PAY007756,CUST00463,2026-03-21,18321.08,upi,success,,no_action,False,0.0
PAY007757,CUST00681,2026-03-05,22553.84,card,success,,no_action,False,0.0
PAY007758,CUST00961,2026-05-28,17631.46,upi,failed,network_error,retry,True,17631.46
PAY007759,CUST00978,2026-03-14,22659.77,card,success,,no_action,False,0.0
PAY007760,CUST00682,2026-03-31,3018.78,netbanking,success,,no_action,False,0.0
PAY007761,CUST00800,2026-04-05,17624.46,wallet,success,,no_action,False,0.0
PAY007762,CUST00873,2026-06-13,2867.59,netbanking,success,,no_action,False,0.0
PAY007763,CUST00891,2026-08-14,5863.6,upi,success,,no_action,False,0.0
PAY007764,CUST00725,2026-06-27,30003.32,card,failed,expired_card,reminder,False,0.0
PAY007765,CUST00325,2026-07-11,13662.5,wallet,success,,no_action,False,0.0
PAY007766,CUST00150,2026-03-13,13330.45,upi,success,,no_action,False,0.0
PAY007767,CUST00660,2026-03-16,2020.22,netbanking,success,,no_action,False,0.0
PAY007768,CUST00816,2026-07-06,3163.81,card,success,,no_action,False,0.0
PAY007769,CUST00268,2026-08-24,10084.47,netbanking,success,,no_action,False,0.0
PAY007770,CUST00347,2026-08-21,23046.04,upi,success,,no_action,False,0.0
PAY007771,CUST00433,2026-05-02,8852.1,wallet,success,,no_action,False,0.0
PAY007772,CUST00333,2026-04-26,927.57,upi,success,,no_action,False,0.0
PAY007773,CUST00101,2026-05-17,32182.62,netbanking,success,,no_action,False,0.0
PAY007774,CUST00010,2026-05-19,9649.18,wallet,success,,no_action,False,0.0
PAY007775,CUST00662,2026-08-12,1970.02,upi,success,,no_action,False,0.0
PAY007776,CUST00107,2026-05-11,23152.33,upi,success,,no_action,False,0.0
PAY007777,CUST00657,2026-08-20,10867.82,upi,success,,no_action,False,0.0
PAY007778,CUST00013,2026-08-20,14277.88,wallet,success,,no_action,False,0.0
PAY007779,CUST00047,2026-06-02,1273.25,netbanking,success,,no_action,False,0.0
PAY007780,CUST00055,2026-07-10,2086.69,card,success,,no_action,False,0.0
PAY007781,CUST00233,2026-05-08,18626.34,netbanking,success,,no_action,False,0.0
PAY007782,CUST00655,2026-07-03,18491.52,netbanking,success,,no_action,False,0.0
PAY007783,CUST00247,2026-06-26,11420.87,netbanking,failed,timeout,reminder,False,0.0
PAY007784,CUST00255,2026-08-15,12691.07,wallet,failed,network_error,payment_link,True,12691.07
PAY007785,CUST00437,2026-08-24,11012.7,netbanking,failed,insufficient_funds,payment_link,False,0.0
PAY007786,CUST00496,2026-02-27,2314.2,netbanking,success,,no_action,False,0.0
PAY007787,CUST00815,2026-08-04,9050.03,card,failed,insufficient_funds,payment_link,False,0.0
PAY007788,CUST00408,2026-03-02,18668.78,wallet,success,,no_action,False,0.0
PAY007789,CUST00756,2026-08-13,6504.33,card,success,,no_action,False,0.0
PAY007790,CUST00961,2026-05-26,17313.34,netbanking,success,,no_action,False,0.0
PAY007791,CUST00495,2026-06-20,3033.4,card,success,,no_action,False,0.0
PAY007792,CUST00748,2026-07-05,33904.15,upi,success,,no_action,False,0.0
PAY007793,CUST00051,2026-06-15,254.43,upi,success,,no_action,False,0.0
PAY007794,CUST00963,2026-05-25,11461.26,card,success,,no_action,False,0.0
PAY007795,CUST00883,2026-06-30,20122.41,wallet,success,,no_action,False,0.0
PAY007796,CUST00526,2026-07-12,27505.79,card,success,,no_action,False,0.0
PAY007797,CUST00754,2026-03-29,6324.71,upi,success,,no_action,False,0.0
PAY007798,CUST00154,2026-07-25,8381.92,card,success,,no_action,False,0.0
PAY007799,CUST00341,2026-04-08,8749.87,upi,success,,no_action,False,0.0
PAY007800,CUST00215,2026-06-30,12490.11,upi,failed,card_declined,payment_link,True,12490.11
PAY007801,CUST00511,2026-05-25,16258.15,upi,success,,no_action,False,0.0
PAY007802,CUST00966,2026-04-11,4236.87,wallet,success,,no_action,False,0.0
PAY007803,CUST00706,2026-05-08,11920.14,netbanking,success,,no_action,False,0.0
PAY007804,CUST00811,2026-07-02,373.13,upi,success,,no_action,False,0.0
PAY007805,CUST00194,2026-07-01,24509.66,wallet,success,,no_action,False,0.0
PAY007806,CUST00884,2026-03-23,5761.12,netbanking,success,,no_action,False,0.0
PAY007807,CUST00693,2026-07-28,14524.97,card,failed,card_declined,payment_link,True,14524.97
PAY007808,CUST00245,2026-05-31,14104.29,wallet,success,,no_action,False,0.0
PAY007809,CUST00666,2026-03-10,8068.65,netbanking,success,,no_action,False,0.0
PAY007810,CUST00881,2026-05-21,7104.25,netbanking,failed,card_declined,reminder,True,7104.25
PAY007811,CUST00232,2026-08-21,33886.53,card,failed,authentication_failed,reminder,True,33886.53
PAY007812,CUST00869,2026-08-25,17722.84,wallet,success,,no_action,False,0.0
PAY007813,CUST00622,2026-06-23,7436.72,upi,success,,no_action,False,0.0
PAY007814,CUST00600,2026-04-23,7185.08,netbanking,success,,no_action,False,0.0
PAY007815,CUST00534,2026-04-05,2423.21,card,success,,no_action,False,0.0
PAY007816,CUST00088,2026-03-24,8524.31,upi,success,,no_action,False,0.0
PAY007817,CUST00676,2026-03-05,7340.2,upi,success,,no_action,False,0.0
PAY007818,CUST00487,2026-08-18,13284.03,netbanking,success,,no_action,False,0.0
PAY007819,CUST00046,2026-03-24,5771.74,netbanking,failed,expired_card,payment_link,False,0.0
PAY007820,CUST00175,2026-03-30,10874.61,upi,success,,no_action,False,0.0
PAY007821,CUST00186,2026-04-30,762.6,card,success,,no_action,False,0.0
PAY007822,CUST00537,2026-07-23,5096.39,netbanking,failed,network_error,retry,True,5096.39
PAY007823,CUST00312,2026-03-01,684.19,card,success,,no_action,False,0.0
PAY007824,CUST00540,2026-06-18,1911.56,netbanking,success,,no_action,False,0.0
PAY007825,CUST00982,2026-03-26,7416.13,upi,success,,no_action,False,0.0
PAY007826,CUST00435,2026-08-11,9971.05,upi,success,,no_action,False,0.0
PAY007827,CUST00056,2026-06-01,352.48,upi,success,,no_action,False,0.0
PAY007828,CUST00110,2026-06-20,6270.92,upi,success,,no_action,False,0.0
PAY007829,CUST00863,2026-04-17,6422.15,upi,success,,no_action,False,0.0
PAY007830,CUST00455,2026-04-26,1379.34,netbanking,failed,network_error,reminder,False,0.0
PAY007831,CUST00557,2026-08-16,9470.25,upi,success,,no_action,False,0.0
PAY007832,CUST00257,2026-05-15,18394.68,netbanking,success,,no_action,False,0.0
PAY007833,CUST00863,2026-03-01,6723.24,wallet,success,,no_action,False,0.0
PAY007834,CUST00016,2026-07-05,22289.84,netbanking,failed,expired_card,payment_link,True,22289.84
PAY007835,CUST00532,2026-03-23,5872.0,netbanking,success,,no_action,False,0.0
PAY007836,CUST00684,2026-03-05,19625.63,card,success,,no_action,False,0.0
PAY007837,CUST00684,2026-05-19,14362.47,upi,success,,no_action,False,0.0
PAY007838,CUST00060,2026-07-12,13497.86,upi,success,,no_action,False,0.0
PAY007839,CUST00288,2026-05-27,14050.72,upi,failed,authentication_failed,reminder,True,14050.72
PAY007840,CUST00225,2026-06-01,2831.07,wallet,success,,no_action,False,0.0
PAY007841,CUST00437,2026-03-06,15427.31,upi,success,,no_action,False,0.0
PAY007842,CUST00457,2026-06-12,10047.66,card,success,,no_action,False,0.0
PAY007843,CUST00698,2026-04-26,733.95,wallet,success,,no_action,False,0.0
PAY007844,CUST00093,2026-03-15,1892.39,card,success,,no_action,False,0.0
PAY007845,CUST00736,2026-04-23,16978.51,card,failed,authentication_failed,payment_link,True,16978.51
PAY007846,CUST00027,2026-03-27,6213.83,upi,success,,no_action,False,0.0
PAY007847,CUST00862,2026-08-04,4515.43,upi,success,,no_action,False,0.0
PAY007848,CUST00080,2026-04-22,33015.19,wallet,success,,no_action,False,0.0
PAY007849,CUST00498,2026-07-13,9922.75,card,success,,no_action,False,0.0
PAY007850,CUST00595,2026-05-31,2048.49,upi,failed,insufficient_funds,reminder,True,2048.49
PAY007851,CUST00530,2026-05-06,8461.68,card,success,,no_action,False,0.0
PAY007852,CUST00460,2026-06-16,38638.58,netbanking,success,,no_action,False,0.0
PAY007853,CUST00573,2026-05-19,19397.59,upi,success,,no_action,False,0.0
PAY007854,CUST00063,2026-07-31,13408.21,wallet,failed,card_declined,escalate,False,0.0
PAY007855,CUST00025,2026-06-18,4009.62,wallet,success,,no_action,False,0.0
PAY007856,CUST00640,2026-06-21,22469.58,card,success,,no_action,False,0.0
PAY007857,CUST00163,2026-08-14,33594.31,card,failed,network_error,payment_link,True,33594.31
PAY007858,CUST00993,2026-08-24,3137.25,card,failed,expired_card,payment_link,False,0.0
PAY007859,CUST00329,2026-06-12,9296.31,card,success,,no_action,False,0.0
PAY007860,CUST00553,2026-06-17,1812.35,netbanking,success,,no_action,False,0.0
PAY007861,CUST00335,2026-04-14,24429.95,card,failed,network_error,retry,True,24429.95
PAY007862,CUST00035,2026-08-07,9944.83,netbanking,success,,no_action,False,0.0
PAY007863,CUST00371,2026-06-29,16999.85,netbanking,failed,timeout,retry,True,16999.85
PAY007864,CUST00817,2026-04-11,785.78,netbanking,success,,no_action,False,0.0
PAY007865,CUST00050,2026-07-29,22335.84,wallet,success,,no_action,False,0.0
PAY007866,CUST00754,2026-03-04,7618.82,upi,success,,no_action,False,0.0
PAY007867,CUST00074,2026-03-06,9209.16,card,success,,no_action,False,0.0
PAY007868,CUST00358,2026-06-28,30579.49,card,success,,no_action,False,0.0
PAY007869,CUST00020,2026-05-02,1957.71,netbanking,failed,expired_card,payment_link,True,1957.71
PAY007870,CUST00006,2026-05-12,8093.53,card,success,,no_action,False,0.0
PAY007871,CUST00039,2026-05-01,3925.18,netbanking,success,,no_action,False,0.0
PAY007872,CUST00639,2026-04-21,18792.05,wallet,success,,no_action,False,0.0
PAY007873,CUST00303,2026-05-29,4490.31,wallet,success,,no_action,False,0.0
PAY007874,CUST00417,2026-07-17,3301.62,card,success,,no_action,False,0.0
PAY007875,CUST00595,2026-05-17,1323.15,wallet,success,,no_action,False,0.0
PAY007876,CUST00455,2026-04-16,929.27,wallet,success,,no_action,False,0.0
PAY007877,CUST00544,2026-03-26,7319.82,netbanking,failed,insufficient_funds,payment_link,False,0.0
PAY007878,CUST00175,2026-06-04,9993.44,card,success,,no_action,False,0.0
PAY007879,CUST00362,2026-03-28,20967.95,card,success,,no_action,False,0.0
PAY007880,CUST00377,2026-05-15,897.44,netbanking,success,,no_action,False,0.0
PAY007881,CUST00247,2026-05-02,17191.85,wallet,failed,insufficient_funds,payment_link,False,0.0
PAY007882,CUST00073,2026-06-29,9087.01,wallet,success,,no_action,False,0.0
PAY007883,CUST00973,2026-08-21,2471.54,wallet,failed,insufficient_funds,reminder,True,2471.54
PAY007884,CUST00986,2026-03-29,10495.54,upi,failed,card_declined,payment_link,False,0.0
PAY007885,CUST00598,2026-06-02,17613.8,upi,success,,no_action,False,0.0
PAY007886,CUST00103,2026-05-11,28426.22,wallet,success,,no_action,False,0.0
PAY007887,CUST00285,2026-08-09,33321.09,netbanking,success,,no_action,False,0.0
PAY007888,CUST00518,2026-05-15,23281.36,upi,success,,no_action,False,0.0
PAY007889,CUST00087,2026-03-15,21712.8,upi,success,,no_action,False,0.0
PAY007890,CUST00888,2026-04-28,19034.82,card,success,,no_action,False,0.0
PAY007891,CUST00885,2026-04-07,9563.66,netbanking,failed,timeout,reminder,True,9563.66
PAY007892,CUST00800,2026-05-20,20067.51,wallet,success,,no_action,False,0.0
PAY007893,CUST00589,2026-03-03,5626.85,netbanking,failed,authentication_failed,payment_link,False,0.0
PAY007894,CUST00911,2026-05-16,1643.67,card,success,,no_action,False,0.0
PAY007895,CUST00394,2026-04-27,8753.35,netbanking,success,,no_action,False,0.0
PAY007896,CUST00904,2026-05-11,19437.08,upi,success,,no_action,False,0.0
PAY007897,CUST00574,2026-08-09,8584.08,wallet,success,,no_action,False,0.0
PAY007898,CUST00981,2026-08-08,530.24,wallet,failed,network_error,reminder,True,530.24
PAY007899,CUST00690,2026-06-21,20113.52,netbanking,failed,network_error,reminder,False,0.0
PAY007900,CUST00544,2026-05-07,4054.86,card,success,,no_action,False,0.0
PAY007901,CUST00878,2026-03-30,5935.69,card,failed,network_error,reminder,True,5935.69
PAY007902,CUST00868,2026-06-17,32132.59,wallet,success,,no_action,False,0.0
PAY007903,CUST00827,2026-08-22,9159.91,wallet,success,,no_action,False,0.0
PAY007904,CUST00626,2026-07-29,17567.32,card,success,,no_action,False,0.0
PAY007905,CUST00195,2026-07-23,29353.5,netbanking,success,,no_action,False,0.0
PAY007906,CUST00674,2026-06-17,8503.73,upi,success,,no_action,False,0.0
PAY007907,CUST00886,2026-05-27,6869.68,card,success,,no_action,False,0.0
PAY007908,CUST00431,2026-03-27,6432.02,wallet,success,,no_action,False,0.0
PAY007909,CUST00027,2026-07-27,3547.07,wallet,failed,card_declined,payment_link,False,0.0
PAY007910,CUST00668,2026-08-14,12521.43,wallet,success,,no_action,False,0.0
PAY007911,CUST00311,2026-05-27,45313.03,wallet,failed,insufficient_funds,payment_link,True,45313.03
PAY007912,CUST00825,2026-03-12,11999.85,wallet,failed,network_error,reminder,False,0.0
PAY007913,CUST00139,2026-05-09,20812.23,card,failed,expired_card,payment_link,True,20812.23
PAY007914,CUST00263,2026-08-03,17996.72,netbanking,success,,no_action,False,0.0
PAY007915,CUST00709,2026-03-31,11267.57,wallet,success,,no_action,False,0.0
PAY007916,CUST00380,2026-05-05,2825.07,wallet,failed,card_declined,payment_link,True,2825.07
PAY007917,CUST00957,2026-06-27,5387.35,netbanking,failed,timeout,reminder,True,5387.35
PAY007918,CUST00400,2026-05-23,11782.28,wallet,success,,no_action,False,0.0
PAY007919,CUST00707,2026-07-20,32740.38,netbanking,success,,no_action,False,0.0
PAY007920,CUST00921,2026-04-08,17669.36,netbanking,failed,insufficient_funds,payment_link,False,0.0
PAY007921,CUST00482,2026-07-22,25407.78,upi,success,,no_action,False,0.0
PAY007922,CUST00335,2026-07-18,17132.66,wallet,success,,no_action,False,0.0
PAY007923,CUST00596,2026-08-10,18425.17,upi,success,,no_action,False,0.0
PAY007924,CUST00437,2026-06-10,14680.19,wallet,success,,no_action,False,0.0
PAY007925,CUST00948,2026-06-17,1000.46,card,failed,card_declined,reminder,False,0.0
PAY007926,CUST00698,2026-04-11,812.8,netbanking,success,,no_action,False,0.0
PAY007927,CUST00657,2026-05-29,31182.26,netbanking,success,,no_action,False,0.0
PAY007928,CUST00048,2026-03-24,12259.05,card,failed,authentication_failed,payment_link,False,0.0
PAY007929,CUST00443,2026-05-02,18403.31,wallet,success,,no_action,False,0.0
PAY007930,CUST00143,2026-06-13,7299.9,netbanking,success,,no_action,False,0.0
PAY007931,CUST00295,2026-08-19,12946.45,card,success,,no_action,False,0.0
PAY007932,CUST00439,2026-08-20,24913.79,netbanking,success,,no_action,False,0.0
PAY007933,CUST00483,2026-03-23,34799.85,upi,success,,no_action,False,0.0
PAY007934,CUST00398,2026-08-01,10977.53,card,success,,no_action,False,0.0
PAY007935,CUST00488,2026-06-28,3666.06,upi,success,,no_action,False,0.0
PAY007936,CUST00686,2026-03-14,19458.42,card,success,,no_action,False,0.0
PAY007937,CUST00202,2026-04-20,4278.36,netbanking,failed,authentication_failed,reminder,True,4278.36
PAY007938,CUST00970,2026-04-12,4943.05,wallet,success,,no_action,False,0.0
PAY007939,CUST00852,2026-03-23,29168.25,upi,failed,expired_card,payment_link,False,0.0
PAY007940,CUST00566,2026-06-03,3965.03,card,success,,no_action,False,0.0
PAY007941,CUST00689,2026-08-22,16484.32,card,success,,no_action,False,0.0
PAY007942,CUST00179,2026-05-04,10159.24,netbanking,success,,no_action,False,0.0
PAY007943,CUST00041,2026-07-29,15262.99,upi,success,,no_action,False,0.0
PAY007944,CUST00928,2026-05-28,39378.92,card,success,,no_action,False,0.0
PAY007945,CUST00605,2026-04-15,477.28,upi,success,,no_action,False,0.0
PAY007946,CUST00847,2026-03-13,28194.91,upi,success,,no_action,False,0.0
PAY007947,CUST00377,2026-08-10,518.35,wallet,success,,no_action,False,0.0
PAY007948,CUST00594,2026-07-22,2511.22,netbanking,success,,no_action,False,0.0
PAY007949,CUST00971,2026-05-28,28466.52,upi,success,,no_action,False,0.0
PAY007950,CUST00902,2026-06-04,1986.67,netbanking,failed,authentication_failed,payment_link,True,1986.67
PAY007951,CUST00249,2026-08-06,12650.06,netbanking,success,,no_action,False,0.0
PAY007952,CUST00797,2026-04-29,19247.97,netbanking,success,,no_action,False,0.0
PAY007953,CUST00010,2026-04-01,13449.85,wallet,success,,no_action,False,0.0
PAY007954,CUST00701,2026-03-17,10648.25,card,failed,authentication_failed,reminder,True,10648.25
PAY007955,CUST00411,2026-04-07,16512.11,netbanking,success,,no_action,False,0.0
PAY007956,CUST00435,2026-08-12,11161.98,wallet,failed,card_declined,payment_link,True,11161.98
PAY007957,CUST00649,2026-04-03,9605.12,upi,success,,no_action,False,0.0
PAY007958,CUST00405,2026-06-30,1757.72,wallet,success,,no_action,False,0.0
PAY007959,CUST00604,2026-07-10,31559.31,netbanking,failed,insufficient_funds,payment_link,False,0.0
PAY007960,CUST00991,2026-07-05,2862.21,wallet,success,,no_action,False,0.0
PAY007961,CUST00500,2026-03-19,200.0,wallet,success,,no_action,False,0.0
PAY007962,CUST00054,2026-06-03,3831.99,netbanking,success,,no_action,False,0.0
PAY007963,CUST00722,2026-05-09,6728.03,wallet,failed,network_error,reminder,True,6728.03
PAY007964,CUST00103,2026-03-17,16390.21,netbanking,success,,no_action,False,0.0
PAY007965,CUST00682,2026-03-17,3064.79,netbanking,success,,no_action,False,0.0
PAY007966,CUST00722,2026-03-24,5008.02,card,success,,no_action,False,0.0
PAY007967,CUST00581,2026-08-21,30173.8,netbanking,success,,no_action,False,0.0
PAY007968,CUST00255,2026-04-13,10599.61,wallet,success,,no_action,False,0.0
PAY007969,CUST00433,2026-06-07,7631.56,card,success,,no_action,False,0.0
PAY007970,CUST00228,2026-03-18,17509.19,netbanking,success,,no_action,False,0.0
PAY007971,CUST00597,2026-05-19,15044.76,card,failed,insufficient_funds,payment_link,False,0.0
PAY007972,CUST00524,2026-06-19,15314.17,netbanking,success,,no_action,False,0.0
PAY007973,CUST00864,2026-08-22,24734.72,upi,success,,no_action,False,0.0
PAY007974,CUST00048,2026-07-21,25078.93,card,failed,timeout,payment_link,True,25078.93
PAY007975,CUST00196,2026-03-05,10154.73,netbanking,success,,no_action,False,0.0
PAY007976,CUST00822,2026-03-24,3626.13,wallet,failed,insufficient_funds,payment_link,True,3626.13
PAY007977,CUST00723,2026-04-21,42006.6,wallet,success,,no_action,False,0.0
PAY007978,CUST00242,2026-02-27,8138.53,wallet,failed,timeout,reminder,True,8138.53
PAY007979,CUST00101,2026-03-17,15048.74,upi,success,,no_action,False,0.0
PAY007980,CUST00847,2026-08-18,7323.06,upi,failed,card_declined,payment_link,False,0.0
PAY007981,CUST00918,2026-07-10,13794.37,wallet,success,,no_action,False,0.0
PAY007982,CUST00391,2026-08-22,23722.59,netbanking,success,,no_action,False,0.0
PAY007983,CUST00608,2026-05-06,4501.07,upi,failed,expired_card,payment_link,True,4501.07
PAY007984,CUST00256,2026-03-08,2703.48,netbanking,success,,no_action,False,0.0
PAY007985,CUST00855,2026-03-06,23842.12,card,failed,timeout,reminder,False,0.0
PAY007986,CUST00980,2026-03-19,8159.57,netbanking,success,,no_action,False,0.0
PAY007987,CUST00916,2026-07-22,24825.44,card,success,,no_action,False,0.0
PAY007988,CUST00967,2026-04-05,27110.98,netbanking,failed,timeout,payment_link,True,27110.98
PAY007989,CUST00494,2026-07-02,1186.54,netbanking,success,,no_action,False,0.0
PAY007990,CUST00497,2026-05-20,20115.1,wallet,success,,no_action,False,0.0
PAY007991,CUST00263,2026-05-18,31628.73,netbanking,success,,no_action,False,0.0
PAY007992,CUST00484,2026-05-06,8662.89,netbanking,success,,no_action,False,0.0
PAY007993,CUST00174,2026-06-05,18252.1,netbanking,success,,no_action,False,0.0
PAY007994,CUST00605,2026-03-26,1108.05,netbanking,failed,timeout,reminder,True,1108.05
PAY007995,CUST00800,2026-07-03,18259.83,netbanking,failed,timeout,reminder,True,18259.83
PAY007996,CUST00796,2026-03-27,9344.62,wallet,success,,no_action,False,0.0
PAY007997,CUST00308,2026-05-31,14215.39,card,success,,no_action,False,0.0
PAY007998,CUST00988,2026-05-21,11376.31,card,failed,authentication_failed,payment_link,True,11376.31
PAY007999,CUST00363,2026-07-16,3287.47,upi,success,,no_action,False,0.0
PAY008000,CUST00391,2026-05-04,12943.94,netbanking,success,,no_action,False,0.0
PAY008001,CUST00278,2026-05-08,17675.99,netbanking,success,,no_action,False,0.0
PAY008002,CUST00765,2026-05-03,27436.89,upi,success,,no_action,False,0.0
PAY008003,CUST00785,2026-03-13,8877.88,card,success,,no_action,False,0.0
PAY008004,CUST00717,2026-03-14,25169.43,netbanking,success,,no_action,False,0.0
PAY008005,CUST00337,2026-05-01,8285.2,wallet,failed,card_declined,payment_link,True,8285.2
PAY008006,CUST00899,2026-04-03,237.25,wallet,success,,no_action,False,0.0
PAY008007,CUST00261,2026-02-27,16622.01,card,success,,no_action,False,0.0
PAY008008,CUST00456,2026-03-18,681.92,wallet,success,,no_action,False,0.0
PAY008009,CUST00450,2026-07-23,10995.93,card,failed,card_declined,reminder,True,10995.93
PAY008010,CUST00484,2026-08-11,11205.09,upi,failed,card_declined,payment_link,False,0.0
PAY008011,CUST00806,2026-05-17,4485.42,card,success,,no_action,False,0.0
PAY008012,CUST00258,2026-03-05,22944.84,card,failed,insufficient_funds,payment_link,True,22944.84
PAY008013,CUST00816,2026-03-26,2332.34,wallet,success,,no_action,False,0.0
PAY008014,CUST00728,2026-06-20,11195.76,card,success,,no_action,False,0.0
PAY008015,CUST00935,2026-03-24,16389.6,netbanking,failed,expired_card,payment_link,True,16389.6
PAY008016,CUST00543,2026-06-16,7726.47,wallet,failed,network_error,reminder,False,0.0
PAY008017,CUST00439,2026-04-26,14059.52,upi,failed,card_declined,payment_link,True,14059.52
PAY008018,CUST00307,2026-02-28,10440.67,card,success,,no_action,False,0.0
PAY008019,CUST00974,2026-06-21,11308.39,card,success,,no_action,False,0.0
PAY008020,CUST00975,2026-08-04,1490.65,upi,success,,no_action,False,0.0
PAY008021,CUST00497,2026-03-11,12976.78,wallet,failed,expired_card,reminder,False,0.0
PAY008022,CUST00917,2026-03-09,13131.78,card,success,,no_action,False,0.0
PAY008023,CUST00354,2026-08-05,8103.48,netbanking,success,,no_action,False,0.0
PAY008024,CUST00900,2026-07-12,17539.58,wallet,success,,no_action,False,0.0
PAY008025,CUST00882,2026-06-09,5662.22,upi,success,,no_action,False,0.0
PAY008026,CUST00817,2026-04-22,1332.72,upi,success,,no_action,False,0.0
PAY008027,CUST00425,2026-07-01,16743.35,card,success,,no_action,False,0.0
PAY008028,CUST00844,2026-06-09,16324.38,card,success,,no_action,False,0.0
PAY008029,CUST00896,2026-06-23,10184.95,wallet,success,,no_action,False,0.0
PAY008030,CUST00064,2026-08-04,8594.31,upi,failed,expired_card,payment_link,False,0.0
PAY008031,CUST00109,2026-06-17,239.35,wallet,success,,no_action,False,0.0
PAY008032,CUST00723,2026-07-22,32329.45,wallet,success,,no_action,False,0.0
PAY008033,CUST00416,2026-04-16,14548.3,wallet,success,,no_action,False,0.0
PAY008034,CUST00396,2026-05-29,583.68,card,success,,no_action,False,0.0
PAY008035,CUST00250,2026-04-03,1942.85,wallet,success,,no_action,False,0.0
PAY008036,CUST00829,2026-04-12,3160.73,card,success,,no_action,False,0.0
PAY008037,CUST00335,2026-05-05,23346.69,card,success,,no_action,False,0.0
PAY008038,CUST00019,2026-06-24,14190.04,wallet,success,,no_action,False,0.0
PAY008039,CUST00840,2026-08-07,32666.57,wallet,failed,authentication_failed,reminder,False,0.0
PAY008040,CUST00911,2026-08-08,2210.05,netbanking,failed,insufficient_funds,reminder,False,0.0
PAY008041,CUST00005,2026-04-28,19136.35,netbanking,success,,no_action,False,0.0
PAY008042,CUST00873,2026-02-27,2993.29,upi,success,,no_action,False,0.0
PAY008043,CUST00284,2026-07-12,10092.01,netbanking,failed,timeout,reminder,True,10092.01
PAY008044,CUST00624,2026-08-19,16755.66,wallet,failed,network_error,reminder,True,16755.66
PAY008045,CUST00251,2026-06-25,8169.53,card,success,,no_action,False,0.0
PAY008046,CUST00905,2026-05-17,5641.72,card,success,,no_action,False,0.0
PAY008047,CUST00766,2026-03-30,11740.85,netbanking,success,,no_action,False,0.0
PAY008048,CUST00501,2026-06-22,6230.55,card,success,,no_action,False,0.0
PAY008049,CUST00436,2026-03-10,11454.43,upi,success,,no_action,False,0.0
PAY008050,CUST00329,2026-07-15,6432.13,card,failed,insufficient_funds,payment_link,False,0.0
PAY008051,CUST00950,2026-04-20,38019.33,netbanking,success,,no_action,False,0.0
PAY008052,CUST00925,2026-04-13,17723.56,card,success,,no_action,False,0.0
PAY008053,CUST00497,2026-02-26,14138.1,upi,success,,no_action,False,0.0
PAY008054,CUST00456,2026-04-24,783.34,upi,success,,no_action,False,0.0
PAY008055,CUST00189,2026-05-31,7707.51,netbanking,success,,no_action,False,0.0
PAY008056,CUST00920,2026-05-21,21628.56,card,success,,no_action,False,0.0
PAY008057,CUST00161,2026-06-27,13678.24,wallet,success,,no_action,False,0.0
PAY008058,CUST00689,2026-05-29,23075.74,netbanking,success,,no_action,False,0.0
PAY008059,CUST00126,2026-07-07,3753.37,card,failed,timeout,reminder,True,3753.37
PAY008060,CUST00026,2026-03-03,23306.53,netbanking,failed,expired_card,payment_link,True,23306.53
PAY008061,CUST00992,2026-03-08,1415.48,wallet,success,,no_action,False,0.0
PAY008062,CUST00282,2026-06-15,7098.31,netbanking,success,,no_action,False,0.0
PAY008063,CUST00595,2026-04-06,1314.34,upi,success,,no_action,False,0.0
PAY008064,CUST00485,2026-04-04,10600.67,wallet,success,,no_action,False,0.0
PAY008065,CUST00804,2026-07-06,23646.84,netbanking,success,,no_action,False,0.0
PAY008066,CUST00477,2026-04-05,3835.12,upi,success,,no_action,False,0.0
PAY008067,CUST00691,2026-03-11,1608.36,card,success,,no_action,False,0.0
PAY008068,CUST00376,2026-03-09,17786.64,wallet,success,,no_action,False,0.0
PAY008069,CUST00450,2026-04-19,14019.93,card,success,,no_action,False,0.0
PAY008070,CUST00625,2026-04-02,10362.71,netbanking,success,,no_action,False,0.0
PAY008071,CUST00661,2026-06-16,6969.75,card,success,,no_action,False,0.0
PAY008072,CUST00399,2026-06-15,28324.94,netbanking,failed,network_error,reminder,True,28324.94
PAY008073,CUST00359,2026-07-28,3795.49,netbanking,failed,expired_card,payment_link,False,0.0
PAY008074,CUST00999,2026-06-13,19230.8,netbanking,success,,no_action,False,0.0
PAY008075,CUST00566,2026-04-26,4162.15,netbanking,failed,expired_card,payment_link,True,4162.15
PAY008076,CUST00809,2026-08-03,3169.18,card,success,,no_action,False,0.0
PAY008077,CUST00564,2026-08-17,6712.69,upi,success,,no_action,False,0.0
PAY008078,CUST00778,2026-02-28,581.8,card,success,,no_action,False,0.0
PAY008079,CUST00288,2026-08-06,29420.45,upi,failed,timeout,reminder,True,29420.45
PAY008080,CUST00778,2026-07-21,1160.16,upi,success,,no_action,False,0.0
PAY008081,CUST00396,2026-08-13,1358.9,card,success,,no_action,False,0.0
PAY008082,CUST00158,2026-02-27,10917.35,wallet,success,,no_action,False,0.0
PAY008083,CUST00025,2026-06-25,5905.68,wallet,failed,network_error,retry,True,5905.68
PAY008084,CUST00042,2026-06-05,9546.03,wallet,success,,no_action,False,0.0
PAY008085,CUST00044,2026-07-31,13140.29,wallet,success,,no_action,False,0.0
PAY008086,CUST00429,2026-07-04,3156.57,wallet,success,,no_action,False,0.0
PAY008087,CUST00030,2026-03-12,712.33,wallet,success,,no_action,False,0.0
PAY008088,CUST00864,2026-03-09,37403.15,upi,success,,no_action,False,0.0
PAY008089,CUST00578,2026-07-03,3942.33,upi,success,,no_action,False,0.0
PAY008090,CUST00052,2026-07-10,4584.19,wallet,success,,no_action,False,0.0
PAY008091,CUST00710,2026-08-14,5923.82,card,success,,no_action,False,0.0
PAY008092,CUST00641,2026-08-20,4164.7,wallet,failed,network_error,payment_link,True,4164.7
PAY008093,CUST00179,2026-07-22,6319.03,wallet,success,,no_action,False,0.0
PAY008094,CUST00397,2026-06-08,16934.13,card,success,,no_action,False,0.0
PAY008095,CUST00875,2026-03-10,1120.8,card,failed,card_declined,payment_link,False,0.0
PAY008096,CUST00320,2026-07-15,1842.22,upi,success,,no_action,False,0.0
PAY008097,CUST00689,2026-03-17,20485.58,card,success,,no_action,False,0.0
PAY008098,CUST00694,2026-04-07,26740.55,wallet,success,,no_action,False,0.0
PAY008099,CUST00647,2026-03-29,19963.57,wallet,failed,network_error,retry,True,19963.57
PAY008100,CUST00043,2026-05-04,16767.23,card,success,,no_action,False,0.0
PAY008101,CUST00573,2026-07-11,18738.76,netbanking,failed,expired_card,reminder,True,18738.76
PAY008102,CUST00467,2026-07-12,6657.4,card,failed,expired_card,payment_link,False,0.0
PAY008103,CUST00253,2026-08-22,5564.0,netbanking,success,,no_action,False,0.0
PAY008104,CUST00469,2026-04-13,24028.1,upi,success,,no_action,False,0.0
PAY008105,CUST00103,2026-06-14,27838.81,card,success,,no_action,False,0.0
PAY008106,CUST00766,2026-05-18,20872.39,wallet,success,,no_action,False,0.0
PAY008107,CUST00945,2026-05-14,11797.24,wallet,success,,no_action,False,0.0
PAY008108,CUST00228,2026-07-18,7350.93,card,success,,no_action,False,0.0
PAY008109,CUST00009,2026-08-25,17895.09,upi,failed,timeout,reminder,False,0.0
PAY008110,CUST00945,2026-03-30,15258.0,upi,success,,no_action,False,0.0
PAY008111,CUST00429,2026-03-18,4331.6,wallet,success,,no_action,False,0.0
PAY008112,CUST00342,2026-08-07,1076.15,netbanking,success,,no_action,False,0.0
PAY008113,CUST00101,2026-05-09,23595.67,upi,success,,no_action,False,0.0
PAY008114,CUST00839,2026-08-16,17855.4,upi,failed,insufficient_funds,reminder,False,0.0
PAY008115,CUST00347,2026-05-07,18216.44,wallet,success,,no_action,False,0.0
PAY008116,CUST00989,2026-03-26,18653.25,netbanking,success,,no_action,False,0.0
PAY008117,CUST00509,2026-08-02,1046.89,upi,failed,insufficient_funds,payment_link,True,1046.89
PAY008118,CUST00490,2026-03-06,26722.51,wallet,success,,no_action,False,0.0
PAY008119,CUST00541,2026-06-08,621.74,wallet,success,,no_action,False,0.0
PAY008120,CUST00260,2026-05-12,18780.89,card,failed,expired_card,payment_link,True,18780.89
PAY008121,CUST00417,2026-05-18,5827.77,wallet,success,,no_action,False,0.0
PAY008122,CUST00863,2026-03-30,7738.62,wallet,success,,no_action,False,0.0
PAY008123,CUST00324,2026-05-22,21778.79,netbanking,success,,no_action,False,0.0
PAY008124,CUST00576,2026-04-11,13040.02,wallet,success,,no_action,False,0.0
PAY008125,CUST00625,2026-06-13,11051.98,wallet,success,,no_action,False,0.0
PAY008126,CUST00484,2026-08-15,16484.65,netbanking,success,,no_action,False,0.0
PAY008127,CUST00025,2026-07-08,9887.35,netbanking,success,,no_action,False,0.0
PAY008128,CUST00168,2026-04-26,21363.7,wallet,success,,no_action,False,0.0
PAY008129,CUST00571,2026-04-18,12765.52,upi,failed,authentication_failed,payment_link,True,12765.52
PAY008130,CUST00855,2026-05-28,30316.36,wallet,success,,no_action,False,0.0
PAY008131,CUST00663,2026-06-11,14790.93,wallet,success,,no_action,False,0.0
PAY008132,CUST00915,2026-06-08,9959.89,wallet,failed,insufficient_funds,payment_link,True,9959.89
PAY008133,CUST00382,2026-05-16,6607.34,card,success,,no_action,False,0.0
PAY008134,CUST00206,2026-03-18,11156.76,wallet,success,,no_action,False,0.0
PAY008135,CUST00723,2026-06-29,21891.62,upi,success,,no_action,False,0.0
PAY008136,CUST00238,2026-06-08,2238.37,netbanking,success,,no_action,False,0.0
PAY008137,CUST00033,2026-05-10,4715.01,wallet,success,,no_action,False,0.0
PAY008138,CUST00876,2026-03-07,17623.25,wallet,success,,no_action,False,0.0
PAY008139,CUST00600,2026-03-19,6263.52,card,success,,no_action,False,0.0
PAY008140,CUST00007,2026-08-15,13524.02,card,failed,network_error,payment_link,True,13524.02
PAY008141,CUST00608,2026-03-22,7017.76,netbanking,failed,card_declined,payment_link,True,7017.76
PAY008142,CUST00486,2026-07-01,27798.55,netbanking,failed,card_declined,payment_link,False,0.0
PAY008143,CUST00745,2026-05-17,858.91,upi,failed,insufficient_funds,reminder,False,0.0
PAY008144,CUST00186,2026-08-17,1106.16,upi,success,,no_action,False,0.0
PAY008145,CUST00564,2026-04-17,5091.37,wallet,success,,no_action,False,0.0
PAY008146,CUST00058,2026-04-17,3143.09,wallet,success,,no_action,False,0.0
PAY008147,CUST00162,2026-06-08,9657.64,netbanking,success,,no_action,False,0.0
PAY008148,CUST00584,2026-06-20,19606.21,card,success,,no_action,False,0.0
PAY008149,CUST00061,2026-03-14,571.39,wallet,success,,no_action,False,0.0
PAY008150,CUST00886,2026-05-01,8657.09,card,failed,insufficient_funds,payment_link,True,8657.09
PAY008151,CUST00001,2026-04-12,2601.37,card,success,,no_action,False,0.0
PAY008152,CUST00152,2026-07-23,2189.67,wallet,failed,expired_card,payment_link,True,2189.67
PAY008153,CUST00662,2026-06-16,1583.42,netbanking,success,,no_action,False,0.0
PAY008154,CUST00690,2026-05-18,26011.1,netbanking,success,,no_action,False,0.0
PAY008155,CUST00997,2026-05-04,970.73,wallet,success,,no_action,False,0.0
PAY008156,CUST00082,2026-06-01,29836.59,card,failed,insufficient_funds,payment_link,True,29836.59
PAY008157,CUST00718,2026-07-29,6523.78,wallet,success,,no_action,False,0.0
PAY008158,CUST00655,2026-04-14,16578.72,wallet,failed,authentication_failed,reminder,False,0.0
PAY008159,CUST00061,2026-07-11,799.25,netbanking,failed,card_declined,payment_link,False,0.0
PAY008160,CUST00756,2026-03-10,8245.16,upi,success,,no_action,False,0.0
PAY008161,CUST00826,2026-03-03,15138.62,netbanking,success,,no_action,False,0.0
PAY008162,CUST00933,2026-04-01,1620.07,upi,success,,no_action,False,0.0
PAY008163,CUST00618,2026-05-10,18180.8,netbanking,success,,no_action,False,0.0
PAY008164,CUST00233,2026-04-04,14601.63,upi,success,,no_action,False,0.0
PAY008165,CUST00608,2026-07-03,5584.55,wallet,success,,no_action,False,0.0
PAY008166,CUST00710,2026-03-11,3871.88,netbanking,success,,no_action,False,0.0
PAY008167,CUST00303,2026-08-07,7653.94,wallet,success,,no_action,False,0.0
PAY008168,CUST00652,2026-08-03,14035.63,wallet,success,,no_action,False,0.0
PAY008169,CUST00493,2026-05-12,19233.95,upi,success,,no_action,False,0.0
PAY008170,CUST00106,2026-08-05,990.87,card,success,,no_action,False,0.0
PAY008171,CUST00920,2026-07-22,24219.62,card,success,,no_action,False,0.0
PAY008172,CUST00453,2026-04-11,6001.67,netbanking,success,,no_action,False,0.0
PAY008173,CUST00629,2026-08-07,1021.19,upi,success,,no_action,False,0.0
PAY008174,CUST00266,2026-07-04,15925.18,upi,success,,no_action,False,0.0
PAY008175,CUST00130,2026-04-13,962.02,wallet,failed,insufficient_funds,payment_link,False,0.0
PAY008176,CUST00292,2026-08-09,5864.73,card,success,,no_action,False,0.0
PAY008177,CUST00373,2026-07-11,6452.6,card,success,,no_action,False,0.0
PAY008178,CUST00762,2026-08-18,14198.41,netbanking,success,,no_action,False,0.0
PAY008179,CUST00360,2026-04-24,17988.48,card,success,,no_action,False,0.0
PAY008180,CUST00294,2026-06-25,10578.61,upi,failed,expired_card,reminder,True,10578.61
PAY008181,CUST00709,2026-04-28,22572.67,wallet,failed,card_declined,reminder,True,22572.67
PAY008182,CUST00606,2026-06-21,20463.35,netbanking,failed,expired_card,payment_link,True,20463.35
PAY008183,CUST00553,2026-08-03,1724.45,netbanking,success,,no_action,False,0.0
PAY008184,CUST00022,2026-08-21,2635.01,wallet,success,,no_action,False,0.0
PAY008185,CUST00746,2026-03-23,13569.49,upi,success,,no_action,False,0.0
PAY008186,CUST00814,2026-05-15,4174.24,card,success,,no_action,False,0.0
PAY008187,CUST00653,2026-05-04,10533.63,card,success,,no_action,False,0.0
PAY008188,CUST00787,2026-06-24,5928.9,wallet,failed,authentication_failed,reminder,True,5928.9
PAY008189,CUST00651,2026-03-05,18378.64,card,success,,no_action,False,0.0
PAY008190,CUST00455,2026-08-08,1378.52,card,failed,timeout,reminder,False,0.0
PAY008191,CUST00412,2026-06-09,31030.12,upi,success,,no_action,False,0.0
PAY008192,CUST00184,2026-05-22,15388.95,netbanking,failed,card_declined,reminder,True,15388.95
PAY008193,CUST00464,2026-03-11,9493.18,wallet,success,,no_action,False,0.0
PAY008194,CUST00262,2026-07-07,30913.41,wallet,success,,no_action,False,0.0
PAY008195,CUST00637,2026-07-08,10374.63,upi,success,,no_action,False,0.0
PAY008196,CUST00511,2026-08-11,16008.93,wallet,failed,card_declined,payment_link,False,0.0
PAY008197,CUST00196,2026-03-25,4614.68,upi,success,,no_action,False,0.0
PAY008198,CUST00831,2026-05-05,10053.4,netbanking,success,,no_action,False,0.0
PAY008199,CUST00111,2026-05-29,3359.1,upi,success,,no_action,False,0.0
PAY008200,CUST00464,2026-06-08,4115.62,upi,success,,no_action,False,0.0
PAY008201,CUST00828,2026-05-27,15098.33,card,success,,no_action,False,0.0
PAY008202,CUST00108,2026-07-23,14758.79,netbanking,success,,no_action,False,0.0
PAY008203,CUST00322,2026-07-02,11654.21,wallet,failed,authentication_failed,payment_link,False,0.0
PAY008204,CUST00981,2026-05-21,1760.21,card,success,,no_action,False,0.0
PAY008205,CUST00753,2026-04-25,809.9,card,failed,network_error,retry,True,809.9
PAY008206,CUST00073,2026-07-02,11546.47,upi,success,,no_action,False,0.0
PAY008207,CUST00338,2026-06-24,9237.03,wallet,success,,no_action,False,0.0
PAY008208,CUST00389,2026-04-03,3972.55,netbanking,success,,no_action,False,0.0
PAY008209,CUST00116,2026-07-11,14625.61,card,success,,no_action,False,0.0
PAY008210,CUST00435,2026-07-09,5105.73,netbanking,failed,authentication_failed,payment_link,True,5105.73
PAY008211,CUST00687,2026-02-27,17458.72,wallet,success,,no_action,False,0.0
PAY008212,CUST00360,2026-05-20,10493.54,card,success,,no_action,False,0.0
PAY008213,CUST00233,2026-08-02,8860.41,wallet,success,,no_action,False,0.0
PAY008214,CUST00717,2026-04-22,20000.15,card,success,,no_action,False,0.0
PAY008215,CUST00909,2026-07-18,3594.81,upi,success,,no_action,False,0.0
PAY008216,CUST00479,2026-06-04,17875.07,upi,failed,network_error,payment_link,True,17875.07
PAY008217,CUST00794,2026-03-20,9305.82,wallet,success,,no_action,False,0.0
PAY008218,CUST00079,2026-05-03,25787.87,netbanking,success,,no_action,False,0.0
PAY008219,CUST00778,2026-06-20,916.58,upi,failed,insufficient_funds,payment_link,True,916.58
PAY008220,CUST00618,2026-05-16,9045.94,upi,success,,no_action,False,0.0
PAY008221,CUST00882,2026-03-27,5567.33,netbanking,success,,no_action,False,0.0
PAY008222,CUST00608,2026-05-17,4908.46,wallet,success,,no_action,False,0.0
PAY008223,CUST00993,2026-05-04,2743.41,wallet,success,,no_action,False,0.0
PAY008224,CUST00686,2026-02-27,5774.28,upi,success,,no_action,False,0.0
PAY008225,CUST00990,2026-03-17,4096.41,upi,failed,network_error,reminder,False,0.0
PAY008226,CUST00865,2026-04-25,1301.79,netbanking,success,,no_action,False,0.0
PAY008227,CUST00682,2026-03-13,2733.39,card,success,,no_action,False,0.0
PAY008228,CUST00329,2026-08-10,4118.31,card,failed,card_declined,payment_link,True,4118.31
PAY008229,CUST00930,2026-07-12,1097.58,upi,success,,no_action,False,0.0
PAY008230,CUST00445,2026-03-02,2131.71,wallet,success,,no_action,False,0.0
PAY008231,CUST00489,2026-03-17,8086.39,netbanking,failed,expired_card,payment_link,True,8086.39
PAY008232,CUST00635,2026-06-02,11774.65,wallet,failed,timeout,reminder,True,11774.65
PAY008233,CUST00816,2026-05-06,2751.16,netbanking,success,,no_action,False,0.0
PAY008234,CUST00241,2026-04-14,307.49,netbanking,failed,insufficient_funds,reminder,True,307.49
PAY008235,CUST00402,2026-06-24,13497.52,wallet,success,,no_action,False,0.0
PAY008236,CUST00380,2026-06-23,2870.17,wallet,failed,network_error,reminder,True,2870.17
PAY008237,CUST00904,2026-05-14,15274.34,wallet,success,,no_action,False,0.0
PAY008238,CUST00086,2026-06-16,4427.48,card,success,,no_action,False,0.0
PAY008239,CUST00533,2026-03-11,14245.19,upi,success,,no_action,False,0.0
PAY008240,CUST00627,2026-04-14,28864.26,netbanking,failed,network_error,retry,True,28864.26
PAY008241,CUST00121,2026-05-22,10334.2,card,failed,insufficient_funds,reminder,False,0.0
PAY008242,CUST00226,2026-03-01,39387.04,wallet,success,,no_action,False,0.0
PAY008243,CUST00330,2026-07-28,3041.97,netbanking,success,,no_action,False,0.0
PAY008244,CUST00001,2026-03-15,4907.82,wallet,success,,no_action,False,0.0
PAY008245,CUST00651,2026-07-23,21315.96,upi,success,,no_action,False,0.0
PAY008246,CUST00823,2026-03-12,1201.03,wallet,success,,no_action,False,0.0
PAY008247,CUST00491,2026-06-07,12386.56,wallet,success,,no_action,False,0.0
PAY008248,CUST00619,2026-06-23,21017.0,card,success,,no_action,False,0.0
PAY008249,CUST00060,2026-08-13,13607.35,card,success,,no_action,False,0.0
PAY008250,CUST00861,2026-06-16,5188.37,wallet,success,,no_action,False,0.0
PAY008251,CUST00691,2026-03-06,2894.97,netbanking,success,,no_action,False,0.0
PAY008252,CUST00582,2026-07-16,26013.85,wallet,success,,no_action,False,0.0
PAY008253,CUST00473,2026-07-06,13747.08,card,failed,card_declined,payment_link,False,0.0
PAY008254,CUST00225,2026-07-01,3643.19,card,success,,no_action,False,0.0
PAY008255,CUST00555,2026-07-05,8339.42,wallet,failed,authentication_failed,payment_link,True,8339.42
PAY008256,CUST00157,2026-06-09,6445.63,netbanking,failed,network_error,reminder,True,6445.63
PAY008257,CUST00544,2026-07-04,5431.73,wallet,failed,network_error,reminder,False,0.0
PAY008258,CUST00192,2026-03-07,5740.12,upi,success,,no_action,False,0.0
PAY008259,CUST00584,2026-05-22,13209.63,netbanking,success,,no_action,False,0.0
PAY008260,CUST00605,2026-04-16,797.94,netbanking,success,,no_action,False,0.0
PAY008261,CUST00873,2026-04-05,2873.55,wallet,success,,no_action,False,0.0
PAY008262,CUST00745,2026-05-20,283.72,card,success,,no_action,False,0.0
PAY008263,CUST00392,2026-07-13,11865.89,card,success,,no_action,False,0.0
PAY008264,CUST00164,2026-07-31,1001.68,upi,failed,network_error,reminder,True,1001.68
PAY008265,CUST00658,2026-05-20,26710.88,card,failed,network_error,reminder,True,26710.88
PAY008266,CUST00058,2026-04-09,2306.03,netbanking,success,,no_action,False,0.0
PAY008267,CUST00680,2026-07-21,19843.71,card,success,,no_action,False,0.0
PAY008268,CUST00419,2026-07-13,17492.38,upi,success,,no_action,False,0.0
PAY008269,CUST00088,2026-07-07,10108.72,card,success,,no_action,False,0.0
PAY008270,CUST00745,2026-03-03,758.04,card,failed,network_error,reminder,False,0.0
PAY008271,CUST00027,2026-05-15,5366.5,card,success,,no_action,False,0.0
PAY008272,CUST00289,2026-05-25,11870.18,netbanking,success,,no_action,False,0.0
PAY008273,CUST00699,2026-04-24,11689.94,card,success,,no_action,False,0.0
PAY008274,CUST00632,2026-03-21,19101.63,netbanking,failed,network_error,reminder,True,19101.63
PAY008275,CUST00887,2026-07-12,832.42,upi,success,,no_action,False,0.0
PAY008276,CUST00611,2026-07-04,200.0,card,success,,no_action,False,0.0
PAY008277,CUST00865,2026-07-09,3198.58,card,success,,no_action,False,0.0
PAY008278,CUST00075,2026-03-18,10926.44,netbanking,success,,no_action,False,0.0
PAY008279,CUST00440,2026-06-28,11159.7,wallet,success,,no_action,False,0.0
PAY008280,CUST00778,2026-02-26,680.26,wallet,failed,authentication_failed,payment_link,True,680.26
PAY008281,CUST00420,2026-07-08,15419.24,card,success,,no_action,False,0.0
PAY008282,CUST00762,2026-05-08,10438.53,netbanking,success,,no_action,False,0.0
PAY008283,CUST00695,2026-08-20,32498.32,wallet,success,,no_action,False,0.0
PAY008284,CUST00604,2026-02-27,24600.13,netbanking,failed,card_declined,payment_link,True,24600.13
PAY008285,CUST00035,2026-07-09,11017.05,netbanking,success,,no_action,False,0.0
PAY008286,CUST00886,2026-05-25,14625.93,wallet,success,,no_action,False,0.0
PAY008287,CUST00604,2026-08-01,16766.56,upi,success,,no_action,False,0.0
PAY008288,CUST00312,2026-08-10,518.45,wallet,success,,no_action,False,0.0
PAY008289,CUST00983,2026-05-29,10415.95,netbanking,failed,card_declined,payment_link,True,10415.95
PAY008290,CUST00078,2026-04-01,4237.75,card,success,,no_action,False,0.0
PAY008291,CUST00882,2026-08-04,7607.43,upi,success,,no_action,False,0.0
PAY008292,CUST00856,2026-06-30,9685.98,upi,failed,network_error,retry,False,0.0
PAY008293,CUST00715,2026-08-18,26238.87,netbanking,success,,no_action,False,0.0
PAY008294,CUST00170,2026-04-27,2500.55,wallet,success,,no_action,False,0.0
PAY008295,CUST00632,2026-08-22,17713.75,netbanking,success,,no_action,False,0.0
PAY008296,CUST00285,2026-04-13,31618.05,netbanking,success,,no_action,False,0.0
PAY008297,CUST00094,2026-08-10,3158.36,card,success,,no_action,False,0.0
PAY008298,CUST00879,2026-07-30,10520.39,netbanking,success,,no_action,False,0.0
PAY008299,CUST00284,2026-07-15,13311.27,netbanking,failed,insufficient_funds,payment_link,True,13311.27
PAY008300,CUST00782,2026-04-19,15303.57,netbanking,failed,card_declined,payment_link,True,15303.57
PAY008301,CUST00482,2026-04-29,15924.11,upi,success,,no_action,False,0.0
PAY008302,CUST00121,2026-04-09,14884.11,wallet,success,,no_action,False,0.0
PAY008303,CUST00836,2026-04-27,7223.95,upi,success,,no_action,False,0.0
PAY008304,CUST00258,2026-04-19,30847.09,upi,success,,no_action,False,0.0
PAY008305,CUST00583,2026-06-17,8635.85,wallet,success,,no_action,False,0.0
PAY008306,CUST00170,2026-04-24,3850.54,card,success,,no_action,False,0.0
PAY008307,CUST00383,2026-07-09,5943.18,netbanking,failed,expired_card,reminder,False,0.0
PAY008308,CUST00046,2026-05-11,5513.69,netbanking,failed,card_declined,payment_link,False,0.0
PAY008309,CUST00043,2026-04-14,6725.65,upi,success,,no_action,False,0.0
PAY008310,CUST00375,2026-04-13,9648.34,netbanking,success,,no_action,False,0.0
PAY008311,CUST00591,2026-06-15,13762.29,wallet,success,,no_action,False,0.0
PAY008312,CUST00898,2026-05-29,35576.66,upi,success,,no_action,False,0.0
PAY008313,CUST00890,2026-07-10,2826.7,upi,success,,no_action,False,0.0
PAY008314,CUST00062,2026-04-01,3838.05,netbanking,success,,no_action,False,0.0
PAY008315,CUST00847,2026-06-10,14741.24,upi,failed,timeout,reminder,True,14741.24
PAY008316,CUST00472,2026-03-14,2300.31,netbanking,success,,no_action,False,0.0
PAY008317,CUST00087,2026-04-22,10126.89,wallet,success,,no_action,False,0.0
PAY008318,CUST00856,2026-05-10,17597.23,netbanking,success,,no_action,False,0.0
PAY008319,CUST00960,2026-08-23,13845.37,netbanking,failed,timeout,payment_link,True,13845.37
PAY008320,CUST00692,2026-06-30,12848.21,wallet,success,,no_action,False,0.0
PAY008321,CUST00092,2026-03-05,2679.98,wallet,success,,no_action,False,0.0
PAY008322,CUST00883,2026-04-14,28362.13,netbanking,success,,no_action,False,0.0
PAY008323,CUST00553,2026-08-25,2327.84,card,success,,no_action,False,0.0
PAY008324,CUST00154,2026-05-21,7810.05,upi,failed,authentication_failed,reminder,True,7810.05
PAY008325,CUST00464,2026-06-30,5937.47,upi,success,,no_action,False,0.0
PAY008326,CUST00812,2026-05-10,680.77,wallet,success,,no_action,False,0.0
PAY008327,CUST00341,2026-04-10,21577.28,wallet,success,,no_action,False,0.0
PAY008328,CUST00157,2026-08-13,8590.02,card,success,,no_action,False,0.0
PAY008329,CUST00211,2026-03-31,17792.57,netbanking,success,,no_action,False,0.0
PAY008330,CUST00603,2026-07-08,10855.92,wallet,success,,no_action,False,0.0
PAY008331,CUST00059,2026-06-16,11089.1,wallet,success,,no_action,False,0.0
PAY008332,CUST00584,2026-05-04,15180.3,upi,success,,no_action,False,0.0
PAY008333,CUST00349,2026-04-05,20323.4,upi,success,,no_action,False,0.0
PAY008334,CUST00632,2026-04-04,27263.88,upi,success,,no_action,False,0.0
PAY008335,CUST00998,2026-08-22,200.0,wallet,success,,no_action,False,0.0
PAY008336,CUST00190,2026-08-24,2709.67,wallet,success,,no_action,False,0.0
PAY008337,CUST00508,2026-08-11,7450.85,card,success,,no_action,False,0.0
PAY008338,CUST00196,2026-07-29,5584.55,card,success,,no_action,False,0.0
PAY008339,CUST00342,2026-08-20,1897.77,wallet,failed,expired_card,payment_link,False,0.0
PAY008340,CUST00596,2026-03-16,8177.62,wallet,success,,no_action,False,0.0
PAY008341,CUST00144,2026-07-16,4944.96,card,success,,no_action,False,0.0
PAY008342,CUST00911,2026-07-10,1607.05,wallet,success,,no_action,False,0.0
PAY008343,CUST00071,2026-07-28,8187.51,wallet,success,,no_action,False,0.0
PAY008344,CUST00763,2026-03-04,9087.0,upi,failed,card_declined,payment_link,False,0.0
PAY008345,CUST00251,2026-05-22,14032.16,card,success,,no_action,False,0.0
PAY008346,CUST00572,2026-05-06,13934.82,netbanking,success,,no_action,False,0.0
PAY008347,CUST00215,2026-04-11,21141.98,card,success,,no_action,False,0.0
PAY008348,CUST00442,2026-07-19,5826.13,wallet,failed,network_error,payment_link,True,5826.13
PAY008349,CUST00801,2026-03-17,19057.73,card,success,,no_action,False,0.0
PAY008350,CUST00701,2026-05-13,15541.99,card,failed,card_declined,payment_link,True,15541.99
PAY008351,CUST00716,2026-06-30,16837.32,wallet,success,,no_action,False,0.0
PAY008352,CUST00338,2026-05-03,9793.87,wallet,success,,no_action,False,0.0
PAY008353,CUST00181,2026-07-10,7845.44,card,success,,no_action,False,0.0
PAY008354,CUST00869,2026-04-09,23657.6,wallet,success,,no_action,False,0.0
PAY008355,CUST00613,2026-04-07,3060.76,upi,success,,no_action,False,0.0
PAY008356,CUST00988,2026-08-22,19676.59,wallet,success,,no_action,False,0.0
PAY008357,CUST00452,2026-04-21,11052.22,card,success,,no_action,False,0.0
PAY008358,CUST00110,2026-07-11,6744.0,upi,success,,no_action,False,0.0
PAY008359,CUST00117,2026-04-29,10872.35,netbanking,success,,no_action,False,0.0
PAY008360,CUST00890,2026-05-17,4518.73,upi,success,,no_action,False,0.0
PAY008361,CUST00539,2026-08-01,18840.03,card,success,,no_action,False,0.0
PAY008362,CUST00832,2026-04-22,13678.79,upi,success,,no_action,False,0.0
PAY008363,CUST00025,2026-06-22,6692.76,netbanking,success,,no_action,False,0.0
PAY008364,CUST00172,2026-07-21,1755.67,wallet,success,,no_action,False,0.0
PAY008365,CUST00106,2026-03-15,873.67,card,failed,insufficient_funds,payment_link,False,0.0
PAY008366,CUST00471,2026-03-14,15365.6,upi,success,,no_action,False,0.0
PAY008367,CUST00231,2026-08-11,9359.87,upi,success,,no_action,False,0.0
PAY008368,CUST00019,2026-06-20,22004.41,card,success,,no_action,False,0.0
PAY008369,CUST00978,2026-05-07,21937.57,card,failed,expired_card,reminder,True,21937.57
PAY008370,CUST00398,2026-08-25,14662.48,wallet,success,,no_action,False,0.0
PAY008371,CUST00242,2026-07-01,13793.96,wallet,success,,no_action,False,0.0
PAY008372,CUST00161,2026-05-09,12685.92,card,success,,no_action,False,0.0
PAY008373,CUST00374,2026-04-19,2459.99,card,success,,no_action,False,0.0
PAY008374,CUST00707,2026-04-19,38320.2,netbanking,success,,no_action,False,0.0
PAY008375,CUST00372,2026-05-20,24818.92,upi,success,,no_action,False,0.0
PAY008376,CUST00998,2026-07-23,14948.1,card,success,,no_action,False,0.0
PAY008377,CUST00279,2026-05-29,8731.5,upi,success,,no_action,False,0.0
PAY008378,CUST00682,2026-05-23,3884.12,card,success,,no_action,False,0.0
PAY008379,CUST00103,2026-06-19,28675.73,card,success,,no_action,False,0.0
PAY008380,CUST00208,2026-04-05,31410.2,card,failed,authentication_failed,reminder,False,0.0
PAY008381,CUST00301,2026-08-06,8488.12,card,failed,card_declined,payment_link,True,8488.12
PAY008382,CUST00697,2026-04-28,2072.81,wallet,success,,no_action,False,0.0
PAY008383,CUST00243,2026-07-08,7574.04,wallet,success,,no_action,False,0.0
PAY008384,CUST00979,2026-04-18,17000.53,netbanking,success,,no_action,False,0.0
PAY008385,CUST00227,2026-03-05,3507.73,card,success,,no_action,False,0.0
PAY008386,CUST00815,2026-04-03,9505.25,netbanking,success,,no_action,False,0.0
PAY008387,CUST00699,2026-06-16,9024.14,card,success,,no_action,False,0.0
PAY008388,CUST00532,2026-02-27,6319.52,upi,failed,expired_card,payment_link,True,6319.52
PAY008389,CUST00989,2026-05-31,17473.07,netbanking,success,,no_action,False,0.0
PAY008390,CUST00889,2026-08-17,10821.15,netbanking,success,,no_action,False,0.0
PAY008391,CUST00744,2026-03-13,12232.85,netbanking,success,,no_action,False,0.0
PAY008392,CUST00101,2026-07-29,17189.69,card,success,,no_action,False,0.0
PAY008393,CUST00022,2026-05-26,5004.84,card,success,,no_action,False,0.0
PAY008394,CUST00108,2026-03-02,13293.64,card,success,,no_action,False,0.0
PAY008395,CUST00864,2026-05-24,13036.49,netbanking,success,,no_action,False,0.0
PAY008396,CUST00123,2026-06-24,10568.56,upi,success,,no_action,False,0.0
PAY008397,CUST00485,2026-06-06,10065.36,netbanking,success,,no_action,False,0.0
PAY008398,CUST00664,2026-08-17,10272.52,upi,success,,no_action,False,0.0
PAY008399,CUST00653,2026-06-16,10146.85,netbanking,failed,timeout,retry,True,10146.85
PAY008400,CUST00355,2026-08-07,9557.72,wallet,success,,no_action,False,0.0
PAY008401,CUST00572,2026-02-26,23196.36,upi,success,,no_action,False,0.0
PAY008402,CUST00264,2026-03-05,12705.89,wallet,success,,no_action,False,0.0
PAY008403,CUST00849,2026-06-30,11672.13,netbanking,success,,no_action,False,0.0
PAY008404,CUST00386,2026-05-11,24255.53,netbanking,success,,no_action,False,0.0
PAY008405,CUST00805,2026-07-25,10131.56,wallet,success,,no_action,False,0.0
PAY008406,CUST00959,2026-05-12,12458.74,wallet,failed,expired_card,payment_link,True,12458.74
PAY008407,CUST00373,2026-08-05,7669.1,card,success,,no_action,False,0.0
PAY008408,CUST00633,2026-05-15,5088.02,card,failed,timeout,reminder,True,5088.02
PAY008409,CUST00482,2026-06-20,21604.84,netbanking,success,,no_action,False,0.0
PAY008410,CUST00705,2026-03-21,25261.62,upi,failed,card_declined,escalate,False,0.0
PAY008411,CUST00039,2026-03-12,3884.49,upi,success,,no_action,False,0.0
PAY008412,CUST00661,2026-06-16,9098.9,card,success,,no_action,False,0.0
PAY008413,CUST00681,2026-06-18,16911.76,upi,success,,no_action,False,0.0
PAY008414,CUST00303,2026-06-15,5412.36,card,success,,no_action,False,0.0
PAY008415,CUST00014,2026-04-18,4230.35,netbanking,success,,no_action,False,0.0
PAY008416,CUST00677,2026-03-21,4408.63,card,success,,no_action,False,0.0
PAY008417,CUST00461,2026-03-15,1870.63,card,failed,expired_card,payment_link,True,1870.63
PAY008418,CUST00504,2026-03-06,12945.21,netbanking,success,,no_action,False,0.0
PAY008419,CUST00099,2026-05-26,3560.51,wallet,success,,no_action,False,0.0
PAY008420,CUST00790,2026-07-17,23146.78,netbanking,success,,no_action,False,0.0
PAY008421,CUST00117,2026-08-01,12008.81,upi,success,,no_action,False,0.0
PAY008422,CUST00761,2026-03-24,26400.77,wallet,success,,no_action,False,0.0
PAY008423,CUST00027,2026-05-27,5923.16,upi,failed,network_error,reminder,True,5923.16
PAY008424,CUST00445,2026-03-13,492.47,card,success,,no_action,False,0.0
PAY008425,CUST00801,2026-06-10,15810.75,wallet,success,,no_action,False,0.0
PAY008426,CUST00857,2026-06-24,18206.29,wallet,success,,no_action,False,0.0
PAY008427,CUST00569,2026-05-27,7303.12,netbanking,failed,authentication_failed,reminder,True,7303.12
PAY008428,CUST00060,2026-05-15,10437.06,card,success,,no_action,False,0.0
PAY008429,CUST00254,2026-03-01,1749.51,upi,success,,no_action,False,0.0
PAY008430,CUST00902,2026-03-28,1151.85,upi,success,,no_action,False,0.0
PAY008431,CUST00009,2026-07-11,19048.73,netbanking,failed,insufficient_funds,payment_link,True,19048.73
PAY008432,CUST00693,2026-05-22,13408.47,upi,success,,no_action,False,0.0
PAY008433,CUST00145,2026-07-20,4392.37,wallet,success,,no_action,False,0.0
PAY008434,CUST00121,2026-07-11,12156.99,card,failed,authentication_failed,reminder,False,0.0
PAY008435,CUST00037,2026-03-08,14279.84,upi,success,,no_action,False,0.0
PAY008436,CUST00871,2026-06-16,7517.45,netbanking,success,,no_action,False,0.0
PAY008437,CUST00501,2026-07-10,6766.72,upi,failed,card_declined,payment_link,False,0.0
PAY008438,CUST00297,2026-06-16,4184.01,card,success,,no_action,False,0.0
PAY008439,CUST00653,2026-03-14,3670.71,upi,success,,no_action,False,0.0
PAY008440,CUST00596,2026-05-21,13115.53,card,success,,no_action,False,0.0
PAY008441,CUST00014,2026-05-27,5079.96,wallet,success,,no_action,False,0.0
PAY008442,CUST00497,2026-08-25,7612.8,netbanking,failed,expired_card,reminder,True,7612.8
PAY008443,CUST00285,2026-06-17,50000.0,card,failed,card_declined,reminder,True,50000.0
PAY008444,CUST00483,2026-05-15,33761.69,upi,success,,no_action,False,0.0
PAY008445,CUST00252,2026-06-14,28466.61,netbanking,failed,expired_card,payment_link,True,28466.61
PAY008446,CUST00623,2026-07-20,23803.43,netbanking,failed,network_error,payment_link,False,0.0
PAY008447,CUST00387,2026-05-04,22057.61,upi,failed,card_declined,payment_link,True,22057.61
PAY008448,CUST00971,2026-03-08,25935.75,upi,success,,no_action,False,0.0
PAY008449,CUST00196,2026-03-08,5182.35,card,success,,no_action,False,0.0
PAY008450,CUST00335,2026-05-19,12461.96,wallet,success,,no_action,False,0.0
PAY008451,CUST00700,2026-04-26,1574.42,netbanking,success,,no_action,False,0.0
PAY008452,CUST00316,2026-06-20,16714.95,upi,success,,no_action,False,0.0
PAY008453,CUST00407,2026-08-22,9886.91,upi,failed,authentication_failed,reminder,True,9886.91
PAY008454,CUST00561,2026-06-16,6810.85,card,success,,no_action,False,0.0
PAY008455,CUST00035,2026-06-26,16197.73,card,success,,no_action,False,0.0
PAY008456,CUST00812,2026-05-05,695.9,card,success,,no_action,False,0.0
PAY008457,CUST00191,2026-08-14,16647.25,upi,success,,no_action,False,0.0
PAY008458,CUST00221,2026-03-09,5394.92,wallet,success,,no_action,False,0.0
PAY008459,CUST00069,2026-03-17,8544.35,netbanking,success,,no_action,False,0.0
PAY008460,CUST00193,2026-06-17,474.13,netbanking,failed,network_error,retry,True,474.13
PAY008461,CUST00768,2026-05-10,4014.95,card,success,,no_action,False,0.0
PAY008462,CUST00473,2026-04-19,12624.18,wallet,failed,card_declined,payment_link,True,12624.18
PAY008463,CUST00262,2026-05-16,14037.23,upi,success,,no_action,False,0.0
PAY008464,CUST00124,2026-06-12,2471.16,netbanking,failed,expired_card,payment_link,False,0.0
PAY008465,CUST00892,2026-03-23,978.19,upi,success,,no_action,False,0.0
PAY008466,CUST00798,2026-05-20,3401.11,wallet,success,,no_action,False,0.0
PAY008467,CUST00607,2026-03-02,4768.83,wallet,success,,no_action,False,0.0
PAY008468,CUST00015,2026-04-16,23797.83,netbanking,success,,no_action,False,0.0
PAY008469,CUST00047,2026-03-24,2077.88,netbanking,success,,no_action,False,0.0
PAY008470,CUST00415,2026-03-10,8142.4,netbanking,failed,insufficient_funds,reminder,True,8142.4
PAY008471,CUST00912,2026-08-03,16892.53,card,success,,no_action,False,0.0
PAY008472,CUST00039,2026-06-08,1014.1,upi,success,,no_action,False,0.0
PAY008473,CUST00826,2026-06-25,11870.48,upi,success,,no_action,False,0.0
PAY008474,CUST00211,2026-03-06,10251.0,netbanking,success,,no_action,False,0.0
PAY008475,CUST00950,2026-06-17,34694.03,upi,success,,no_action,False,0.0
PAY008476,CUST00855,2026-07-20,21972.55,upi,success,,no_action,False,0.0
PAY008477,CUST00200,2026-04-01,841.49,upi,success,,no_action,False,0.0
PAY008478,CUST00782,2026-04-18,17176.19,upi,success,,no_action,False,0.0
PAY008479,CUST00533,2026-04-25,14577.18,netbanking,success,,no_action,False,0.0
PAY008480,CUST00004,2026-03-26,9236.95,upi,success,,no_action,False,0.0
PAY008481,CUST00671,2026-04-14,6877.21,wallet,success,,no_action,False,0.0
PAY008482,CUST00743,2026-08-21,15455.84,wallet,success,,no_action,False,0.0
PAY008483,CUST00998,2026-06-27,7304.37,upi,success,,no_action,False,0.0
PAY008484,CUST00665,2026-04-08,14311.63,upi,success,,no_action,False,0.0
PAY008485,CUST00651,2026-05-30,9696.05,card,success,,no_action,False,0.0
PAY008486,CUST00354,2026-04-14,14408.49,upi,success,,no_action,False,0.0
PAY008487,CUST00374,2026-06-30,1676.13,card,failed,insufficient_funds,payment_link,True,1676.13
PAY008488,CUST00065,2026-04-28,11279.59,wallet,success,,no_action,False,0.0
PAY008489,CUST00251,2026-06-22,11785.35,wallet,success,,no_action,False,0.0
PAY008490,CUST00414,2026-07-02,1295.3,card,success,,no_action,False,0.0
PAY008491,CUST00318,2026-08-21,13020.72,upi,success,,no_action,False,0.0
PAY008492,CUST00703,2026-03-16,13893.18,netbanking,success,,no_action,False,0.0
PAY008493,CUST00004,2026-07-13,9158.47,card,success,,no_action,False,0.0
PAY008494,CUST00077,2026-08-16,18147.54,upi,success,,no_action,False,0.0
PAY008495,CUST00250,2026-03-12,957.62,netbanking,failed,authentication_failed,payment_link,True,957.62
PAY008496,CUST00796,2026-08-10,15431.93,upi,failed,card_declined,payment_link,True,15431.93
PAY008497,CUST00978,2026-05-18,15686.48,netbanking,success,,no_action,False,0.0
PAY008498,CUST00251,2026-04-05,12862.56,wallet,success,,no_action,False,0.0
PAY008499,CUST00249,2026-08-06,27678.63,card,success,,no_action,False,0.0
PAY008500,CUST00308,2026-08-18,23282.66,wallet,success,,no_action,False,0.0
PAY008501,CUST00088,2026-03-11,6911.48,upi,success,,no_action,False,0.0
PAY008502,CUST00838,2026-03-05,3064.31,wallet,success,,no_action,False,0.0
PAY008503,CUST00067,2026-03-19,15330.14,wallet,success,,no_action,False,0.0
PAY008504,CUST00284,2026-02-26,9680.05,card,failed,authentication_failed,payment_link,False,0.0
PAY008505,CUST00262,2026-07-19,19273.77,upi,success,,no_action,False,0.0
PAY008506,CUST00207,2026-07-16,12604.58,wallet,success,,no_action,False,0.0
PAY008507,CUST00458,2026-06-20,354.03,upi,success,,no_action,False,0.0
PAY008508,CUST00558,2026-03-31,4664.41,wallet,failed,network_error,payment_link,False,0.0
PAY008509,CUST00817,2026-04-15,336.65,card,success,,no_action,False,0.0
PAY008510,CUST00626,2026-08-25,20189.36,netbanking,success,,no_action,False,0.0
PAY008511,CUST00246,2026-06-27,13191.37,card,success,,no_action,False,0.0
PAY008512,CUST00299,2026-07-27,12251.53,card,success,,no_action,False,0.0
PAY008513,CUST00562,2026-04-29,17091.79,wallet,success,,no_action,False,0.0
PAY008514,CUST00692,2026-06-01,17407.2,upi,success,,no_action,False,0.0
PAY008515,CUST00427,2026-05-24,28164.4,netbanking,success,,no_action,False,0.0
PAY008516,CUST00494,2026-07-02,713.59,wallet,success,,no_action,False,0.0
PAY008517,CUST00911,2026-03-16,856.86,netbanking,failed,authentication_failed,reminder,True,856.86
PAY008518,CUST00549,2026-05-16,19989.07,upi,success,,no_action,False,0.0
PAY008519,CUST00555,2026-06-02,21689.32,upi,success,,no_action,False,0.0
PAY008520,CUST00039,2026-05-05,1487.57,netbanking,success,,no_action,False,0.0
PAY008521,CUST00333,2026-03-13,1079.35,wallet,success,,no_action,False,0.0
PAY008522,CUST00160,2026-05-22,2004.21,card,failed,authentication_failed,payment_link,True,2004.21
PAY008523,CUST00809,2026-04-26,5868.59,card,failed,insufficient_funds,payment_link,False,0.0
PAY008524,CUST00449,2026-04-08,19193.37,wallet,success,,no_action,False,0.0
PAY008525,CUST00604,2026-07-01,22087.17,card,success,,no_action,False,0.0
PAY008526,CUST00262,2026-06-17,24071.25,card,success,,no_action,False,0.0
PAY008527,CUST00626,2026-06-02,21627.34,card,success,,no_action,False,0.0
PAY008528,CUST00327,2026-03-01,13474.98,netbanking,success,,no_action,False,0.0
PAY008529,CUST00537,2026-07-04,2201.87,wallet,failed,insufficient_funds,reminder,False,0.0
PAY008530,CUST00212,2026-05-14,14008.41,upi,failed,card_declined,payment_link,True,14008.41
PAY008531,CUST00034,2026-04-13,6321.6,netbanking,success,,no_action,False,0.0
PAY008532,CUST00368,2026-06-09,12177.02,card,success,,no_action,False,0.0
PAY008533,CUST00383,2026-06-02,3433.57,wallet,success,,no_action,False,0.0
PAY008534,CUST00218,2026-02-28,606.77,upi,success,,no_action,False,0.0
PAY008535,CUST00702,2026-05-23,14260.2,card,failed,network_error,reminder,True,14260.2
PAY008536,CUST00323,2026-08-05,14910.38,wallet,success,,no_action,False,0.0
PAY008537,CUST00782,2026-02-27,30771.99,card,success,,no_action,False,0.0
PAY008538,CUST00798,2026-06-03,2094.59,card,success,,no_action,False,0.0
PAY008539,CUST00848,2026-04-16,10490.31,card,success,,no_action,False,0.0
PAY008540,CUST00082,2026-03-03,32973.88,wallet,success,,no_action,False,0.0
PAY008541,CUST00824,2026-06-24,4765.35,netbanking,success,,no_action,False,0.0
PAY008542,CUST00720,2026-05-12,16147.52,card,success,,no_action,False,0.0
PAY008543,CUST00219,2026-05-22,15084.88,wallet,failed,network_error,reminder,True,15084.88
PAY008544,CUST00868,2026-03-02,42328.18,netbanking,success,,no_action,False,0.0
PAY008545,CUST00394,2026-06-01,9024.16,upi,success,,no_action,False,0.0
PAY008546,CUST00200,2026-08-06,874.46,upi,failed,authentication_failed,payment_link,True,874.46
PAY008547,CUST00318,2026-06-02,9317.79,wallet,success,,no_action,False,0.0
PAY008548,CUST00744,2026-08-20,9584.54,card,success,,no_action,False,0.0
PAY008549,CUST00119,2026-05-11,200.0,card,success,,no_action,False,0.0
PAY008550,CUST00655,2026-04-24,17956.63,card,success,,no_action,False,0.0
PAY008551,CUST00961,2026-06-05,17302.35,netbanking,success,,no_action,False,0.0
PAY008552,CUST00124,2026-04-09,3010.56,upi,failed,authentication_failed,payment_link,True,3010.56
PAY008553,CUST00162,2026-07-29,3978.76,upi,success,,no_action,False,0.0
PAY008554,CUST00663,2026-03-15,5866.98,netbanking,success,,no_action,False,0.0
PAY008555,CUST00703,2026-06-18,18184.53,netbanking,failed,timeout,reminder,True,18184.53
PAY008556,CUST00622,2026-06-08,10428.24,card,failed,network_error,reminder,True,10428.24
PAY008557,CUST00397,2026-04-30,19153.12,wallet,success,,no_action,False,0.0
PAY008558,CUST00059,2026-06-13,6721.52,wallet,success,,no_action,False,0.0
PAY008559,CUST00357,2026-03-16,6383.88,upi,success,,no_action,False,0.0
PAY008560,CUST00663,2026-03-11,13043.68,netbanking,success,,no_action,False,0.0
PAY008561,CUST00292,2026-06-03,6378.79,wallet,success,,no_action,False,0.0
PAY008562,CUST00499,2026-04-18,11432.46,netbanking,failed,timeout,reminder,True,11432.46
PAY008563,CUST00762,2026-06-25,19668.01,netbanking,failed,network_error,retry,True,19668.01
PAY008564,CUST00082,2026-05-21,37492.45,wallet,success,,no_action,False,0.0
PAY008565,CUST00799,2026-07-30,3530.64,upi,success,,no_action,False,0.0
PAY008566,CUST00314,2026-03-04,15826.12,netbanking,success,,no_action,False,0.0
PAY008567,CUST00945,2026-07-11,22446.88,netbanking,failed,card_declined,reminder,True,22446.88
PAY008568,CUST00142,2026-05-08,27085.86,wallet,failed,network_error,retry,True,27085.86
PAY008569,CUST00979,2026-07-15,24315.31,wallet,success,,no_action,False,0.0
PAY008570,CUST00534,2026-06-06,3246.05,wallet,failed,authentication_failed,reminder,False,0.0
PAY008571,CUST00617,2026-04-26,8384.15,wallet,success,,no_action,False,0.0
PAY008572,CUST00579,2026-08-22,754.83,card,failed,expired_card,reminder,True,754.83
PAY008573,CUST00246,2026-08-20,17601.96,netbanking,success,,no_action,False,0.0
PAY008574,CUST00289,2026-05-08,9982.96,netbanking,success,,no_action,False,0.0
PAY008575,CUST00191,2026-05-24,9529.51,netbanking,success,,no_action,False,0.0
PAY008576,CUST00744,2026-06-11,13578.75,upi,success,,no_action,False,0.0
PAY008577,CUST00066,2026-05-07,20652.64,wallet,failed,card_declined,payment_link,False,0.0
PAY008578,CUST00927,2026-03-21,23854.33,card,success,,no_action,False,0.0
PAY008579,CUST00894,2026-02-27,1997.87,netbanking,success,,no_action,False,0.0
PAY008580,CUST00245,2026-07-19,14162.06,wallet,success,,no_action,False,0.0
PAY008581,CUST00964,2026-07-29,13032.39,wallet,success,,no_action,False,0.0
PAY008582,CUST00624,2026-08-10,13363.16,card,failed,insufficient_funds,payment_link,False,0.0
PAY008583,CUST00382,2026-03-25,7151.59,card,failed,network_error,retry,True,7151.59
PAY008584,CUST00196,2026-07-29,5839.16,upi,success,,no_action,False,0.0
PAY008585,CUST00643,2026-06-28,23339.56,wallet,success,,no_action,False,0.0
PAY008586,CUST00709,2026-06-06,19324.97,netbanking,success,,no_action,False,0.0
PAY008587,CUST00835,2026-03-15,11366.47,wallet,success,,no_action,False,0.0
PAY008588,CUST00532,2026-06-10,8185.36,wallet,success,,no_action,False,0.0
PAY008589,CUST00749,2026-04-26,12672.66,wallet,success,,no_action,False,0.0
PAY008590,CUST00815,2026-07-12,14510.11,upi,failed,network_error,reminder,True,14510.11
PAY008591,CUST00123,2026-08-20,15190.64,upi,failed,network_error,reminder,True,15190.64
PAY008592,CUST00839,2026-08-01,21346.79,wallet,success,,no_action,False,0.0
PAY008593,CUST00259,2026-06-21,2025.67,netbanking,success,,no_action,False,0.0
PAY008594,CUST00032,2026-05-13,29353.28,netbanking,success,,no_action,False,0.0
PAY008595,CUST00276,2026-03-24,13414.52,netbanking,failed,timeout,retry,True,13414.52
PAY008596,CUST00136,2026-06-03,23466.22,card,success,,no_action,False,0.0
PAY008597,CUST00175,2026-07-11,12637.12,card,failed,timeout,retry,True,12637.12
PAY008598,CUST00631,2026-02-28,7803.78,upi,failed,authentication_failed,payment_link,True,7803.78
PAY008599,CUST00940,2026-06-04,50000.0,upi,failed,expired_card,payment_link,True,50000.0
PAY008600,CUST00330,2026-05-27,2840.96,card,success,,no_action,False,0.0
PAY008601,CUST00409,2026-03-18,3341.71,card,success,,no_action,False,0.0
PAY008602,CUST00616,2026-05-17,12561.74,upi,failed,card_declined,reminder,True,12561.74
PAY008603,CUST00137,2026-08-08,14239.87,netbanking,failed,insufficient_funds,reminder,False,0.0
PAY008604,CUST00468,2026-05-05,20065.87,netbanking,success,,no_action,False,0.0
PAY008605,CUST00712,2026-04-11,14508.15,wallet,failed,insufficient_funds,payment_link,True,14508.15
PAY008606,CUST00492,2026-07-22,7825.28,wallet,failed,timeout,reminder,False,0.0
PAY008607,CUST00761,2026-05-21,31102.49,upi,success,,no_action,False,0.0
PAY008608,CUST00447,2026-05-05,5086.15,netbanking,failed,insufficient_funds,payment_link,True,5086.15
PAY008609,CUST00263,2026-08-16,25472.76,wallet,success,,no_action,False,0.0
PAY008610,CUST00968,2026-03-11,9907.52,upi,failed,timeout,reminder,False,0.0
PAY008611,CUST00749,2026-05-15,20349.55,upi,success,,no_action,False,0.0
PAY008612,CUST00065,2026-08-16,16910.01,wallet,success,,no_action,False,0.0
PAY008613,CUST00185,2026-08-07,15797.65,upi,success,,no_action,False,0.0
PAY008614,CUST00439,2026-03-14,19033.91,netbanking,failed,expired_card,payment_link,True,19033.91
PAY008615,CUST00131,2026-07-14,13887.47,upi,success,,no_action,False,0.0
PAY008616,CUST00288,2026-04-11,11793.55,wallet,success,,no_action,False,0.0
PAY008617,CUST00447,2026-08-25,8310.39,card,failed,authentication_failed,reminder,False,0.0
PAY008618,CUST00523,2026-05-22,2859.78,card,failed,timeout,retry,True,2859.78
PAY008619,CUST00218,2026-06-16,361.84,netbanking,failed,expired_card,reminder,True,361.84
PAY008620,CUST00129,2026-08-22,24004.8,wallet,failed,timeout,payment_link,True,24004.8
PAY008621,CUST00524,2026-03-16,18707.52,netbanking,failed,network_error,payment_link,False,0.0
PAY008622,CUST00251,2026-06-24,16548.88,netbanking,success,,no_action,False,0.0
PAY008623,CUST00689,2026-08-23,20566.62,netbanking,success,,no_action,False,0.0
PAY008624,CUST00898,2026-03-11,29408.21,upi,success,,no_action,False,0.0
PAY008625,CUST00777,2026-05-26,11106.8,netbanking,success,,no_action,False,0.0
PAY008626,CUST00080,2026-08-02,41703.06,upi,success,,no_action,False,0.0
PAY008627,CUST00024,2026-05-26,5399.96,card,success,,no_action,False,0.0
PAY008628,CUST00790,2026-06-18,10829.02,wallet,success,,no_action,False,0.0
PAY008629,CUST00160,2026-07-12,1492.78,upi,success,,no_action,False,0.0
PAY008630,CUST00280,2026-07-28,8704.05,wallet,success,,no_action,False,0.0
PAY008631,CUST00802,2026-08-21,780.4,upi,success,,no_action,False,0.0
PAY008632,CUST00329,2026-04-09,9049.89,netbanking,failed,insufficient_funds,escalate,False,0.0
PAY008633,CUST00799,2026-03-10,23455.26,card,success,,no_action,False,0.0
PAY008634,CUST00979,2026-04-29,13937.76,wallet,success,,no_action,False,0.0
PAY008635,CUST00016,2026-03-07,22993.44,upi,success,,no_action,False,0.0
PAY008636,CUST00246,2026-08-06,14766.56,netbanking,success,,no_action,False,0.0
PAY008637,CUST00215,2026-04-03,28225.03,upi,success,,no_action,False,0.0
PAY008638,CUST00026,2026-05-31,13311.46,netbanking,success,,no_action,False,0.0
PAY008639,CUST00724,2026-07-03,10931.95,wallet,failed,authentication_failed,payment_link,True,10931.95
PAY008640,CUST00381,2026-06-19,11104.53,wallet,success,,no_action,False,0.0
PAY008641,CUST00560,2026-07-30,5982.95,upi,success,,no_action,False,0.0
PAY008642,CUST00595,2026-03-05,1097.31,netbanking,success,,no_action,False,0.0
PAY008643,CUST00593,2026-04-14,9325.25,netbanking,failed,authentication_failed,payment_link,True,9325.25
PAY008644,CUST00805,2026-04-13,6440.45,card,failed,authentication_failed,payment_link,True,6440.45
PAY008645,CUST00744,2026-03-01,15663.67,wallet,success,,no_action,False,0.0
PAY008646,CUST00699,2026-07-19,8141.3,card,success,,no_action,False,0.0
PAY008647,CUST00443,2026-08-07,26410.41,netbanking,success,,no_action,False,0.0
PAY008648,CUST00709,2026-06-13,9730.54,card,failed,expired_card,payment_link,True,9730.54
PAY008649,CUST00162,2026-02-26,4615.63,wallet,success,,no_action,False,0.0
PAY008650,CUST00918,2026-06-20,8793.24,upi,success,,no_action,False,0.0
PAY008651,CUST00102,2026-06-21,1369.43,wallet,success,,no_action,False,0.0
PAY008652,CUST00843,2026-07-24,6509.82,netbanking,success,,no_action,False,0.0
PAY008653,CUST00566,2026-08-14,5336.31,card,success,,no_action,False,0.0
PAY008654,CUST00929,2026-06-08,11949.6,upi,success,,no_action,False,0.0
PAY008655,CUST00813,2026-08-06,43716.7,wallet,failed,card_declined,payment_link,False,0.0
PAY008656,CUST00409,2026-07-02,3213.58,netbanking,failed,expired_card,payment_link,True,3213.58
PAY008657,CUST00195,2026-05-02,24337.11,netbanking,success,,no_action,False,0.0
PAY008658,CUST00845,2026-06-28,5938.14,netbanking,success,,no_action,False,0.0
PAY008659,CUST00242,2026-08-17,9952.41,card,failed,timeout,reminder,True,9952.41
PAY008660,CUST00001,2026-03-12,2341.57,card,success,,no_action,False,0.0
PAY008661,CUST00776,2026-08-11,10686.89,upi,success,,no_action,False,0.0
PAY008662,CUST00074,2026-08-06,11488.71,wallet,success,,no_action,False,0.0
PAY008663,CUST00259,2026-06-13,3959.89,card,failed,network_error,reminder,True,3959.89
PAY008664,CUST00282,2026-03-05,10036.1,wallet,success,,no_action,False,0.0
PAY008665,CUST00501,2026-06-13,6218.97,upi,success,,no_action,False,0.0
PAY008666,CUST00376,2026-04-30,10594.95,upi,failed,timeout,reminder,True,10594.95
PAY008667,CUST00109,2026-02-27,720.36,upi,success,,no_action,False,0.0
PAY008668,CUST00078,2026-07-10,3066.13,wallet,success,,no_action,False,0.0
PAY008669,CUST00227,2026-07-02,5466.18,card,success,,no_action,False,0.0
PAY008670,CUST00303,2026-06-04,6257.59,card,success,,no_action,False,0.0
PAY008671,CUST00898,2026-05-12,17688.4,upi,failed,authentication_failed,payment_link,True,17688.4
PAY008672,CUST00152,2026-07-01,3622.69,upi,success,,no_action,False,0.0
PAY008673,CUST00144,2026-05-01,5430.55,netbanking,success,,no_action,False,0.0
PAY008674,CUST00288,2026-06-03,34655.21,wallet,success,,no_action,False,0.0
PAY008675,CUST00050,2026-04-27,19599.13,wallet,success,,no_action,False,0.0
PAY008676,CUST00504,2026-08-03,8307.09,wallet,success,,no_action,False,0.0
PAY008677,CUST00169,2026-06-23,13167.52,card,success,,no_action,False,0.0
PAY008678,CUST00165,2026-05-02,15927.61,card,success,,no_action,False,0.0
PAY008679,CUST00483,2026-03-13,15403.7,card,failed,timeout,reminder,True,15403.7
PAY008680,CUST00753,2026-05-06,369.87,netbanking,success,,no_action,False,0.0
PAY008681,CUST00477,2026-05-31,4102.3,netbanking,success,,no_action,False,0.0
PAY008682,CUST00466,2026-03-03,18147.44,netbanking,success,,no_action,False,0.0
PAY008683,CUST00908,2026-05-18,21019.1,wallet,success,,no_action,False,0.0
PAY008684,CUST00649,2026-07-30,17005.89,netbanking,success,,no_action,False,0.0
PAY008685,CUST00086,2026-06-29,4010.82,upi,success,,no_action,False,0.0
PAY008686,CUST00542,2026-06-08,11253.89,netbanking,success,,no_action,False,0.0
PAY008687,CUST00323,2026-04-21,22358.71,card,success,,no_action,False,0.0
PAY008688,CUST00199,2026-07-15,30847.8,netbanking,failed,insufficient_funds,payment_link,True,30847.8
PAY008689,CUST00179,2026-04-06,13249.06,card,success,,no_action,False,0.0
PAY008690,CUST00403,2026-05-04,18481.4,wallet,success,,no_action,False,0.0
PAY008691,CUST00458,2026-03-20,200.43,wallet,success,,no_action,False,0.0
PAY008692,CUST00972,2026-04-02,27455.48,wallet,success,,no_action,False,0.0
PAY008693,CUST00350,2026-04-16,31071.15,upi,failed,timeout,reminder,True,31071.15
PAY008694,CUST00863,2026-03-20,9265.81,netbanking,success,,no_action,False,0.0
PAY008695,CUST00487,2026-03-05,15120.7,wallet,failed,timeout,retry,True,15120.7
PAY008696,CUST00558,2026-07-17,3180.29,card,failed,timeout,reminder,False,0.0
PAY008697,CUST00956,2026-08-21,13699.65,card,success,,no_action,False,0.0
PAY008698,CUST00528,2026-03-18,1526.43,wallet,success,,no_action,False,0.0
PAY008699,CUST00110,2026-08-24,7479.41,card,success,,no_action,False,0.0
PAY008700,CUST00901,2026-05-18,21340.17,upi,success,,no_action,False,0.0
PAY008701,CUST00698,2026-03-23,804.53,wallet,success,,no_action,False,0.0
PAY008702,CUST00137,2026-06-09,9887.71,wallet,success,,no_action,False,0.0
PAY008703,CUST00529,2026-06-12,11881.96,card,failed,timeout,retry,False,0.0
PAY008704,CUST00922,2026-05-22,4038.62,wallet,failed,expired_card,reminder,True,4038.62
PAY008705,CUST00156,2026-03-01,2255.26,wallet,success,,no_action,False,0.0
PAY008706,CUST00463,2026-08-10,10401.75,card,failed,authentication_failed,payment_link,True,10401.75
PAY008707,CUST00444,2026-06-27,3410.87,netbanking,success,,no_action,False,0.0
PAY008708,CUST00908,2026-07-31,37989.77,upi,success,,no_action,False,0.0
PAY008709,CUST00861,2026-06-25,4117.87,netbanking,success,,no_action,False,0.0
PAY008710,CUST00299,2026-05-18,13868.45,upi,success,,no_action,False,0.0
PAY008711,CUST00471,2026-04-23,10966.36,wallet,success,,no_action,False,0.0
PAY008712,CUST00697,2026-08-05,2395.17,netbanking,success,,no_action,False,0.0
PAY008713,CUST00923,2026-06-28,13465.24,upi,failed,timeout,retry,True,13465.24
PAY008714,CUST00758,2026-08-18,16535.14,card,success,,no_action,False,0.0
PAY008715,CUST00742,2026-05-26,17316.94,card,failed,timeout,reminder,False,0.0
PAY008716,CUST00660,2026-08-06,11649.72,card,failed,network_error,reminder,False,0.0
PAY008717,CUST00756,2026-07-01,7753.51,netbanking,success,,no_action,False,0.0
PAY008718,CUST00155,2026-06-13,20783.19,netbanking,success,,no_action,False,0.0
PAY008719,CUST00078,2026-04-25,3392.0,netbanking,failed,timeout,reminder,False,0.0
PAY008720,CUST00824,2026-03-30,3776.12,netbanking,success,,no_action,False,0.0
PAY008721,CUST00947,2026-07-16,11113.94,card,success,,no_action,False,0.0
PAY008722,CUST00753,2026-08-23,374.95,card,success,,no_action,False,0.0
PAY008723,CUST00747,2026-07-23,15282.37,upi,success,,no_action,False,0.0
PAY008724,CUST00548,2026-03-19,413.85,card,success,,no_action,False,0.0
PAY008725,CUST00655,2026-07-21,14387.6,upi,success,,no_action,False,0.0
PAY008726,CUST00210,2026-06-17,2249.02,wallet,success,,no_action,False,0.0
PAY008727,CUST00541,2026-08-06,1251.06,wallet,success,,no_action,False,0.0
PAY008728,CUST00942,2026-04-04,23291.23,upi,success,,no_action,False,0.0
PAY008729,CUST00302,2026-04-03,23693.44,wallet,success,,no_action,False,0.0
PAY008730,CUST00097,2026-06-10,1083.41,wallet,failed,card_declined,payment_link,True,1083.41
PAY008731,CUST00293,2026-07-11,14972.47,upi,success,,no_action,False,0.0
PAY008732,CUST00242,2026-03-04,12989.6,netbanking,success,,no_action,False,0.0
PAY008733,CUST00619,2026-08-17,14496.86,netbanking,success,,no_action,False,0.0
PAY008734,CUST00173,2026-05-26,1330.08,card,success,,no_action,False,0.0
PAY008735,CUST00272,2026-04-19,1962.36,upi,success,,no_action,False,0.0
PAY008736,CUST00229,2026-04-14,2877.81,card,success,,no_action,False,0.0
PAY008737,CUST00346,2026-06-09,15040.3,wallet,success,,no_action,False,0.0
PAY008738,CUST00229,2026-03-24,2889.38,netbanking,success,,no_action,False,0.0
PAY008739,CUST00638,2026-06-25,1035.18,netbanking,success,,no_action,False,0.0
PAY008740,CUST00436,2026-03-31,14055.7,netbanking,success,,no_action,False,0.0
PAY008741,CUST00311,2026-04-12,23429.06,netbanking,failed,insufficient_funds,payment_link,True,23429.06
PAY008742,CUST00069,2026-06-24,10373.59,wallet,success,,no_action,False,0.0
PAY008743,CUST00107,2026-05-13,26460.64,upi,success,,no_action,False,0.0
PAY008744,CUST00336,2026-03-05,2921.3,netbanking,success,,no_action,False,0.0
PAY008745,CUST00729,2026-06-18,11144.88,card,success,,no_action,False,0.0
PAY008746,CUST00267,2026-03-09,3643.61,netbanking,success,,no_action,False,0.0
PAY008747,CUST00497,2026-03-27,11606.94,wallet,success,,no_action,False,0.0
PAY008748,CUST00232,2026-06-22,26582.94,upi,success,,no_action,False,0.0
PAY008749,CUST00447,2026-07-31,11568.63,upi,success,,no_action,False,0.0
PAY008750,CUST00294,2026-03-30,13832.64,upi,success,,no_action,False,0.0
PAY008751,CUST00943,2026-03-01,883.63,card,success,,no_action,False,0.0
PAY008752,CUST00680,2026-04-30,21621.97,upi,success,,no_action,False,0.0
PAY008753,CUST00317,2026-03-25,17519.85,netbanking,success,,no_action,False,0.0
PAY008754,CUST00827,2026-08-10,14973.86,netbanking,success,,no_action,False,0.0
PAY008755,CUST00785,2026-06-24,6680.77,card,success,,no_action,False,0.0
PAY008756,CUST00886,2026-08-14,11659.13,upi,success,,no_action,False,0.0
PAY008757,CUST00697,2026-05-09,2899.2,upi,failed,expired_card,payment_link,False,0.0
PAY008758,CUST00574,2026-04-01,6383.53,card,success,,no_action,False,0.0
PAY008759,CUST00470,2026-05-19,12933.61,wallet,failed,timeout,retry,True,12933.61
PAY008760,CUST00395,2026-07-30,5037.18,netbanking,success,,no_action,False,0.0
PAY008761,CUST00005,2026-06-30,26365.79,wallet,success,,no_action,False,0.0
PAY008762,CUST00584,2026-07-10,12109.73,netbanking,success,,no_action,False,0.0
PAY008763,CUST00003,2026-08-07,1220.45,upi,success,,no_action,False,0.0
PAY008764,CUST00046,2026-03-22,5017.08,wallet,success,,no_action,False,0.0
PAY008765,CUST00620,2026-08-22,10169.99,netbanking,success,,no_action,False,0.0
PAY008766,CUST00579,2026-05-01,781.97,upi,success,,no_action,False,0.0
PAY008767,CUST00330,2026-03-31,3274.78,netbanking,success,,no_action,False,0.0
PAY008768,CUST00538,2026-06-04,8117.77,card,failed,card_declined,reminder,True,8117.77
PAY008769,CUST00328,2026-07-24,2356.09,card,failed,authentication_failed,payment_link,True,2356.09
PAY008770,CUST00557,2026-03-28,12160.38,card,success,,no_action,False,0.0
PAY008771,CUST00884,2026-04-30,3109.46,card,success,,no_action,False,0.0
PAY008772,CUST00001,2026-04-16,3015.5,card,success,,no_action,False,0.0
PAY008773,CUST00468,2026-04-08,13294.85,wallet,failed,timeout,retry,True,13294.85
PAY008774,CUST00805,2026-04-15,6516.53,upi,success,,no_action,False,0.0
PAY008775,CUST00011,2026-04-10,2891.23,card,failed,network_error,retry,True,2891.23
PAY008776,CUST00963,2026-07-27,10632.53,upi,success,,no_action,False,0.0
PAY008777,CUST00479,2026-05-05,12103.64,upi,success,,no_action,False,0.0
PAY008778,CUST00071,2026-07-24,7550.3,netbanking,failed,timeout,reminder,True,7550.3
PAY008779,CUST00575,2026-04-01,18047.24,upi,success,,no_action,False,0.0
PAY008780,CUST00635,2026-04-06,10844.83,upi,failed,timeout,reminder,True,10844.83
PAY008781,CUST00679,2026-04-09,14322.98,upi,success,,no_action,False,0.0
PAY008782,CUST00721,2026-07-25,2735.71,wallet,success,,no_action,False,0.0
PAY008783,CUST00790,2026-05-26,22835.61,wallet,failed,expired_card,payment_link,False,0.0
PAY008784,CUST00624,2026-04-03,10093.05,card,success,,no_action,False,0.0
PAY008785,CUST00790,2026-07-10,17568.24,upi,success,,no_action,False,0.0
PAY008786,CUST00517,2026-04-05,14102.47,netbanking,success,,no_action,False,0.0
PAY008787,CUST00914,2026-08-10,4119.87,wallet,success,,no_action,False,0.0
PAY008788,CUST00529,2026-03-04,9308.22,card,failed,insufficient_funds,reminder,False,0.0
PAY008789,CUST00359,2026-03-02,2952.43,wallet,success,,no_action,False,0.0
PAY008790,CUST00715,2026-03-20,41595.12,upi,success,,no_action,False,0.0
PAY008791,CUST00279,2026-08-01,8877.22,card,failed,timeout,reminder,False,0.0
PAY008792,CUST00305,2026-07-20,2829.51,card,success,,no_action,False,0.0
PAY008793,CUST00336,2026-07-28,1809.64,card,success,,no_action,False,0.0
PAY008794,CUST00800,2026-05-04,16668.1,card,success,,no_action,False,0.0
PAY008795,CUST00945,2026-04-08,8753.55,card,success,,no_action,False,0.0
PAY008796,CUST00526,2026-07-08,16228.5,netbanking,success,,no_action,False,0.0
PAY008797,CUST00309,2026-03-09,7647.59,netbanking,success,,no_action,False,0.0
PAY008798,CUST00591,2026-07-17,10963.61,upi,success,,no_action,False,0.0
PAY008799,CUST00934,2026-07-02,4079.04,netbanking,failed,insufficient_funds,reminder,False,0.0
PAY008800,CUST00673,2026-08-14,6195.7,upi,failed,insufficient_funds,payment_link,True,6195.7
PAY008801,CUST00024,2026-07-03,4593.31,card,success,,no_action,False,0.0
PAY008802,CUST00293,2026-05-19,24029.53,upi,failed,timeout,retry,True,24029.53
PAY008803,CUST00458,2026-08-23,340.35,upi,success,,no_action,False,0.0
PAY008804,CUST00778,2026-08-24,952.77,netbanking,failed,network_error,reminder,True,952.77
PAY008805,CUST00705,2026-05-23,14596.62,card,success,,no_action,False,0.0
PAY008806,CUST00712,2026-04-21,12002.27,card,success,,no_action,False,0.0
PAY008807,CUST00390,2026-08-10,2611.69,upi,success,,no_action,False,0.0
PAY008808,CUST00700,2026-04-01,1225.15,netbanking,failed,timeout,reminder,True,1225.15
PAY008809,CUST00997,2026-08-11,1032.82,card,success,,no_action,False,0.0
PAY008810,CUST00460,2026-05-05,29690.03,upi,success,,no_action,False,0.0
PAY008811,CUST00800,2026-04-07,11835.44,netbanking,failed,network_error,reminder,True,11835.44
PAY008812,CUST00858,2026-06-30,1636.99,netbanking,success,,no_action,False,0.0
PAY008813,CUST00296,2026-06-18,3812.58,card,failed,authentication_failed,payment_link,True,3812.58
PAY008814,CUST00136,2026-08-17,27937.99,card,failed,insufficient_funds,payment_link,False,0.0
PAY008815,CUST00059,2026-08-09,20278.4,wallet,success,,no_action,False,0.0
PAY008816,CUST00472,2026-08-17,3440.27,netbanking,success,,no_action,False,0.0
PAY008817,CUST00083,2026-04-06,9835.06,upi,success,,no_action,False,0.0
PAY008818,CUST00161,2026-07-20,13302.32,upi,success,,no_action,False,0.0
PAY008819,CUST00489,2026-08-12,10852.69,upi,failed,network_error,payment_link,False,0.0
PAY008820,CUST00769,2026-06-28,6758.35,upi,success,,no_action,False,0.0
PAY008821,CUST00388,2026-05-21,13504.39,netbanking,success,,no_action,False,0.0
PAY008822,CUST00522,2026-06-04,6082.12,wallet,success,,no_action,False,0.0
PAY008823,CUST00898,2026-05-05,23869.5,wallet,success,,no_action,False,0.0
PAY008824,CUST00991,2026-08-13,3986.88,wallet,success,,no_action,False,0.0
PAY008825,CUST00411,2026-03-09,11112.94,wallet,success,,no_action,False,0.0
PAY008826,CUST00053,2026-05-27,12875.57,card,success,,no_action,False,0.0
PAY008827,CUST00268,2026-06-19,9699.02,upi,success,,no_action,False,0.0
PAY008828,CUST00637,2026-05-04,8637.34,netbanking,success,,no_action,False,0.0
PAY008829,CUST00651,2026-05-10,12456.23,netbanking,success,,no_action,False,0.0
PAY008830,CUST00838,2026-05-16,1629.15,card,success,,no_action,False,0.0
PAY008831,CUST00381,2026-04-17,10982.76,wallet,success,,no_action,False,0.0
PAY008832,CUST00494,2026-05-22,2022.42,card,success,,no_action,False,0.0
PAY008833,CUST00665,2026-08-10,12355.57,card,success,,no_action,False,0.0
PAY008834,CUST00124,2026-06-18,2546.78,upi,success,,no_action,False,0.0
PAY008835,CUST00877,2026-05-08,5022.54,netbanking,success,,no_action,False,0.0
PAY008836,CUST00168,2026-03-24,10391.12,upi,success,,no_action,False,0.0
PAY008837,CUST00682,2026-08-02,4350.23,upi,success,,no_action,False,0.0
PAY008838,CUST00684,2026-06-24,26985.31,wallet,success,,no_action,False,0.0
PAY008839,CUST00737,2026-06-02,8130.0,card,success,,no_action,False,0.0
PAY008840,CUST00453,2026-04-16,16083.45,wallet,success,,no_action,False,0.0
PAY008841,CUST00389,2026-07-09,6784.73,card,success,,no_action,False,0.0
PAY008842,CUST00340,2026-05-03,5189.15,upi,success,,no_action,False,0.0
PAY008843,CUST00229,2026-07-30,2483.09,netbanking,success,,no_action,False,0.0
PAY008844,CUST00211,2026-07-08,9834.14,netbanking,failed,network_error,retry,True,9834.14
PAY008845,CUST00547,2026-08-06,201.3,wallet,success,,no_action,False,0.0
PAY008846,CUST00756,2026-07-10,5738.16,card,success,,no_action,False,0.0
PAY008847,CUST00682,2026-03-12,2421.26,netbanking,failed,expired_card,payment_link,True,2421.26
PAY008848,CUST00553,2026-08-03,1866.15,netbanking,success,,no_action,False,0.0
PAY008849,CUST00425,2026-03-07,14258.21,card,failed,network_error,retry,True,14258.21
PAY008850,CUST00656,2026-04-01,16518.13,card,failed,card_declined,payment_link,False,0.0
PAY008851,CUST00430,2026-04-02,11898.37,wallet,success,,no_action,False,0.0
PAY008852,CUST00929,2026-06-19,17221.81,netbanking,failed,authentication_failed,payment_link,True,17221.81
PAY008853,CUST00434,2026-06-12,6196.75,card,success,,no_action,False,0.0
PAY008854,CUST00529,2026-07-02,8256.38,card,success,,no_action,False,0.0
PAY008855,CUST00531,2026-08-22,13212.79,card,success,,no_action,False,0.0
PAY008856,CUST00707,2026-05-15,50000.0,upi,success,,no_action,False,0.0
PAY008857,CUST00112,2026-04-11,35128.76,netbanking,success,,no_action,False,0.0
PAY008858,CUST00207,2026-08-22,13544.76,upi,success,,no_action,False,0.0
PAY008859,CUST00529,2026-07-03,13721.4,netbanking,success,,no_action,False,0.0
PAY008860,CUST00080,2026-06-25,35454.98,card,failed,card_declined,reminder,False,0.0
PAY008861,CUST00277,2026-04-18,18327.11,netbanking,failed,authentication_failed,reminder,False,0.0
PAY008862,CUST00138,2026-06-24,4672.88,wallet,failed,card_declined,payment_link,True,4672.88
PAY008863,CUST00263,2026-03-17,11796.95,upi,success,,no_action,False,0.0
PAY008864,CUST00046,2026-08-06,2329.33,wallet,success,,no_action,False,0.0
PAY008865,CUST00874,2026-04-20,5834.57,netbanking,success,,no_action,False,0.0
PAY008866,CUST00287,2026-08-11,7667.85,wallet,success,,no_action,False,0.0
PAY008867,CUST00990,2026-05-30,11815.4,upi,success,,no_action,False,0.0
PAY008868,CUST00408,2026-06-09,17033.08,netbanking,success,,no_action,False,0.0
PAY008869,CUST00654,2026-04-10,7735.48,wallet,success,,no_action,False,0.0
PAY008870,CUST00339,2026-03-20,16896.49,upi,success,,no_action,False,0.0
PAY008871,CUST00276,2026-08-11,6211.8,upi,failed,insufficient_funds,reminder,True,6211.8
PAY008872,CUST00203,2026-08-13,3618.82,wallet,failed,expired_card,payment_link,True,3618.82
PAY008873,CUST00320,2026-04-03,2611.87,card,success,,no_action,False,0.0
PAY008874,CUST00842,2026-08-12,4698.52,upi,success,,no_action,False,0.0
PAY008875,CUST00482,2026-05-29,22203.99,card,success,,no_action,False,0.0
PAY008876,CUST00823,2026-06-09,1692.58,upi,success,,no_action,False,0.0
PAY008877,CUST00917,2026-02-27,15463.98,upi,success,,no_action,False,0.0
PAY008878,CUST00273,2026-07-30,15524.03,netbanking,success,,no_action,False,0.0
PAY008879,CUST00139,2026-03-11,5238.45,upi,success,,no_action,False,0.0
PAY008880,CUST00519,2026-06-01,1607.18,wallet,success,,no_action,False,0.0
PAY008881,CUST00429,2026-05-30,1837.72,upi,success,,no_action,False,0.0
PAY008882,CUST00973,2026-07-06,1588.31,netbanking,success,,no_action,False,0.0
PAY008883,CUST00380,2026-04-20,3293.09,upi,success,,no_action,False,0.0
PAY008884,CUST00628,2026-06-05,10994.97,wallet,success,,no_action,False,0.0
PAY008885,CUST00594,2026-07-01,2744.63,netbanking,success,,no_action,False,0.0
PAY008886,CUST00729,2026-02-26,12982.02,upi,failed,card_declined,reminder,False,0.0
PAY008887,CUST00472,2026-06-05,2045.99,upi,success,,no_action,False,0.0
PAY008888,CUST00001,2026-05-01,2098.11,netbanking,success,,no_action,False,0.0
PAY008889,CUST00467,2026-05-17,13034.25,card,success,,no_action,False,0.0
PAY008890,CUST00016,2026-06-06,15826.82,netbanking,success,,no_action,False,0.0
PAY008891,CUST00356,2026-05-19,15805.23,card,success,,no_action,False,0.0
PAY008892,CUST00548,2026-04-01,200.0,wallet,failed,network_error,reminder,False,0.0
PAY008893,CUST00168,2026-03-02,15544.99,card,success,,no_action,False,0.0
PAY008894,CUST00063,2026-03-14,12980.98,wallet,success,,no_action,False,0.0
PAY008895,CUST00588,2026-03-23,15416.75,wallet,failed,network_error,reminder,False,0.0
PAY008896,CUST00757,2026-04-28,8155.98,upi,success,,no_action,False,0.0
PAY008897,CUST00349,2026-03-10,7496.52,card,failed,timeout,retry,True,7496.52
PAY008898,CUST01000,2026-03-25,3523.73,upi,success,,no_action,False,0.0
PAY008899,CUST00137,2026-03-28,14703.1,wallet,success,,no_action,False,0.0
PAY008900,CUST00277,2026-05-21,14366.51,card,failed,card_declined,payment_link,False,0.0
PAY008901,CUST00306,2026-04-28,9617.25,upi,success,,no_action,False,0.0
PAY008902,CUST00023,2026-03-31,4423.08,upi,success,,no_action,False,0.0
PAY008903,CUST00793,2026-06-20,4875.36,card,success,,no_action,False,0.0
PAY008904,CUST00540,2026-08-17,1303.34,upi,success,,no_action,False,0.0
PAY008905,CUST00165,2026-07-01,14815.92,card,success,,no_action,False,0.0
PAY008906,CUST00581,2026-04-26,28159.36,card,success,,no_action,False,0.0
PAY008907,CUST00344,2026-06-30,1624.58,netbanking,failed,insufficient_funds,reminder,True,1624.58
PAY008908,CUST00421,2026-08-23,8288.01,upi,success,,no_action,False,0.0
PAY008909,CUST00532,2026-07-13,5332.05,wallet,success,,no_action,False,0.0
PAY008910,CUST00772,2026-05-29,26628.68,wallet,success,,no_action,False,0.0
PAY008911,CUST00221,2026-02-26,3705.18,card,success,,no_action,False,0.0
PAY008912,CUST00658,2026-03-11,31692.3,wallet,success,,no_action,False,0.0
PAY008913,CUST00402,2026-06-30,15903.57,wallet,success,,no_action,False,0.0
PAY008914,CUST00972,2026-06-14,33835.9,upi,failed,timeout,retry,False,0.0
PAY008915,CUST00482,2026-04-17,22330.87,card,success,,no_action,False,0.0
PAY008916,CUST00440,2026-05-11,7878.57,upi,success,,no_action,False,0.0
PAY008917,CUST00329,2026-04-13,6847.84,wallet,failed,network_error,payment_link,True,6847.84
PAY008918,CUST00708,2026-07-04,4333.1,netbanking,success,,no_action,False,0.0
PAY008919,CUST00160,2026-04-08,2495.41,upi,success,,no_action,False,0.0
PAY008920,CUST00969,2026-03-19,12852.94,upi,success,,no_action,False,0.0
PAY008921,CUST00202,2026-04-22,1203.93,upi,success,,no_action,False,0.0
PAY008922,CUST00346,2026-06-30,17675.42,card,success,,no_action,False,0.0
PAY008923,CUST00698,2026-08-20,976.13,netbanking,failed,insufficient_funds,payment_link,False,0.0
PAY008924,CUST00099,2026-04-10,9379.26,netbanking,success,,no_action,False,0.0
PAY008925,CUST00319,2026-05-31,7195.73,upi,success,,no_action,False,0.0
PAY008926,CUST00398,2026-08-10,16649.54,wallet,failed,authentication_failed,reminder,False,0.0
PAY008927,CUST00581,2026-06-12,25707.88,netbanking,success,,no_action,False,0.0
PAY008928,CUST00931,2026-08-02,8013.14,upi,success,,no_action,False,0.0
PAY008929,CUST00709,2026-05-27,17965.6,wallet,success,,no_action,False,0.0
PAY008930,CUST00946,2026-04-26,18307.54,upi,failed,authentication_failed,payment_link,False,0.0
PAY008931,CUST00213,2026-08-01,640.94,netbanking,failed,insufficient_funds,reminder,False,0.0
PAY008932,CUST00023,2026-03-06,2636.15,netbanking,success,,no_action,False,0.0
PAY008933,CUST00594,2026-05-25,2517.43,wallet,success,,no_action,False,0.0
PAY008934,CUST00061,2026-06-28,658.47,upi,success,,no_action,False,0.0
PAY008935,CUST00133,2026-06-29,20715.97,upi,success,,no_action,False,0.0
PAY008936,CUST00005,2026-07-30,36962.65,wallet,failed,insufficient_funds,payment_link,True,36962.65
PAY008937,CUST00833,2026-05-09,14176.14,wallet,success,,no_action,False,0.0
PAY008938,CUST00478,2026-08-03,2697.08,netbanking,success,,no_action,False,0.0
PAY008939,CUST00101,2026-06-03,21346.93,netbanking,success,,no_action,False,0.0
PAY008940,CUST00891,2026-08-08,7412.88,netbanking,success,,no_action,False,0.0
PAY008941,CUST00790,2026-08-14,15059.58,upi,success,,no_action,False,0.0
PAY008942,CUST00001,2026-03-31,3434.16,upi,success,,no_action,False,0.0
PAY008943,CUST00694,2026-03-24,16863.37,netbanking,success,,no_action,False,0.0
PAY008944,CUST00816,2026-05-31,1257.87,card,failed,insufficient_funds,payment_link,False,0.0
PAY008945,CUST00364,2026-06-10,21888.38,netbanking,failed,card_declined,payment_link,True,21888.38
PAY008946,CUST00457,2026-08-10,9342.09,wallet,failed,authentication_failed,reminder,True,9342.09
PAY008947,CUST00957,2026-06-29,4258.98,card,failed,authentication_failed,payment_link,True,4258.98
PAY008948,CUST00037,2026-05-05,12531.01,upi,success,,no_action,False,0.0
PAY008949,CUST00175,2026-04-06,12664.4,netbanking,success,,no_action,False,0.0
PAY008950,CUST00025,2026-04-24,3184.95,wallet,success,,no_action,False,0.0
PAY008951,CUST00144,2026-08-23,6878.57,netbanking,failed,expired_card,payment_link,False,0.0
PAY008952,CUST00682,2026-05-25,3319.81,upi,success,,no_action,False,0.0
PAY008953,CUST00153,2026-05-22,12875.56,upi,failed,insufficient_funds,payment_link,False,0.0
PAY008954,CUST00693,2026-08-11,7872.71,wallet,success,,no_action,False,0.0
PAY008955,CUST00933,2026-03-17,3345.4,netbanking,success,,no_action,False,0.0
PAY008956,CUST00766,2026-05-30,17057.46,upi,success,,no_action,False,0.0
PAY008957,CUST00168,2026-05-09,14011.89,netbanking,success,,no_action,False,0.0
PAY008958,CUST00449,2026-06-18,10180.45,wallet,success,,no_action,False,0.0
PAY008959,CUST00667,2026-06-11,1631.17,netbanking,success,,no_action,False,0.0
PAY008960,CUST00643,2026-08-13,16663.65,upi,success,,no_action,False,0.0
PAY008961,CUST00755,2026-04-01,10203.7,card,failed,timeout,reminder,True,10203.7
PAY008962,CUST00302,2026-02-28,21668.47,netbanking,success,,no_action,False,0.0
PAY008963,CUST00381,2026-07-06,5383.01,upi,success,,no_action,False,0.0
PAY008964,CUST00494,2026-08-12,2362.6,netbanking,success,,no_action,False,0.0
PAY008965,CUST00021,2026-08-13,18680.7,card,success,,no_action,False,0.0
PAY008966,CUST00993,2026-08-23,4204.18,card,success,,no_action,False,0.0
PAY008967,CUST00197,2026-05-09,2329.1,netbanking,failed,card_declined,reminder,False,0.0
PAY008968,CUST00583,2026-06-12,6036.09,upi,success,,no_action,False,0.0
PAY008969,CUST00297,2026-06-23,4877.79,upi,success,,no_action,False,0.0
PAY008970,CUST00042,2026-04-19,12846.72,netbanking,success,,no_action,False,0.0
PAY008971,CUST00077,2026-05-30,21954.39,card,success,,no_action,False,0.0
PAY008972,CUST00746,2026-03-07,13260.39,wallet,success,,no_action,False,0.0
PAY008973,CUST00397,2026-05-05,9659.69,wallet,failed,expired_card,payment_link,True,9659.69
PAY008974,CUST00119,2026-05-25,459.0,netbanking,success,,no_action,False,0.0
PAY008975,CUST00960,2026-03-31,13899.86,netbanking,success,,no_action,False,0.0
PAY008976,CUST00954,2026-08-20,14560.16,wallet,success,,no_action,False,0.0
PAY008977,CUST00160,2026-05-22,2943.85,wallet,success,,no_action,False,0.0
PAY008978,CUST00126,2026-06-17,3966.6,card,success,,no_action,False,0.0
PAY008979,CUST00179,2026-05-31,12996.06,card,success,,no_action,False,0.0
PAY008980,CUST00632,2026-03-07,15910.25,upi,success,,no_action,False,0.0
PAY008981,CUST00403,2026-05-02,25918.99,netbanking,success,,no_action,False,0.0
PAY008982,CUST00977,2026-05-18,5619.45,wallet,success,,no_action,False,0.0
PAY008983,CUST00357,2026-07-03,10237.16,card,success,,no_action,False,0.0
PAY008984,CUST00919,2026-02-27,18679.04,card,success,,no_action,False,0.0
PAY008985,CUST00450,2026-04-12,15454.55,netbanking,success,,no_action,False,0.0
PAY008986,CUST00308,2026-06-17,38332.18,card,success,,no_action,False,0.0
PAY008987,CUST00737,2026-03-30,7256.95,wallet,success,,no_action,False,0.0
PAY008988,CUST00326,2026-08-17,5029.43,upi,failed,network_error,reminder,True,5029.43
PAY008989,CUST00016,2026-07-27,25933.41,upi,success,,no_action,False,0.0
PAY008990,CUST00101,2026-03-04,17820.09,netbanking,success,,no_action,False,0.0
PAY008991,CUST00831,2026-08-04,8603.96,card,success,,no_action,False,0.0
PAY008992,CUST00463,2026-08-24,8922.91,card,failed,authentication_failed,payment_link,True,8922.91
PAY008993,CUST00866,2026-05-22,11621.22,wallet,failed,expired_card,reminder,True,11621.22
PAY008994,CUST00728,2026-05-28,9111.43,netbanking,success,,no_action,False,0.0
PAY008995,CUST00272,2026-05-03,1933.37,netbanking,failed,card_declined,payment_link,True,1933.37
PAY008996,CUST00661,2026-07-12,8267.78,upi,success,,no_action,False,0.0
PAY008997,CUST00960,2026-03-19,10061.41,wallet,failed,expired_card,payment_link,False,0.0
PAY008998,CUST00039,2026-04-10,1568.06,netbanking,success,,no_action,False,0.0
PAY008999,CUST00580,2026-05-06,16007.78,wallet,success,,no_action,False,0.0
PAY009000,CUST00194,2026-08-03,18833.8,card,failed,network_error,reminder,True,18833.8
PAY009001,CUST00530,2026-02-28,7270.85,wallet,success,,no_action,False,0.0
PAY009002,CUST00506,2026-04-01,10363.09,card,success,,no_action,False,0.0
PAY009003,CUST00258,2026-03-19,31400.37,upi,success,,no_action,False,0.0
PAY009004,CUST00734,2026-03-22,10328.48,upi,success,,no_action,False,0.0
PAY009005,CUST00364,2026-06-16,18151.58,upi,success,,no_action,False,0.0
PAY009006,CUST00395,2026-03-02,5184.99,card,failed,network_error,retry,True,5184.99
PAY009007,CUST00085,2026-05-20,2384.46,upi,success,,no_action,False,0.0
PAY009008,CUST00752,2026-06-08,27918.54,card,failed,network_error,reminder,True,27918.54
PAY009009,CUST00060,2026-03-20,17952.86,wallet,failed,network_error,retry,True,17952.86
PAY009010,CUST00872,2026-02-26,3108.03,card,success,,no_action,False,0.0
PAY009011,CUST00690,2026-08-16,18960.29,upi,success,,no_action,False,0.0
PAY009012,CUST00969,2026-06-29,12377.59,wallet,success,,no_action,False,0.0
PAY009013,CUST00222,2026-04-19,15577.93,wallet,success,,no_action,False,0.0
PAY009014,CUST00224,2026-06-06,13381.49,netbanking,success,,no_action,False,0.0
PAY009015,CUST00720,2026-05-24,2992.13,wallet,success,,no_action,False,0.0
PAY009016,CUST00363,2026-03-04,4908.48,card,success,,no_action,False,0.0
PAY009017,CUST00665,2026-03-11,17783.13,card,success,,no_action,False,0.0
PAY009018,CUST00562,2026-08-05,19338.92,upi,success,,no_action,False,0.0
PAY009019,CUST00637,2026-05-31,8081.18,card,success,,no_action,False,0.0
PAY009020,CUST00913,2026-05-16,17701.69,wallet,success,,no_action,False,0.0
PAY009021,CUST00820,2026-06-12,5540.28,netbanking,failed,card_declined,payment_link,True,5540.28
PAY009022,CUST00068,2026-03-01,22192.81,wallet,success,,no_action,False,0.0
PAY009023,CUST00716,2026-03-21,19392.8,card,success,,no_action,False,0.0
PAY009024,CUST00596,2026-07-05,16924.68,card,success,,no_action,False,0.0
PAY009025,CUST00113,2026-07-09,3934.77,upi,success,,no_action,False,0.0
PAY009026,CUST00270,2026-03-21,2197.97,card,success,,no_action,False,0.0
PAY009027,CUST00461,2026-05-22,7010.16,card,failed,network_error,retry,True,7010.16
PAY009028,CUST00381,2026-05-08,8839.44,card,failed,timeout,retry,True,8839.44
PAY009029,CUST00193,2026-03-24,487.74,upi,success,,no_action,False,0.0
PAY009030,CUST00341,2026-08-15,12758.28,wallet,success,,no_action,False,0.0
PAY009031,CUST00881,2026-07-13,8044.15,netbanking,success,,no_action,False,0.0
PAY009032,CUST00254,2026-04-17,1749.21,wallet,success,,no_action,False,0.0
PAY009033,CUST00970,2026-06-15,2744.5,wallet,success,,no_action,False,0.0
PAY009034,CUST00453,2026-04-19,12352.32,netbanking,failed,network_error,reminder,False,0.0
PAY009035,CUST00791,2026-08-14,22285.91,netbanking,success,,no_action,False,0.0
PAY009036,CUST00716,2026-07-29,5222.86,wallet,success,,no_action,False,0.0
PAY009037,CUST00957,2026-06-23,5365.69,card,success,,no_action,False,0.0
PAY009038,CUST00559,2026-07-02,4922.0,card,failed,timeout,retry,True,4922.0
PAY009039,CUST00553,2026-04-03,1830.48,card,success,,no_action,False,0.0
PAY009040,CUST00822,2026-04-28,2715.38,card,success,,no_action,False,0.0
PAY009041,CUST00264,2026-08-20,28436.29,wallet,success,,no_action,False,0.0
PAY009042,CUST00630,2026-05-25,1225.27,card,success,,no_action,False,0.0
PAY009043,CUST00501,2026-06-08,5972.37,netbanking,success,,no_action,False,0.0
PAY009044,CUST00409,2026-07-03,3349.37,card,success,,no_action,False,0.0
PAY009045,CUST00902,2026-07-27,1813.32,card,success,,no_action,False,0.0
PAY009046,CUST00296,2026-06-17,5386.17,wallet,success,,no_action,False,0.0
PAY009047,CUST00982,2026-06-19,9497.47,upi,failed,timeout,reminder,False,0.0
PAY009048,CUST00136,2026-05-24,23257.52,wallet,success,,no_action,False,0.0
PAY009049,CUST00276,2026-06-03,9881.99,card,success,,no_action,False,0.0
PAY009050,CUST00020,2026-05-14,1809.29,upi,success,,no_action,False,0.0
PAY009051,CUST00872,2026-03-21,4430.19,netbanking,success,,no_action,False,0.0
PAY009052,CUST00725,2026-07-05,18262.93,netbanking,success,,no_action,False,0.0
PAY009053,CUST00828,2026-05-07,10093.49,upi,failed,timeout,retry,True,10093.49
PAY009054,CUST00361,2026-04-12,7353.11,upi,failed,insufficient_funds,payment_link,False,0.0
PAY009055,CUST00239,2026-08-08,12610.82,wallet,success,,no_action,False,0.0
PAY009056,CUST00312,2026-04-24,522.34,netbanking,success,,no_action,False,0.0
PAY009057,CUST00686,2026-08-09,16029.91,upi,success,,no_action,False,0.0
PAY009058,CUST00662,2026-06-18,1303.72,card,failed,insufficient_funds,payment_link,True,1303.72
PAY009059,CUST00348,2026-04-22,11581.85,netbanking,success,,no_action,False,0.0
PAY009060,CUST00108,2026-04-13,17592.98,upi,success,,no_action,False,0.0
PAY009061,CUST00728,2026-07-13,10408.71,netbanking,failed,card_declined,reminder,True,10408.71
PAY009062,CUST00960,2026-04-18,10885.93,netbanking,success,,no_action,False,0.0
PAY009063,CUST00303,2026-04-07,2091.93,card,success,,no_action,False,0.0
PAY009064,CUST00115,2026-02-27,29283.14,wallet,success,,no_action,False,0.0
PAY009065,CUST00841,2026-06-02,8489.13,card,success,,no_action,False,0.0
PAY009066,CUST00969,2026-07-05,10951.51,wallet,success,,no_action,False,0.0
PAY009067,CUST00907,2026-03-31,4402.29,upi,success,,no_action,False,0.0
PAY009068,CUST00753,2026-05-29,489.23,netbanking,success,,no_action,False,0.0
PAY009069,CUST00566,2026-08-08,5290.01,netbanking,success,,no_action,False,0.0
PAY009070,CUST00939,2026-05-13,28735.71,card,success,,no_action,False,0.0
PAY009071,CUST00740,2026-07-10,12461.04,upi,failed,authentication_failed,payment_link,True,12461.04
PAY009072,CUST00905,2026-06-02,6666.25,upi,success,,no_action,False,0.0
PAY009073,CUST00972,2026-05-02,30304.41,card,success,,no_action,False,0.0
PAY009074,CUST00302,2026-06-09,19892.59,wallet,failed,card_declined,reminder,True,19892.59
PAY009075,CUST00813,2026-04-18,27446.89,upi,failed,expired_card,payment_link,False,0.0
PAY009076,CUST00023,2026-07-29,4385.79,wallet,success,,no_action,False,0.0
PAY009077,CUST00818,2026-08-23,8617.03,netbanking,success,,no_action,False,0.0
PAY009078,CUST00509,2026-07-07,886.09,wallet,failed,insufficient_funds,payment_link,True,886.09
PAY009079,CUST00728,2026-03-16,11379.45,upi,failed,expired_card,reminder,False,0.0
PAY009080,CUST00184,2026-08-10,7982.95,upi,success,,no_action,False,0.0
PAY009081,CUST00762,2026-04-18,13651.12,card,success,,no_action,False,0.0
PAY009082,CUST00798,2026-03-25,2763.63,wallet,success,,no_action,False,0.0
PAY009083,CUST00312,2026-05-26,386.04,netbanking,success,,no_action,False,0.0
PAY009084,CUST00025,2026-05-15,3514.99,wallet,success,,no_action,False,0.0
PAY009085,CUST00228,2026-08-17,11328.42,upi,success,,no_action,False,0.0
PAY009086,CUST00061,2026-06-15,770.43,card,success,,no_action,False,0.0
PAY009087,CUST00458,2026-05-19,214.98,card,success,,no_action,False,0.0
PAY009088,CUST00195,2026-08-08,28219.17,netbanking,success,,no_action,False,0.0
PAY009089,CUST00648,2026-06-06,10859.57,card,success,,no_action,False,0.0
PAY009090,CUST00880,2026-06-05,10986.9,wallet,success,,no_action,False,0.0
PAY009091,CUST00070,2026-05-28,7369.62,wallet,success,,no_action,False,0.0
PAY009092,CUST00783,2026-04-24,2801.55,card,success,,no_action,False,0.0
PAY009093,CUST00154,2026-07-06,6871.39,card,success,,no_action,False,0.0
PAY009094,CUST00903,2026-06-12,4984.59,upi,failed,expired_card,payment_link,True,4984.59
PAY009095,CUST00309,2026-08-19,9923.05,upi,success,,no_action,False,0.0
PAY009096,CUST00371,2026-03-13,10452.37,wallet,success,,no_action,False,0.0
PAY009097,CUST00781,2026-07-02,2948.5,wallet,success,,no_action,False,0.0
PAY009098,CUST00686,2026-03-04,21260.6,netbanking,failed,authentication_failed,reminder,True,21260.6
PAY009099,CUST00920,2026-08-18,20790.48,upi,success,,no_action,False,0.0
PAY009100,CUST00524,2026-07-29,12114.79,upi,failed,timeout,reminder,True,12114.79
PAY009101,CUST00671,2026-08-05,8665.65,wallet,success,,no_action,False,0.0
PAY009102,CUST00827,2026-06-03,9397.2,wallet,success,,no_action,False,0.0
PAY009103,CUST00337,2026-06-26,7599.32,netbanking,success,,no_action,False,0.0
PAY009104,CUST00781,2026-03-27,4117.14,card,success,,no_action,False,0.0
PAY009105,CUST00908,2026-04-08,23877.29,card,failed,authentication_failed,reminder,False,0.0
PAY009106,CUST00429,2026-08-10,5342.99,netbanking,success,,no_action,False,0.0
PAY009107,CUST00791,2026-06-05,14206.26,upi,failed,network_error,reminder,True,14206.26
PAY009108,CUST00184,2026-05-01,18076.76,wallet,success,,no_action,False,0.0
PAY009109,CUST00350,2026-07-06,22129.05,upi,failed,authentication_failed,reminder,True,22129.05
PAY009110,CUST00775,2026-05-29,16862.18,upi,success,,no_action,False,0.0
PAY009111,CUST00636,2026-04-10,3789.97,netbanking,success,,no_action,False,0.0
PAY009112,CUST00186,2026-05-21,908.86,card,failed,expired_card,reminder,True,908.86
PAY009113,CUST00264,2026-08-23,25682.39,wallet,success,,no_action,False,0.0
PAY009114,CUST00206,2026-07-19,8522.45,card,success,,no_action,False,0.0
PAY009115,CUST00747,2026-03-13,13807.8,upi,success,,no_action,False,0.0
PAY009116,CUST00280,2026-05-21,4669.05,upi,success,,no_action,False,0.0
PAY009117,CUST00927,2026-05-27,19591.25,wallet,success,,no_action,False,0.0
PAY009118,CUST00788,2026-08-11,4620.1,upi,success,,no_action,False,0.0
PAY009119,CUST00797,2026-05-16,18232.67,wallet,failed,card_declined,payment_link,True,18232.67
PAY009120,CUST00277,2026-05-03,18507.37,upi,failed,insufficient_funds,payment_link,True,18507.37
PAY009121,CUST00840,2026-07-07,38144.81,netbanking,success,,no_action,False,0.0
PAY009122,CUST00538,2026-08-05,4565.52,wallet,success,,no_action,False,0.0
PAY009123,CUST00635,2026-06-21,9774.84,card,success,,no_action,False,0.0
PAY009124,CUST00411,2026-05-02,9653.49,upi,success,,no_action,False,0.0
PAY009125,CUST00961,2026-06-25,15562.35,netbanking,success,,no_action,False,0.0
PAY009126,CUST00107,2026-07-16,18674.13,card,success,,no_action,False,0.0
PAY009127,CUST00468,2026-06-10,23972.74,card,success,,no_action,False,0.0
PAY009128,CUST00126,2026-07-01,4972.64,wallet,success,,no_action,False,0.0
PAY009129,CUST00217,2026-07-11,2159.89,card,success,,no_action,False,0.0
PAY009130,CUST00740,2026-05-11,16509.77,wallet,success,,no_action,False,0.0
PAY009131,CUST00021,2026-03-28,11364.26,card,success,,no_action,False,0.0
PAY009132,CUST00408,2026-03-28,4030.44,wallet,success,,no_action,False,0.0
PAY009133,CUST00435,2026-07-23,12388.88,wallet,failed,authentication_failed,payment_link,False,0.0
PAY009134,CUST00659,2026-06-06,13732.3,wallet,success,,no_action,False,0.0
PAY009135,CUST00177,2026-06-24,5619.22,upi,success,,no_action,False,0.0
PAY009136,CUST00584,2026-07-02,12900.27,upi,success,,no_action,False,0.0
PAY009137,CUST00415,2026-08-20,4251.46,wallet,success,,no_action,False,0.0
PAY009138,CUST00467,2026-06-19,5325.37,card,success,,no_action,False,0.0
PAY009139,CUST00095,2026-04-03,7067.84,netbanking,success,,no_action,False,0.0
PAY009140,CUST00342,2026-08-22,1785.86,wallet,success,,no_action,False,0.0
PAY009141,CUST00177,2026-03-12,5608.89,upi,success,,no_action,False,0.0
PAY009142,CUST00027,2026-03-15,7040.12,upi,success,,no_action,False,0.0
PAY009143,CUST00229,2026-05-10,3008.36,netbanking,success,,no_action,False,0.0
PAY009144,CUST00490,2026-07-08,21393.44,card,failed,expired_card,reminder,False,0.0
PAY009145,CUST00191,2026-05-22,19897.21,card,success,,no_action,False,0.0
PAY009146,CUST00087,2026-07-30,6890.18,wallet,success,,no_action,False,0.0
PAY009147,CUST00992,2026-08-12,2476.15,wallet,success,,no_action,False,0.0
PAY009148,CUST00438,2026-03-27,24983.02,upi,success,,no_action,False,0.0
PAY009149,CUST00215,2026-07-17,29605.51,netbanking,success,,no_action,False,0.0
PAY009150,CUST00202,2026-05-12,4790.05,upi,success,,no_action,False,0.0
PAY009151,CUST00166,2026-04-11,276.88,upi,failed,card_declined,payment_link,True,276.88
PAY009152,CUST00835,2026-04-08,19329.45,card,success,,no_action,False,0.0
PAY009153,CUST00346,2026-07-28,25457.86,wallet,success,,no_action,False,0.0
PAY009154,CUST00071,2026-08-16,5154.55,netbanking,success,,no_action,False,0.0
PAY009155,CUST00620,2026-04-26,9674.25,wallet,success,,no_action,False,0.0
PAY009156,CUST00098,2026-06-15,8118.04,wallet,success,,no_action,False,0.0
PAY009157,CUST00546,2026-03-15,11351.95,upi,success,,no_action,False,0.0
PAY009158,CUST00921,2026-05-31,13268.67,netbanking,failed,card_declined,payment_link,True,13268.67
PAY009159,CUST00398,2026-08-20,17605.23,wallet,failed,authentication_failed,payment_link,True,17605.23
PAY009160,CUST00823,2026-06-16,648.3,upi,success,,no_action,False,0.0
PAY009161,CUST00241,2026-07-24,200.0,netbanking,failed,expired_card,reminder,False,0.0
PAY009162,CUST00520,2026-06-09,9045.45,card,success,,no_action,False,0.0
PAY009163,CUST00954,2026-08-07,19252.85,wallet,failed,card_declined,payment_link,False,0.0
PAY009164,CUST00028,2026-03-03,17035.84,wallet,success,,no_action,False,0.0
PAY009165,CUST00282,2026-08-01,21124.42,netbanking,success,,no_action,False,0.0
PAY009166,CUST00885,2026-04-11,19075.34,upi,failed,insufficient_funds,payment_link,False,0.0
PAY009167,CUST00273,2026-07-30,4218.94,netbanking,success,,no_action,False,0.0
PAY009168,CUST00680,2026-04-10,23918.5,wallet,success,,no_action,False,0.0
PAY009169,CUST00062,2026-03-28,2191.41,wallet,success,,no_action,False,0.0
PAY009170,CUST00097,2026-07-27,956.83,upi,failed,card_declined,payment_link,True,956.83
PAY009171,CUST00630,2026-02-26,1022.24,card,success,,no_action,False,0.0
PAY009172,CUST00800,2026-05-13,18079.97,netbanking,success,,no_action,False,0.0
PAY009173,CUST00502,2026-06-05,13912.68,card,success,,no_action,False,0.0
PAY009174,CUST00526,2026-03-05,18394.18,card,failed,insufficient_funds,payment_link,True,18394.18
PAY009175,CUST00007,2026-08-24,17761.06,netbanking,failed,authentication_failed,payment_link,True,17761.06
PAY009176,CUST00788,2026-05-07,8172.25,upi,success,,no_action,False,0.0
PAY009177,CUST00217,2026-04-17,3545.59,netbanking,success,,no_action,False,0.0
PAY009178,CUST00191,2026-03-25,11905.34,card,success,,no_action,False,0.0
PAY009179,CUST00123,2026-08-12,18174.5,netbanking,success,,no_action,False,0.0
PAY009180,CUST00663,2026-08-19,10042.21,upi,success,,no_action,False,0.0
PAY009181,CUST00486,2026-03-10,11676.85,wallet,failed,authentication_failed,reminder,False,0.0
PAY009182,CUST00617,2026-05-11,3953.17,card,success,,no_action,False,0.0
PAY009183,CUST00068,2026-05-31,13216.6,upi,success,,no_action,False,0.0
PAY009184,CUST00588,2026-04-19,14912.89,netbanking,success,,no_action,False,0.0
PAY009185,CUST00806,2026-07-09,3011.27,card,failed,insufficient_funds,reminder,True,3011.27
PAY009186,CUST00014,2026-08-14,5429.73,card,failed,expired_card,payment_link,False,0.0
PAY009187,CUST00222,2026-07-31,20365.95,wallet,success,,no_action,False,0.0
PAY009188,CUST00307,2026-04-17,9947.03,netbanking,success,,no_action,False,0.0
PAY009189,CUST00671,2026-02-26,5819.46,upi,success,,no_action,False,0.0
PAY009190,CUST00871,2026-03-27,12745.93,wallet,success,,no_action,False,0.0
PAY009191,CUST00381,2026-04-12,8406.72,card,success,,no_action,False,0.0
PAY009192,CUST00814,2026-05-15,5774.4,netbanking,failed,timeout,reminder,True,5774.4
PAY009193,CUST00694,2026-05-13,29424.14,card,success,,no_action,False,0.0
PAY009194,CUST00611,2026-06-11,589.34,wallet,success,,no_action,False,0.0
PAY009195,CUST00283,2026-03-22,6900.81,netbanking,success,,no_action,False,0.0
PAY009196,CUST00700,2026-04-20,1262.79,wallet,success,,no_action,False,0.0
PAY009197,CUST00167,2026-08-17,8866.18,netbanking,failed,timeout,retry,True,8866.18
PAY009198,CUST00977,2026-08-08,4093.55,netbanking,success,,no_action,False,0.0
PAY009199,CUST00580,2026-04-27,18625.5,card,success,,no_action,False,0.0
PAY009200,CUST00526,2026-06-08,22165.44,card,success,,no_action,False,0.0
PAY009201,CUST00510,2026-07-05,24571.14,netbanking,success,,no_action,False,0.0
PAY009202,CUST00936,2026-06-02,2761.63,netbanking,success,,no_action,False,0.0
PAY009203,CUST00544,2026-04-03,5887.61,upi,success,,no_action,False,0.0
PAY009204,CUST00605,2026-07-07,829.31,card,success,,no_action,False,0.0
PAY009205,CUST00694,2026-07-14,17191.26,upi,success,,no_action,False,0.0
PAY009206,CUST00849,2026-04-18,7267.24,netbanking,success,,no_action,False,0.0
PAY009207,CUST00624,2026-03-04,12111.23,card,success,,no_action,False,0.0
PAY009208,CUST00220,2026-03-19,1777.12,wallet,success,,no_action,False,0.0
PAY009209,CUST00158,2026-08-21,18953.61,wallet,success,,no_action,False,0.0
PAY009210,CUST00314,2026-03-13,16778.62,netbanking,success,,no_action,False,0.0
PAY009211,CUST00468,2026-07-27,20503.78,card,failed,expired_card,reminder,False,0.0
PAY009212,CUST00358,2026-03-16,33924.89,card,failed,insufficient_funds,payment_link,True,33924.89
PAY009213,CUST00567,2026-03-06,31920.19,wallet,success,,no_action,False,0.0
PAY009214,CUST00003,2026-05-14,1620.71,card,failed,authentication_failed,payment_link,False,0.0
PAY009215,CUST00746,2026-08-15,9328.38,upi,success,,no_action,False,0.0
PAY009216,CUST00257,2026-07-25,9696.74,card,success,,no_action,False,0.0
PAY009217,CUST00292,2026-08-24,4823.36,netbanking,success,,no_action,False,0.0
PAY009218,CUST00586,2026-05-29,6780.95,wallet,success,,no_action,False,0.0
PAY009219,CUST00442,2026-07-20,9918.91,upi,failed,timeout,payment_link,False,0.0
PAY009220,CUST00556,2026-03-12,22256.46,wallet,success,,no_action,False,0.0
PAY009221,CUST00627,2026-05-02,29152.65,netbanking,success,,no_action,False,0.0
PAY009222,CUST00111,2026-03-26,2905.57,wallet,success,,no_action,False,0.0
PAY009223,CUST00114,2026-08-25,4229.77,upi,success,,no_action,False,0.0
PAY009224,CUST00039,2026-04-01,3429.0,wallet,success,,no_action,False,0.0
PAY009225,CUST00954,2026-06-11,10223.66,upi,success,,no_action,False,0.0
PAY009226,CUST00732,2026-08-24,4185.84,netbanking,success,,no_action,False,0.0
PAY009227,CUST00866,2026-04-20,10999.79,card,success,,no_action,False,0.0
PAY009228,CUST00225,2026-06-22,2798.35,card,success,,no_action,False,0.0
PAY009229,CUST00594,2026-06-05,3292.59,netbanking,success,,no_action,False,0.0
PAY009230,CUST00667,2026-08-10,1477.74,wallet,failed,card_declined,reminder,True,1477.74
PAY009231,CUST00818,2026-04-28,7507.73,netbanking,success,,no_action,False,0.0
PAY009232,CUST00315,2026-04-10,23567.9,netbanking,success,,no_action,False,0.0
PAY009233,CUST00180,2026-07-30,9074.52,wallet,success,,no_action,False,0.0
PAY009234,CUST00659,2026-04-18,9421.58,card,success,,no_action,False,0.0
PAY009235,CUST00525,2026-08-02,16169.06,card,success,,no_action,False,0.0
PAY009236,CUST00377,2026-05-06,303.83,card,success,,no_action,False,0.0
PAY009237,CUST00166,2026-05-21,504.24,upi,success,,no_action,False,0.0
PAY009238,CUST00976,2026-03-19,16014.58,wallet,success,,no_action,False,0.0
PAY009239,CUST00027,2026-03-29,5153.72,wallet,success,,no_action,False,0.0
PAY009240,CUST00977,2026-05-26,2920.27,card,failed,expired_card,payment_link,True,2920.27
PAY009241,CUST00759,2026-05-23,3739.92,card,success,,no_action,False,0.0
PAY009242,CUST00094,2026-05-31,3552.91,netbanking,success,,no_action,False,0.0
PAY009243,CUST00172,2026-03-22,1634.57,netbanking,success,,no_action,False,0.0
PAY009244,CUST00496,2026-05-15,1948.46,upi,success,,no_action,False,0.0
PAY009245,CUST00145,2026-03-13,3631.29,upi,success,,no_action,False,0.0
PAY009246,CUST00680,2026-04-06,27100.95,upi,success,,no_action,False,0.0
PAY009247,CUST00633,2026-03-25,9315.08,upi,success,,no_action,False,0.0
PAY009248,CUST00670,2026-04-04,22800.02,upi,success,,no_action,False,0.0
PAY009249,CUST00034,2026-03-26,4913.28,wallet,success,,no_action,False,0.0
PAY009250,CUST00251,2026-06-03,16797.35,card,success,,no_action,False,0.0
PAY009251,CUST00141,2026-04-02,19362.99,upi,success,,no_action,False,0.0
PAY009252,CUST00288,2026-03-01,18228.14,card,success,,no_action,False,0.0
PAY009253,CUST00119,2026-05-15,356.54,wallet,success,,no_action,False,0.0
PAY009254,CUST00190,2026-06-25,7813.36,card,success,,no_action,False,0.0
PAY009255,CUST00658,2026-08-02,12475.37,card,failed,expired_card,payment_link,True,12475.37
PAY009256,CUST00142,2026-08-14,21447.23,upi,failed,network_error,retry,True,21447.23
PAY009257,CUST00130,2026-08-11,765.23,wallet,success,,no_action,False,0.0
PAY009258,CUST00485,2026-05-26,18561.02,wallet,success,,no_action,False,0.0
PAY009259,CUST00413,2026-04-21,11477.41,netbanking,success,,no_action,False,0.0
PAY009260,CUST00357,2026-08-21,6655.5,card,success,,no_action,False,0.0
PAY009261,CUST00445,2026-08-24,2115.15,wallet,success,,no_action,False,0.0
PAY009262,CUST00458,2026-07-20,200.0,wallet,success,,no_action,False,0.0
PAY009263,CUST00421,2026-03-25,1986.73,wallet,success,,no_action,False,0.0
PAY009264,CUST00631,2026-03-10,6952.38,netbanking,success,,no_action,False,0.0
PAY009265,CUST00674,2026-03-22,11924.85,upi,success,,no_action,False,0.0
PAY009266,CUST00068,2026-02-28,16864.33,upi,failed,network_error,reminder,False,0.0
PAY009267,CUST00750,2026-08-11,21785.94,netbanking,failed,timeout,reminder,True,21785.94
PAY009268,CUST00735,2026-07-17,28257.36,upi,success,,no_action,False,0.0
PAY009269,CUST00088,2026-03-17,10191.84,card,success,,no_action,False,0.0
PAY009270,CUST00442,2026-06-26,6726.65,wallet,failed,authentication_failed,payment_link,False,0.0
PAY009271,CUST00315,2026-03-08,17067.2,wallet,success,,no_action,False,0.0
PAY009272,CUST00500,2026-07-10,200.0,card,success,,no_action,False,0.0
PAY009273,CUST00827,2026-03-28,11748.52,card,success,,no_action,False,0.0
PAY009274,CUST00379,2026-06-22,3109.94,wallet,success,,no_action,False,0.0
PAY009275,CUST00132,2026-05-19,26984.24,upi,success,,no_action,False,0.0
PAY009276,CUST00663,2026-04-13,12847.28,netbanking,failed,authentication_failed,payment_link,True,12847.28
PAY009277,CUST00412,2026-05-14,23280.6,upi,success,,no_action,False,0.0
PAY009278,CUST00348,2026-07-24,12894.37,netbanking,success,,no_action,False,0.0
PAY009279,CUST00872,2026-07-17,4260.24,netbanking,success,,no_action,False,0.0
PAY009280,CUST00509,2026-05-28,1005.47,netbanking,failed,authentication_failed,payment_link,False,0.0
PAY009281,CUST00662,2026-08-06,1509.76,card,failed,network_error,reminder,True,1509.76
PAY009282,CUST00315,2026-04-06,13970.29,netbanking,success,,no_action,False,0.0
PAY009283,CUST00751,2026-05-15,2234.52,netbanking,success,,no_action,False,0.0
PAY009284,CUST00960,2026-04-19,11307.32,upi,success,,no_action,False,0.0
PAY009285,CUST00416,2026-06-07,4201.49,netbanking,success,,no_action,False,0.0
PAY009286,CUST00805,2026-07-13,10499.75,wallet,success,,no_action,False,0.0
PAY009287,CUST00537,2026-06-18,4561.65,upi,success,,no_action,False,0.0
PAY009288,CUST00661,2026-06-20,10580.49,upi,success,,no_action,False,0.0
PAY009289,CUST00475,2026-03-30,14884.47,netbanking,success,,no_action,False,0.0
PAY009290,CUST00474,2026-04-29,21072.6,upi,success,,no_action,False,0.0
PAY009291,CUST00658,2026-07-02,19771.98,card,success,,no_action,False,0.0
PAY009292,CUST00335,2026-04-21,17057.47,netbanking,success,,no_action,False,0.0
PAY009293,CUST00811,2026-06-18,208.43,netbanking,success,,no_action,False,0.0
PAY009294,CUST00612,2026-03-05,1663.95,wallet,success,,no_action,False,0.0
PAY009295,CUST00742,2026-06-19,6272.97,card,success,,no_action,False,0.0
PAY009296,CUST00658,2026-05-23,24458.02,card,failed,timeout,reminder,True,24458.02
PAY009297,CUST00992,2026-03-24,2104.37,card,success,,no_action,False,0.0
PAY009298,CUST00795,2026-06-26,36954.31,netbanking,success,,no_action,False,0.0
PAY009299,CUST00177,2026-07-23,7197.13,card,success,,no_action,False,0.0
PAY009300,CUST00642,2026-08-21,10503.49,netbanking,success,,no_action,False,0.0
PAY009301,CUST00131,2026-08-05,11428.16,netbanking,success,,no_action,False,0.0
PAY009302,CUST00167,2026-03-24,11561.48,netbanking,success,,no_action,False,0.0
PAY009303,CUST00511,2026-04-06,9353.52,netbanking,success,,no_action,False,0.0
PAY009304,CUST00946,2026-04-06,14783.86,wallet,success,,no_action,False,0.0
PAY009305,CUST00778,2026-07-05,981.79,wallet,success,,no_action,False,0.0
PAY009306,CUST00763,2026-03-11,5883.25,upi,failed,insufficient_funds,payment_link,True,5883.25
PAY009307,CUST00282,2026-04-08,18410.26,wallet,success,,no_action,False,0.0
PAY009308,CUST00386,2026-03-13,20056.99,netbanking,success,,no_action,False,0.0
PAY009309,CUST00977,2026-06-13,5062.74,netbanking,success,,no_action,False,0.0
PAY009310,CUST00049,2026-04-26,4345.12,wallet,success,,no_action,False,0.0
PAY009311,CUST00450,2026-05-24,12872.41,upi,failed,insufficient_funds,reminder,False,0.0
PAY009312,CUST00400,2026-02-26,16023.5,upi,failed,insufficient_funds,reminder,True,16023.5
PAY009313,CUST00433,2026-05-22,9768.65,wallet,failed,insufficient_funds,payment_link,False,0.0
PAY009314,CUST00938,2026-05-26,17201.87,netbanking,success,,no_action,False,0.0
PAY009315,CUST00130,2026-03-04,1390.5,netbanking,success,,no_action,False,0.0
PAY009316,CUST00820,2026-07-13,5191.84,card,failed,timeout,reminder,True,5191.84
PAY009317,CUST00584,2026-06-11,10559.01,card,success,,no_action,False,0.0
PAY009318,CUST00148,2026-03-28,6602.4,upi,failed,insufficient_funds,reminder,False,0.0
PAY009319,CUST00714,2026-06-27,19213.14,card,success,,no_action,False,0.0
PAY009320,CUST00605,2026-07-09,812.39,upi,failed,network_error,reminder,True,812.39
PAY009321,CUST00441,2026-04-12,2343.82,netbanking,failed,card_declined,reminder,True,2343.82
PAY009322,CUST00184,2026-03-09,18011.32,card,success,,no_action,False,0.0
PAY009323,CUST00924,2026-04-03,391.82,card,failed,network_error,retry,True,391.82
PAY009324,CUST00575,2026-07-28,19821.29,wallet,success,,no_action,False,0.0
PAY009325,CUST00892,2026-06-30,995.36,upi,success,,no_action,False,0.0
PAY009326,CUST00955,2026-06-07,20743.27,netbanking,success,,no_action,False,0.0
PAY009327,CUST00034,2026-04-21,7884.37,wallet,failed,authentication_failed,payment_link,True,7884.37
PAY009328,CUST00928,2026-03-14,28701.37,card,success,,no_action,False,0.0
PAY009329,CUST00826,2026-07-24,14331.14,upi,success,,no_action,False,0.0
PAY009330,CUST00155,2026-05-30,24784.9,upi,success,,no_action,False,0.0
PAY009331,CUST00947,2026-03-09,12728.62,wallet,success,,no_action,False,0.0
PAY009332,CUST00277,2026-04-28,16832.8,netbanking,failed,insufficient_funds,payment_link,True,16832.8
PAY009333,CUST00645,2026-06-10,20658.8,wallet,success,,no_action,False,0.0
PAY009334,CUST00036,2026-03-24,19161.8,netbanking,failed,timeout,reminder,True,19161.8
PAY009335,CUST00406,2026-07-25,12201.79,netbanking,success,,no_action,False,0.0
PAY009336,CUST00254,2026-03-31,1114.67,upi,failed,authentication_failed,payment_link,True,1114.67
PAY009337,CUST00124,2026-06-04,2861.85,wallet,success,,no_action,False,0.0
PAY009338,CUST00628,2026-08-16,9723.88,card,success,,no_action,False,0.0
PAY009339,CUST00390,2026-08-11,2675.08,wallet,success,,no_action,False,0.0
PAY009340,CUST00665,2026-03-19,12946.25,netbanking,success,,no_action,False,0.0
PAY009341,CUST00602,2026-06-25,4116.16,netbanking,success,,no_action,False,0.0
PAY009342,CUST00888,2026-08-14,10756.64,card,success,,no_action,False,0.0
PAY009343,CUST00425,2026-05-19,6435.96,netbanking,success,,no_action,False,0.0
PAY009344,CUST00424,2026-06-21,1029.55,upi,success,,no_action,False,0.0
PAY009345,CUST00838,2026-05-20,2561.44,wallet,success,,no_action,False,0.0
PAY009346,CUST00828,2026-07-13,17831.32,wallet,success,,no_action,False,0.0
PAY009347,CUST00779,2026-07-27,19394.14,card,success,,no_action,False,0.0
PAY009348,CUST00033,2026-06-06,3559.02,wallet,success,,no_action,False,0.0
PAY009349,CUST00750,2026-03-16,23653.26,wallet,success,,no_action,False,0.0
PAY009350,CUST00779,2026-07-01,25667.22,card,success,,no_action,False,0.0
PAY009351,CUST00521,2026-04-12,1940.13,upi,success,,no_action,False,0.0
PAY009352,CUST00816,2026-05-11,2681.86,card,success,,no_action,False,0.0
PAY009353,CUST00967,2026-03-16,25352.96,upi,failed,card_declined,payment_link,False,0.0
PAY009354,CUST00566,2026-06-28,4791.88,wallet,success,,no_action,False,0.0
PAY009355,CUST00990,2026-06-30,11138.12,wallet,success,,no_action,False,0.0
PAY009356,CUST00166,2026-05-30,533.71,upi,success,,no_action,False,0.0
PAY009357,CUST00861,2026-03-01,2135.99,upi,success,,no_action,False,0.0
PAY009358,CUST00512,2026-08-14,24026.91,upi,success,,no_action,False,0.0
PAY009359,CUST00290,2026-04-22,21635.69,upi,success,,no_action,False,0.0
PAY009360,CUST00402,2026-08-07,16593.52,card,success,,no_action,False,0.0
PAY009361,CUST00591,2026-07-08,13236.76,wallet,success,,no_action,False,0.0
PAY009362,CUST00025,2026-05-31,7298.86,card,success,,no_action,False,0.0
PAY009363,CUST00428,2026-04-03,28594.57,card,success,,no_action,False,0.0
PAY009364,CUST00497,2026-04-18,15927.85,netbanking,success,,no_action,False,0.0
PAY009365,CUST00709,2026-02-27,8405.44,netbanking,success,,no_action,False,0.0
PAY009366,CUST00634,2026-04-27,1747.84,upi,success,,no_action,False,0.0
PAY009367,CUST00917,2026-03-26,15126.46,netbanking,success,,no_action,False,0.0
PAY009368,CUST00222,2026-04-12,24467.45,wallet,success,,no_action,False,0.0
PAY009369,CUST00511,2026-08-20,16952.84,upi,success,,no_action,False,0.0
PAY009370,CUST00418,2026-07-03,14358.01,netbanking,failed,expired_card,payment_link,True,14358.01
PAY009371,CUST00843,2026-04-30,3720.53,upi,success,,no_action,False,0.0
PAY009372,CUST00963,2026-05-16,13520.13,wallet,failed,authentication_failed,payment_link,True,13520.13
PAY009373,CUST00031,2026-08-02,13810.2,card,success,,no_action,False,0.0
PAY009374,CUST00849,2026-08-15,8788.96,netbanking,failed,insufficient_funds,payment_link,False,0.0
PAY009375,CUST00427,2026-03-05,35273.01,card,failed,authentication_failed,payment_link,False,0.0
PAY009376,CUST00615,2026-08-04,9478.14,card,success,,no_action,False,0.0
PAY009377,CUST00213,2026-05-05,723.65,wallet,success,,no_action,False,0.0
PAY009378,CUST00797,2026-03-30,27105.11,netbanking,success,,no_action,False,0.0
PAY009379,CUST00191,2026-04-26,8287.97,upi,success,,no_action,False,0.0
PAY009380,CUST00817,2026-08-25,1330.93,upi,success,,no_action,False,0.0
PAY009381,CUST00496,2026-05-18,2922.88,card,failed,expired_card,reminder,True,2922.88
PAY009382,CUST00052,2026-07-24,7025.16,card,success,,no_action,False,0.0
PAY009383,CUST00193,2026-03-22,433.87,wallet,success,,no_action,False,0.0
PAY009384,CUST00088,2026-08-24,7716.33,wallet,success,,no_action,False,0.0
PAY009385,CUST00800,2026-05-12,19431.19,wallet,success,,no_action,False,0.0
PAY009386,CUST00854,2026-06-14,6925.66,netbanking,failed,card_declined,payment_link,True,6925.66
PAY009387,CUST00437,2026-08-09,15323.93,netbanking,failed,expired_card,payment_link,False,0.0
PAY009388,CUST00589,2026-05-15,3798.51,wallet,success,,no_action,False,0.0
PAY009389,CUST00929,2026-04-21,18548.55,card,success,,no_action,False,0.0
PAY009390,CUST00935,2026-06-22,19972.37,upi,success,,no_action,False,0.0
PAY009391,CUST00159,2026-06-08,11313.32,card,success,,no_action,False,0.0
PAY009392,CUST00338,2026-06-16,9219.89,netbanking,failed,network_error,reminder,False,0.0
PAY009393,CUST00595,2026-06-23,1807.65,netbanking,failed,insufficient_funds,reminder,False,0.0
PAY009394,CUST00904,2026-05-29,6434.7,wallet,success,,no_action,False,0.0
PAY009395,CUST00364,2026-06-11,10501.7,card,failed,authentication_failed,payment_link,True,10501.7
PAY009396,CUST00600,2026-04-14,3126.01,wallet,success,,no_action,False,0.0
PAY009397,CUST00142,2026-07-22,21911.14,netbanking,success,,no_action,False,0.0
PAY009398,CUST00813,2026-08-15,37167.78,netbanking,failed,expired_card,payment_link,True,37167.78
PAY009399,CUST00005,2026-06-13,25475.83,netbanking,failed,expired_card,reminder,True,25475.83
PAY009400,CUST00160,2026-07-03,1673.37,wallet,success,,no_action,False,0.0
PAY009401,CUST00480,2026-04-04,15299.1,netbanking,success,,no_action,False,0.0
PAY009402,CUST00102,2026-03-31,1004.73,upi,success,,no_action,False,0.0
PAY009403,CUST00991,2026-07-07,2698.87,wallet,success,,no_action,False,0.0
PAY009404,CUST00095,2026-03-24,5096.86,card,failed,expired_card,payment_link,True,5096.86
PAY009405,CUST00465,2026-05-30,11162.57,upi,success,,no_action,False,0.0
PAY009406,CUST00554,2026-05-20,13184.82,upi,success,,no_action,False,0.0
PAY009407,CUST00016,2026-03-04,15781.0,upi,success,,no_action,False,0.0
PAY009408,CUST00306,2026-05-19,8382.1,netbanking,success,,no_action,False,0.0
PAY009409,CUST00090,2026-08-17,15897.77,wallet,success,,no_action,False,0.0
PAY009410,CUST00726,2026-03-17,7672.55,netbanking,failed,insufficient_funds,payment_link,False,0.0
PAY009411,CUST00620,2026-04-17,10126.87,card,failed,network_error,reminder,True,10126.87
PAY009412,CUST00778,2026-08-05,528.76,netbanking,success,,no_action,False,0.0
PAY009413,CUST00088,2026-08-08,7664.38,upi,success,,no_action,False,0.0
PAY009414,CUST00649,2026-03-25,5002.8,upi,success,,no_action,False,0.0
PAY009415,CUST00497,2026-04-04,16539.3,upi,success,,no_action,False,0.0
PAY009416,CUST00034,2026-08-10,3607.47,wallet,failed,card_declined,payment_link,False,0.0
PAY009417,CUST00607,2026-07-07,5047.91,card,success,,no_action,False,0.0
PAY009418,CUST00954,2026-03-28,11513.27,netbanking,success,,no_action,False,0.0
PAY009419,CUST00691,2026-08-14,1654.6,card,success,,no_action,False,0.0
PAY009420,CUST00660,2026-04-12,9689.01,card,success,,no_action,False,0.0
PAY009421,CUST00379,2026-05-14,5674.36,upi,success,,no_action,False,0.0
PAY009422,CUST00330,2026-04-22,2360.79,upi,failed,expired_card,payment_link,True,2360.79
PAY009423,CUST00943,2026-08-22,605.76,upi,success,,no_action,False,0.0
PAY009424,CUST00298,2026-03-23,22044.96,wallet,success,,no_action,False,0.0
PAY009425,CUST00440,2026-08-19,10185.62,upi,success,,no_action,False,0.0
PAY009426,CUST00021,2026-08-22,11638.66,wallet,success,,no_action,False,0.0
PAY009427,CUST00852,2026-05-03,22607.0,upi,success,,no_action,False,0.0
PAY009428,CUST00496,2026-06-01,3123.78,card,success,,no_action,False,0.0
PAY009429,CUST00987,2026-07-11,7036.03,card,success,,no_action,False,0.0
PAY009430,CUST00835,2026-08-04,13865.42,netbanking,failed,timeout,retry,True,13865.42
PAY009431,CUST00789,2026-04-03,3875.72,wallet,success,,no_action,False,0.0
PAY009432,CUST00875,2026-07-17,1294.43,card,success,,no_action,False,0.0
PAY009433,CUST00441,2026-06-19,2756.01,card,success,,no_action,False,0.0
PAY009434,CUST00566,2026-08-21,5014.92,wallet,success,,no_action,False,0.0
PAY009435,CUST00959,2026-03-27,4771.21,wallet,failed,insufficient_funds,payment_link,False,0.0
PAY009436,CUST00623,2026-03-28,15734.85,upi,failed,expired_card,payment_link,True,15734.85
PAY009437,CUST00464,2026-03-24,8336.44,card,success,,no_action,False,0.0
PAY009438,CUST00445,2026-04-26,1862.02,card,success,,no_action,False,0.0
PAY009439,CUST00555,2026-07-30,21300.9,netbanking,success,,no_action,False,0.0
PAY009440,CUST00894,2026-06-02,1299.84,wallet,success,,no_action,False,0.0
PAY009441,CUST00489,2026-05-12,7680.68,wallet,failed,timeout,reminder,True,7680.68
PAY009442,CUST00092,2026-08-13,3232.64,netbanking,success,,no_action,False,0.0
PAY009443,CUST00771,2026-03-12,21978.59,upi,success,,no_action,False,0.0
PAY009444,CUST00224,2026-04-08,15643.31,netbanking,success,,no_action,False,0.0
PAY009445,CUST00520,2026-06-15,7315.24,card,failed,card_declined,payment_link,False,0.0
PAY009446,CUST00498,2026-05-16,12707.71,upi,success,,no_action,False,0.0
PAY009447,CUST00208,2026-03-25,30956.75,netbanking,success,,no_action,False,0.0
PAY009448,CUST00893,2026-07-07,1779.57,wallet,failed,network_error,reminder,True,1779.57
PAY009449,CUST00371,2026-08-10,7567.44,upi,success,,no_action,False,0.0
PAY009450,CUST00715,2026-08-22,27031.84,netbanking,success,,no_action,False,0.0
PAY009451,CUST00417,2026-06-24,5617.04,wallet,success,,no_action,False,0.0
PAY009452,CUST00832,2026-04-21,18194.07,card,failed,network_error,reminder,True,18194.07
PAY009453,CUST00989,2026-04-16,12544.31,netbanking,success,,no_action,False,0.0
PAY009454,CUST00621,2026-07-21,8882.51,netbanking,failed,insufficient_funds,payment_link,False,0.0
PAY009455,CUST00534,2026-07-13,1871.27,upi,success,,no_action,False,0.0
PAY009456,CUST00423,2026-03-13,20388.61,upi,success,,no_action,False,0.0
PAY009457,CUST00622,2026-05-20,5237.11,upi,success,,no_action,False,0.0
PAY009458,CUST00712,2026-07-24,11174.51,netbanking,success,,no_action,False,0.0
PAY009459,CUST00210,2026-03-19,1953.17,netbanking,success,,no_action,False,0.0
PAY009460,CUST00320,2026-03-16,1605.79,card,success,,no_action,False,0.0
PAY009461,CUST00365,2026-04-04,4444.46,card,failed,network_error,reminder,False,0.0
PAY009462,CUST00319,2026-05-29,11657.92,upi,success,,no_action,False,0.0
PAY009463,CUST00507,2026-08-16,13743.96,netbanking,success,,no_action,False,0.0
PAY009464,CUST00709,2026-06-25,19079.8,wallet,success,,no_action,False,0.0
PAY009465,CUST00951,2026-04-26,13203.97,netbanking,failed,network_error,reminder,True,13203.97
PAY009466,CUST00052,2026-08-13,3819.54,wallet,success,,no_action,False,0.0
PAY009467,CUST00903,2026-08-15,3028.66,wallet,success,,no_action,False,0.0
PAY009468,CUST00661,2026-06-07,12085.47,card,success,,no_action,False,0.0
PAY009469,CUST00721,2026-04-10,2098.07,card,failed,expired_card,payment_link,True,2098.07
PAY009470,CUST00847,2026-06-10,9687.32,upi,success,,no_action,False,0.0
PAY009471,CUST00106,2026-07-07,656.66,card,failed,insufficient_funds,payment_link,True,656.66
PAY009472,CUST00157,2026-07-26,7463.98,upi,success,,no_action,False,0.0
PAY009473,CUST00147,2026-02-27,21675.25,upi,success,,no_action,False,0.0
PAY009474,CUST00184,2026-03-21,14640.26,netbanking,success,,no_action,False,0.0
PAY009475,CUST00312,2026-07-22,200.0,wallet,success,,no_action,False,0.0
PAY009476,CUST00057,2026-06-29,14483.52,netbanking,failed,expired_card,reminder,True,14483.52
PAY009477,CUST00517,2026-07-02,20238.38,netbanking,success,,no_action,False,0.0
PAY009478,CUST00354,2026-05-11,19336.05,wallet,success,,no_action,False,0.0
PAY009479,CUST00321,2026-06-03,8171.56,netbanking,success,,no_action,False,0.0
PAY009480,CUST00238,2026-04-29,2006.39,upi,success,,no_action,False,0.0
PAY009481,CUST00796,2026-06-12,18454.35,netbanking,success,,no_action,False,0.0
PAY009482,CUST00351,2026-03-08,16905.84,card,success,,no_action,False,0.0
PAY009483,CUST00213,2026-05-12,626.8,card,success,,no_action,False,0.0
PAY009484,CUST00092,2026-06-14,1664.01,upi,success,,no_action,False,0.0
PAY009485,CUST00814,2026-05-04,7004.57,netbanking,success,,no_action,False,0.0
PAY009486,CUST00824,2026-08-08,5743.4,card,success,,no_action,False,0.0
PAY009487,CUST00763,2026-08-19,3043.39,netbanking,failed,insufficient_funds,payment_link,False,0.0
PAY009488,CUST00496,2026-08-20,1798.82,upi,success,,no_action,False,0.0
PAY009489,CUST00668,2026-06-22,21691.51,card,failed,timeout,retry,True,21691.51
PAY009490,CUST00114,2026-07-12,4618.62,upi,failed,insufficient_funds,payment_link,False,0.0
PAY009491,CUST00164,2026-04-09,1096.78,card,failed,timeout,reminder,True,1096.78
PAY009492,CUST00985,2026-06-02,24807.3,upi,success,,no_action,False,0.0
PAY009493,CUST00473,2026-08-14,20464.71,card,success,,no_action,False,0.0
PAY009494,CUST00825,2026-03-13,19402.39,card,success,,no_action,False,0.0
PAY009495,CUST00158,2026-07-23,13575.38,upi,success,,no_action,False,0.0
PAY009496,CUST00697,2026-08-16,2030.85,wallet,failed,timeout,reminder,True,2030.85
PAY009497,CUST00813,2026-05-28,23119.95,netbanking,success,,no_action,False,0.0
PAY009498,CUST00434,2026-03-14,10723.61,netbanking,success,,no_action,False,0.0
PAY009499,CUST00926,2026-06-21,32397.45,upi,success,,no_action,False,0.0
PAY009500,CUST00711,2026-04-30,18884.34,upi,success,,no_action,False,0.0
PAY009501,CUST00607,2026-03-02,6312.02,upi,success,,no_action,False,0.0
PAY009502,CUST00680,2026-08-24,19539.6,upi,success,,no_action,False,0.0
PAY009503,CUST00269,2026-08-07,30682.03,upi,success,,no_action,False,0.0
PAY009504,CUST00354,2026-02-28,14071.25,card,success,,no_action,False,0.0
PAY009505,CUST00622,2026-05-30,10294.87,upi,success,,no_action,False,0.0
PAY009506,CUST00786,2026-06-02,12334.57,wallet,success,,no_action,False,0.0
PAY009507,CUST00631,2026-06-29,7223.95,card,success,,no_action,False,0.0
PAY009508,CUST00232,2026-07-09,30580.7,upi,success,,no_action,False,0.0
PAY009509,CUST00189,2026-05-12,1400.83,netbanking,success,,no_action,False,0.0
PAY009510,CUST00554,2026-06-05,15837.6,card,failed,timeout,retry,True,15837.6
PAY009511,CUST00401,2026-07-18,3107.05,upi,success,,no_action,False,0.0
PAY009512,CUST00371,2026-04-13,9990.31,netbanking,success,,no_action,False,0.0
PAY009513,CUST00028,2026-08-22,27542.38,card,failed,timeout,retry,False,0.0
PAY009514,CUST00947,2026-05-14,13276.39,netbanking,success,,no_action,False,0.0
PAY009515,CUST00793,2026-02-27,3911.19,wallet,success,,no_action,False,0.0
PAY009516,CUST00458,2026-03-24,720.92,netbanking,success,,no_action,False,0.0
PAY009517,CUST00818,2026-04-15,5962.81,wallet,success,,no_action,False,0.0
PAY009518,CUST00695,2026-08-11,13130.36,upi,success,,no_action,False,0.0
PAY009519,CUST00463,2026-05-01,7062.57,card,success,,no_action,False,0.0
PAY009520,CUST00767,2026-03-04,24815.0,upi,success,,no_action,False,0.0
PAY009521,CUST00985,2026-03-11,25743.21,netbanking,success,,no_action,False,0.0
PAY009522,CUST00236,2026-03-15,17098.14,wallet,success,,no_action,False,0.0
PAY009523,CUST00057,2026-05-24,20333.54,wallet,success,,no_action,False,0.0
PAY009524,CUST00838,2026-05-28,2060.94,wallet,success,,no_action,False,0.0
PAY009525,CUST00906,2026-08-09,18050.11,upi,success,,no_action,False,0.0
PAY009526,CUST00058,2026-06-15,3998.44,wallet,success,,no_action,False,0.0
PAY009527,CUST00789,2026-03-03,30565.2,upi,success,,no_action,False,0.0
PAY009528,CUST00816,2026-03-24,1898.8,upi,success,,no_action,False,0.0
PAY009529,CUST00479,2026-04-09,12939.43,upi,success,,no_action,False,0.0
PAY009530,CUST00501,2026-03-23,8021.47,netbanking,success,,no_action,False,0.0
PAY009531,CUST00874,2026-08-08,7662.07,netbanking,success,,no_action,False,0.0
PAY009532,CUST00638,2026-03-14,2717.68,netbanking,failed,expired_card,payment_link,True,2717.68
PAY009533,CUST00594,2026-03-06,4107.84,netbanking,success,,no_action,False,0.0
PAY009534,CUST00598,2026-07-03,22350.27,netbanking,failed,insufficient_funds,reminder,False,0.0
PAY009535,CUST00374,2026-06-21,2713.55,wallet,success,,no_action,False,0.0
PAY009536,CUST00780,2026-06-12,14018.91,upi,success,,no_action,False,0.0
PAY009537,CUST00958,2026-07-25,14487.65,wallet,failed,network_error,retry,True,14487.65
PAY009538,CUST00367,2026-06-30,29910.57,netbanking,success,,no_action,False,0.0
PAY009539,CUST00741,2026-07-29,7397.19,wallet,failed,insufficient_funds,reminder,True,7397.19
PAY009540,CUST00748,2026-05-23,36740.21,wallet,success,,no_action,False,0.0
PAY009541,CUST00069,2026-04-02,11287.79,card,success,,no_action,False,0.0
PAY009542,CUST00895,2026-06-22,6058.5,netbanking,success,,no_action,False,0.0
PAY009543,CUST00003,2026-08-01,1211.58,netbanking,success,,no_action,False,0.0
PAY009544,CUST00512,2026-07-15,29876.52,netbanking,success,,no_action,False,0.0
PAY009545,CUST00049,2026-02-27,7055.9,wallet,success,,no_action,False,0.0
PAY009546,CUST00710,2026-08-25,3855.44,wallet,success,,no_action,False,0.0
PAY009547,CUST00801,2026-05-12,15027.29,netbanking,success,,no_action,False,0.0
PAY009548,CUST00105,2026-06-24,2733.89,wallet,success,,no_action,False,0.0
PAY009549,CUST00339,2026-08-02,18147.98,upi,success,,no_action,False,0.0
PAY009550,CUST00162,2026-03-26,5770.97,upi,success,,no_action,False,0.0
PAY009551,CUST00189,2026-08-17,5417.28,card,success,,no_action,False,0.0
PAY009552,CUST00739,2026-06-03,5822.48,netbanking,success,,no_action,False,0.0
PAY009553,CUST00900,2026-03-22,32411.33,wallet,success,,no_action,False,0.0
PAY009554,CUST00909,2026-05-04,4352.7,netbanking,success,,no_action,False,0.0
PAY009555,CUST00605,2026-05-21,1098.07,netbanking,failed,card_declined,payment_link,False,0.0
PAY009556,CUST00283,2026-07-19,7590.44,netbanking,success,,no_action,False,0.0
PAY009557,CUST00613,2026-08-06,2160.1,netbanking,success,,no_action,False,0.0
PAY009558,CUST00887,2026-08-14,1979.19,upi,success,,no_action,False,0.0
PAY009559,CUST00301,2026-05-25,4022.97,card,success,,no_action,False,0.0
PAY009560,CUST00229,2026-05-23,2383.2,netbanking,failed,timeout,retry,True,2383.2
PAY009561,CUST00147,2026-02-27,27247.69,netbanking,success,,no_action,False,0.0
PAY009562,CUST00586,2026-03-20,10782.27,card,success,,no_action,False,0.0
PAY009563,CUST00509,2026-03-14,687.13,wallet,success,,no_action,False,0.0
PAY009564,CUST00126,2026-07-31,1941.62,card,success,,no_action,False,0.0
PAY009565,CUST00434,2026-08-01,8581.59,card,success,,no_action,False,0.0
PAY009566,CUST00736,2026-03-11,25027.27,card,success,,no_action,False,0.0
PAY009567,CUST00323,2026-06-05,16361.71,netbanking,success,,no_action,False,0.0
PAY009568,CUST00651,2026-06-21,12599.35,card,success,,no_action,False,0.0
PAY009569,CUST00922,2026-05-30,2875.21,card,failed,expired_card,reminder,True,2875.21
PAY009570,CUST00796,2026-08-17,11594.76,upi,success,,no_action,False,0.0
PAY009571,CUST00298,2026-05-13,15767.43,upi,success,,no_action,False,0.0
PAY009572,CUST00167,2026-05-12,12812.22,card,success,,no_action,False,0.0
PAY009573,CUST00834,2026-07-21,20038.52,wallet,success,,no_action,False,0.0
PAY009574,CUST00037,2026-04-11,16270.08,wallet,success,,no_action,False,0.0
PAY009575,CUST00333,2026-03-28,666.73,netbanking,success,,no_action,False,0.0
PAY009576,CUST00621,2026-06-20,17543.9,card,failed,network_error,payment_link,True,17543.9
PAY009577,CUST00778,2026-08-13,809.45,wallet,failed,authentication_failed,payment_link,False,0.0
PAY009578,CUST00925,2026-08-16,21673.75,card,failed,timeout,reminder,True,21673.75
PAY009579,CUST00434,2026-05-04,7359.55,netbanking,failed,card_declined,payment_link,False,0.0
PAY009580,CUST00808,2026-07-29,6772.93,upi,success,,no_action,False,0.0
PAY009581,CUST00321,2026-04-07,16617.18,netbanking,success,,no_action,False,0.0
PAY009582,CUST00497,2026-08-22,13841.62,wallet,success,,no_action,False,0.0
PAY009583,CUST00420,2026-08-13,6398.26,upi,success,,no_action,False,0.0
PAY009584,CUST00114,2026-08-17,2347.12,netbanking,success,,no_action,False,0.0
PAY009585,CUST00688,2026-07-03,14025.08,wallet,failed,authentication_failed,payment_link,False,0.0
PAY009586,CUST00435,2026-04-10,7568.3,card,success,,no_action,False,0.0
PAY009587,CUST00729,2026-08-04,14523.11,upi,success,,no_action,False,0.0
PAY009588,CUST00782,2026-07-26,39341.21,netbanking,success,,no_action,False,0.0
PAY009589,CUST00726,2026-05-03,8652.02,netbanking,failed,network_error,payment_link,True,8652.02
PAY009590,CUST00616,2026-08-07,8108.43,netbanking,failed,authentication_failed,reminder,True,8108.43
PAY009591,CUST00677,2026-07-07,2970.78,netbanking,success,,no_action,False,0.0
PAY009592,CUST00712,2026-03-19,14229.5,netbanking,success,,no_action,False,0.0
PAY009593,CUST00249,2026-03-20,18234.57,wallet,failed,insufficient_funds,payment_link,True,18234.57
PAY009594,CUST00645,2026-04-26,9888.53,card,success,,no_action,False,0.0
PAY009595,CUST00240,2026-03-22,12676.6,upi,success,,no_action,False,0.0
PAY009596,CUST00273,2026-03-18,8360.22,upi,success,,no_action,False,0.0
PAY009597,CUST00645,2026-07-04,18383.54,wallet,failed,insufficient_funds,payment_link,True,18383.54
PAY009598,CUST00497,2026-07-06,14446.93,wallet,success,,no_action,False,0.0
PAY009599,CUST00497,2026-08-17,15184.63,card,failed,timeout,reminder,True,15184.63
PAY009600,CUST00971,2026-03-10,12291.78,upi,success,,no_action,False,0.0
PAY009601,CUST00851,2026-07-08,14265.13,card,success,,no_action,False,0.0
PAY009602,CUST00301,2026-07-07,6283.12,upi,failed,insufficient_funds,payment_link,False,0.0
PAY009603,CUST00795,2026-03-26,26756.15,wallet,failed,authentication_failed,reminder,True,26756.15
PAY009604,CUST00823,2026-05-24,1043.82,card,failed,card_declined,payment_link,False,0.0
PAY009605,CUST00638,2026-04-09,2150.15,upi,success,,no_action,False,0.0
PAY009606,CUST00137,2026-07-03,13292.02,netbanking,success,,no_action,False,0.0
PAY009607,CUST00045,2026-07-02,21923.48,upi,failed,insufficient_funds,payment_link,True,21923.48
PAY009608,CUST00693,2026-03-06,7007.64,netbanking,success,,no_action,False,0.0
PAY009609,CUST00230,2026-06-27,1343.89,netbanking,success,,no_action,False,0.0
PAY009610,CUST00588,2026-08-08,13884.57,upi,success,,no_action,False,0.0
PAY009611,CUST00094,2026-04-26,2474.74,netbanking,success,,no_action,False,0.0
PAY009612,CUST00419,2026-03-10,21357.43,upi,success,,no_action,False,0.0
PAY009613,CUST00084,2026-08-21,24372.43,upi,success,,no_action,False,0.0
PAY009614,CUST00499,2026-05-10,8017.22,wallet,success,,no_action,False,0.0
PAY009615,CUST00414,2026-03-11,1375.41,wallet,success,,no_action,False,0.0
PAY009616,CUST00428,2026-04-02,33308.53,upi,success,,no_action,False,0.0
PAY009617,CUST00968,2026-08-13,15223.25,card,success,,no_action,False,0.0
PAY009618,CUST00387,2026-08-07,21646.14,wallet,success,,no_action,False,0.0
PAY009619,CUST00652,2026-07-23,10062.82,wallet,success,,no_action,False,0.0
PAY009620,CUST00131,2026-04-29,17042.68,card,success,,no_action,False,0.0
PAY009621,CUST00910,2026-05-06,3277.49,card,success,,no_action,False,0.0
PAY009622,CUST00263,2026-08-21,20007.59,wallet,success,,no_action,False,0.0
PAY009623,CUST00904,2026-03-19,15199.18,upi,success,,no_action,False,0.0
PAY009624,CUST00863,2026-07-25,6123.65,netbanking,success,,no_action,False,0.0
PAY009625,CUST00953,2026-06-18,12309.2,netbanking,success,,no_action,False,0.0
PAY009626,CUST00145,2026-04-04,3160.84,netbanking,success,,no_action,False,0.0
PAY009627,CUST00675,2026-05-15,11292.54,wallet,success,,no_action,False,0.0
PAY009628,CUST00129,2026-05-29,16112.11,card,success,,no_action,False,0.0
PAY009629,CUST00422,2026-05-09,695.95,card,failed,network_error,retry,True,695.95
PAY009630,CUST00309,2026-08-22,13647.76,netbanking,success,,no_action,False,0.0
PAY009631,CUST00821,2026-05-18,228.28,card,failed,timeout,reminder,True,228.28
PAY009632,CUST00138,2026-05-18,7520.33,wallet,success,,no_action,False,0.0
PAY009633,CUST00886,2026-03-19,17169.68,upi,failed,expired_card,payment_link,True,17169.68
PAY009634,CUST00488,2026-04-27,5630.11,netbanking,success,,no_action,False,0.0
PAY009635,CUST00962,2026-08-03,5267.52,wallet,success,,no_action,False,0.0
PAY009636,CUST00972,2026-07-10,19702.96,wallet,success,,no_action,False,0.0
PAY009637,CUST00225,2026-03-31,2098.29,wallet,success,,no_action,False,0.0
PAY009638,CUST00767,2026-05-29,17454.25,wallet,success,,no_action,False,0.0
PAY009639,CUST00258,2026-05-18,26764.5,card,success,,no_action,False,0.0
PAY009640,CUST00994,2026-05-07,4866.69,card,failed,authentication_failed,reminder,True,4866.69
PAY009641,CUST00776,2026-06-22,11759.1,upi,success,,no_action,False,0.0
PAY009642,CUST00936,2026-05-13,3087.48,upi,success,,no_action,False,0.0
PAY009643,CUST00936,2026-03-10,3603.42,upi,success,,no_action,False,0.0
PAY009644,CUST00966,2026-04-27,4782.39,card,success,,no_action,False,0.0
PAY009645,CUST00166,2026-06-01,609.54,wallet,failed,card_declined,payment_link,True,609.54
PAY009646,CUST00164,2026-07-11,1505.94,card,failed,authentication_failed,payment_link,True,1505.94
PAY009647,CUST00194,2026-04-12,28154.32,netbanking,failed,authentication_failed,payment_link,False,0.0
PAY009648,CUST00993,2026-07-11,3794.93,wallet,failed,card_declined,payment_link,False,0.0
PAY009649,CUST00619,2026-07-09,12977.07,netbanking,failed,timeout,reminder,True,12977.07
PAY009650,CUST00355,2026-03-23,22701.85,card,success,,no_action,False,0.0
PAY009651,CUST00819,2026-07-03,26545.73,upi,success,,no_action,False,0.0
PAY009652,CUST00838,2026-08-09,1910.97,upi,success,,no_action,False,0.0
PAY009653,CUST00003,2026-05-16,1077.61,netbanking,success,,no_action,False,0.0
PAY009654,CUST00201,2026-08-18,6344.43,upi,success,,no_action,False,0.0
PAY009655,CUST00465,2026-03-01,10134.24,wallet,success,,no_action,False,0.0
PAY009656,CUST00277,2026-04-22,8725.19,card,failed,authentication_failed,payment_link,False,0.0
PAY009657,CUST00190,2026-08-01,6875.69,upi,failed,insufficient_funds,payment_link,False,0.0
PAY009658,CUST00661,2026-06-23,12620.33,card,success,,no_action,False,0.0
PAY009659,CUST00231,2026-04-25,15400.42,upi,success,,no_action,False,0.0
PAY009660,CUST00004,2026-04-10,10693.15,wallet,success,,no_action,False,0.0
PAY009661,CUST00314,2026-03-19,13948.98,card,failed,insufficient_funds,payment_link,False,0.0
PAY009662,CUST00933,2026-08-03,2998.15,upi,success,,no_action,False,0.0
PAY009663,CUST00831,2026-05-14,8222.63,card,success,,no_action,False,0.0
PAY009664,CUST00872,2026-07-04,3734.67,card,success,,no_action,False,0.0
PAY009665,CUST00857,2026-05-29,25495.93,upi,failed,expired_card,reminder,False,0.0
PAY009666,CUST00181,2026-07-22,5868.55,card,success,,no_action,False,0.0
PAY009667,CUST00597,2026-03-21,13184.53,upi,failed,authentication_failed,payment_link,True,13184.53
PAY009668,CUST00957,2026-07-23,4859.73,wallet,success,,no_action,False,0.0
PAY009669,CUST00366,2026-06-01,2188.96,card,failed,authentication_failed,reminder,True,2188.96
PAY009670,CUST00283,2026-06-05,12979.55,netbanking,failed,card_declined,payment_link,True,12979.55
PAY009671,CUST00061,2026-04-02,1141.13,upi,success,,no_action,False,0.0
PAY009672,CUST00348,2026-03-04,15431.66,wallet,success,,no_action,False,0.0
PAY009673,CUST00035,2026-05-16,15148.53,wallet,failed,expired_card,reminder,True,15148.53
PAY009674,CUST00245,2026-06-21,19643.98,wallet,failed,card_declined,reminder,True,19643.98
PAY009675,CUST00995,2026-06-05,358.77,netbanking,failed,expired_card,payment_link,True,358.77
PAY009676,CUST00233,2026-03-17,8593.6,card,failed,insufficient_funds,reminder,True,8593.6
PAY009677,CUST00549,2026-03-21,24485.67,wallet,failed,expired_card,payment_link,True,24485.67
PAY009678,CUST00143,2026-04-19,7715.97,card,success,,no_action,False,0.0
PAY009679,CUST00978,2026-04-26,20231.59,upi,success,,no_action,False,0.0
PAY009680,CUST00452,2026-06-04,9759.58,card,success,,no_action,False,0.0
PAY009681,CUST00802,2026-04-07,593.28,upi,success,,no_action,False,0.0
PAY009682,CUST00885,2026-05-20,12516.05,upi,success,,no_action,False,0.0
PAY009683,CUST00289,2026-07-02,12286.29,netbanking,failed,timeout,reminder,True,12286.29
PAY009684,CUST00386,2026-06-16,10119.62,upi,success,,no_action,False,0.0
PAY009685,CUST00617,2026-05-23,8054.81,card,success,,no_action,False,0.0
PAY009686,CUST00231,2026-04-19,15841.28,netbanking,failed,expired_card,payment_link,True,15841.28
PAY009687,CUST00452,2026-06-04,15990.6,wallet,success,,no_action,False,0.0
PAY009688,CUST00764,2026-08-23,20958.99,upi,success,,no_action,False,0.0
PAY009689,CUST00494,2026-05-08,1393.07,wallet,success,,no_action,False,0.0
PAY009690,CUST00825,2026-04-03,24276.47,netbanking,failed,expired_card,payment_link,False,0.0
PAY009691,CUST00302,2026-06-15,19759.25,card,success,,no_action,False,0.0
PAY009692,CUST00267,2026-07-30,3596.93,upi,success,,no_action,False,0.0
PAY009693,CUST00461,2026-08-03,7589.07,upi,success,,no_action,False,0.0
PAY009694,CUST00863,2026-08-10,7451.39,wallet,success,,no_action,False,0.0
PAY009695,CUST00194,2026-06-15,19192.17,wallet,failed,card_declined,payment_link,True,19192.17
PAY009696,CUST00048,2026-05-24,24198.8,card,success,,no_action,False,0.0
PAY009697,CUST00241,2026-03-21,488.49,netbanking,success,,no_action,False,0.0
PAY009698,CUST00099,2026-04-13,6635.75,netbanking,success,,no_action,False,0.0
PAY009699,CUST00262,2026-08-08,26076.92,netbanking,success,,no_action,False,0.0
PAY009700,CUST00477,2026-06-12,5605.2,card,success,,no_action,False,0.0
PAY009701,CUST00858,2026-05-31,904.77,upi,success,,no_action,False,0.0
PAY009702,CUST00914,2026-04-24,4403.24,netbanking,failed,timeout,retry,True,4403.24
PAY009703,CUST00438,2026-08-01,24432.67,wallet,success,,no_action,False,0.0
PAY009704,CUST00460,2026-05-26,39320.6,wallet,success,,no_action,False,0.0
PAY009705,CUST00752,2026-07-11,22369.08,card,failed,expired_card,payment_link,True,22369.08
PAY009706,CUST00172,2026-07-07,2253.49,wallet,success,,no_action,False,0.0
PAY009707,CUST00262,2026-08-22,14658.56,netbanking,success,,no_action,False,0.0
PAY009708,CUST00912,2026-08-09,19201.91,wallet,success,,no_action,False,0.0
PAY009709,CUST00895,2026-07-06,2563.48,upi,failed,card_declined,reminder,True,2563.48
PAY009710,CUST00110,2026-07-15,8089.9,netbanking,success,,no_action,False,0.0
PAY009711,CUST00880,2026-03-25,9524.98,netbanking,success,,no_action,False,0.0
PAY009712,CUST00867,2026-04-07,5880.04,upi,success,,no_action,False,0.0
PAY009713,CUST00823,2026-04-10,1302.54,upi,success,,no_action,False,0.0
PAY009714,CUST00222,2026-04-04,22302.33,wallet,failed,insufficient_funds,reminder,False,0.0
PAY009715,CUST00746,2026-08-09,15095.71,netbanking,success,,no_action,False,0.0
PAY009716,CUST00395,2026-07-19,1323.47,upi,success,,no_action,False,0.0
PAY009717,CUST00868,2026-04-13,20281.97,netbanking,success,,no_action,False,0.0
PAY009718,CUST00043,2026-04-23,12049.4,upi,success,,no_action,False,0.0
PAY009719,CUST00701,2026-03-25,16717.07,netbanking,failed,expired_card,payment_link,False,0.0
PAY009720,CUST00637,2026-07-20,7204.71,wallet,success,,no_action,False,0.0
PAY009721,CUST00852,2026-07-02,27434.43,card,success,,no_action,False,0.0
PAY009722,CUST00336,2026-04-23,1951.35,card,success,,no_action,False,0.0
PAY009723,CUST00158,2026-03-21,9970.49,netbanking,success,,no_action,False,0.0
PAY009724,CUST00468,2026-08-25,10312.63,card,failed,insufficient_funds,reminder,False,0.0
PAY009725,CUST00497,2026-06-23,19704.61,netbanking,success,,no_action,False,0.0
PAY009726,CUST00606,2026-06-27,20120.74,card,success,,no_action,False,0.0
PAY009727,CUST00819,2026-06-20,17497.39,card,failed,authentication_failed,reminder,False,0.0
PAY009728,CUST00354,2026-06-11,9824.6,upi,success,,no_action,False,0.0
PAY009729,CUST00949,2026-08-11,12331.98,wallet,success,,no_action,False,0.0
PAY009730,CUST00835,2026-03-11,12886.3,wallet,success,,no_action,False,0.0
PAY009731,CUST00002,2026-03-31,15040.51,card,success,,no_action,False,0.0
PAY009732,CUST00380,2026-03-16,2923.72,wallet,success,,no_action,False,0.0
PAY009733,CUST00558,2026-07-03,4279.06,netbanking,failed,network_error,reminder,True,4279.06
PAY009734,CUST00064,2026-04-05,12705.95,card,success,,no_action,False,0.0
PAY009735,CUST00769,2026-07-19,11216.14,upi,success,,no_action,False,0.0
PAY009736,CUST00849,2026-03-22,14241.66,upi,failed,authentication_failed,payment_link,True,14241.66
PAY009737,CUST00866,2026-07-15,11066.04,card,success,,no_action,False,0.0
PAY009738,CUST00931,2026-07-20,5001.68,card,success,,no_action,False,0.0
PAY009739,CUST00201,2026-06-03,6495.95,card,success,,no_action,False,0.0
PAY009740,CUST00938,2026-07-08,9948.45,wallet,success,,no_action,False,0.0
PAY009741,CUST00923,2026-05-15,13923.95,card,success,,no_action,False,0.0
PAY009742,CUST00082,2026-04-12,26143.72,card,failed,network_error,reminder,True,26143.72
PAY009743,CUST00573,2026-05-02,21793.18,card,success,,no_action,False,0.0
PAY009744,CUST00792,2026-07-05,2318.66,upi,failed,authentication_failed,payment_link,False,0.0
PAY009745,CUST00647,2026-06-30,16650.42,upi,success,,no_action,False,0.0
PAY009746,CUST00021,2026-05-01,18033.13,upi,success,,no_action,False,0.0
PAY009747,CUST00875,2026-03-07,874.42,wallet,success,,no_action,False,0.0
PAY009748,CUST00996,2026-03-19,14262.79,upi,failed,timeout,payment_link,True,14262.79
PAY009749,CUST00865,2026-03-10,455.31,upi,failed,expired_card,reminder,True,455.31
PAY009750,CUST00340,2026-05-21,4436.29,wallet,failed,authentication_failed,payment_link,False,0.0
PAY009751,CUST00003,2026-06-13,1507.36,upi,failed,timeout,retry,True,1507.36
PAY009752,CUST00221,2026-08-13,6480.94,upi,failed,card_declined,reminder,True,6480.94
PAY009753,CUST00475,2026-03-29,13264.78,wallet,success,,no_action,False,0.0
PAY009754,CUST00865,2026-04-06,1498.03,upi,success,,no_action,False,0.0
PAY009755,CUST00018,2026-03-25,8385.63,upi,success,,no_action,False,0.0
PAY009756,CUST00797,2026-06-24,24383.06,wallet,success,,no_action,False,0.0
PAY009757,CUST00287,2026-07-01,5887.58,upi,success,,no_action,False,0.0
PAY009758,CUST00568,2026-04-16,3525.76,card,success,,no_action,False,0.0
PAY009759,CUST00630,2026-04-25,2655.32,netbanking,success,,no_action,False,0.0
PAY009760,CUST00033,2026-06-20,5292.69,wallet,success,,no_action,False,0.0
PAY009761,CUST00776,2026-04-07,10881.1,wallet,success,,no_action,False,0.0
PAY009762,CUST00971,2026-07-29,16843.36,wallet,failed,expired_card,reminder,False,0.0
PAY009763,CUST00072,2026-06-12,6363.96,netbanking,failed,network_error,reminder,True,6363.96
PAY009764,CUST00305,2026-05-04,3240.8,netbanking,failed,expired_card,payment_link,False,0.0
PAY009765,CUST00751,2026-03-28,2563.31,wallet,success,,no_action,False,0.0
PAY009766,CUST00252,2026-04-17,28107.65,wallet,success,,no_action,False,0.0
PAY009767,CUST00261,2026-04-11,14275.01,upi,success,,no_action,False,0.0
PAY009768,CUST00534,2026-04-04,3257.11,wallet,success,,no_action,False,0.0
PAY009769,CUST00960,2026-05-02,11542.82,wallet,failed,network_error,reminder,False,0.0
PAY009770,CUST00775,2026-05-15,16794.22,netbanking,success,,no_action,False,0.0
PAY009771,CUST00787,2026-05-24,2112.64,wallet,success,,no_action,False,0.0
PAY009772,CUST00644,2026-04-15,13026.85,netbanking,success,,no_action,False,0.0
PAY009773,CUST00914,2026-05-13,4540.92,upi,success,,no_action,False,0.0
PAY009774,CUST00240,2026-07-20,6071.14,wallet,success,,no_action,False,0.0
PAY009775,CUST00301,2026-04-30,3657.69,upi,failed,card_declined,payment_link,True,3657.69
PAY009776,CUST00313,2026-04-22,15461.48,netbanking,success,,no_action,False,0.0
PAY009777,CUST00358,2026-06-12,19031.86,upi,failed,authentication_failed,reminder,True,19031.86
PAY009778,CUST00836,2026-07-30,10333.26,netbanking,failed,timeout,retry,True,10333.26
PAY009779,CUST00924,2026-03-26,210.95,upi,failed,authentication_failed,reminder,True,210.95
PAY009780,CUST00207,2026-06-25,7796.25,upi,success,,no_action,False,0.0
PAY009781,CUST00655,2026-02-28,10665.08,card,failed,timeout,reminder,True,10665.08
PAY009782,CUST00102,2026-03-27,1275.52,netbanking,success,,no_action,False,0.0
PAY009783,CUST00948,2026-04-06,2149.07,card,success,,no_action,False,0.0
PAY009784,CUST00217,2026-08-01,3538.05,card,success,,no_action,False,0.0
PAY009785,CUST00280,2026-06-09,6434.24,netbanking,success,,no_action,False,0.0
PAY009786,CUST00346,2026-03-14,19883.56,card,success,,no_action,False,0.0
PAY009787,CUST00386,2026-06-18,18939.32,netbanking,success,,no_action,False,0.0
PAY009788,CUST00840,2026-05-31,39478.77,upi,success,,no_action,False,0.0
PAY009789,CUST00066,2026-08-09,28645.22,card,success,,no_action,False,0.0
PAY009790,CUST00593,2026-03-01,11423.28,netbanking,success,,no_action,False,0.0
PAY009791,CUST00037,2026-08-18,17216.35,upi,success,,no_action,False,0.0
PAY009792,CUST00385,2026-05-11,4178.83,netbanking,success,,no_action,False,0.0
PAY009793,CUST00150,2026-08-07,12897.89,upi,success,,no_action,False,0.0
PAY009794,CUST00539,2026-04-17,23441.73,upi,success,,no_action,False,0.0
PAY009795,CUST00957,2026-04-24,6096.93,wallet,success,,no_action,False,0.0
PAY009796,CUST00712,2026-04-30,16458.11,card,success,,no_action,False,0.0
PAY009797,CUST00082,2026-06-27,25588.68,upi,failed,authentication_failed,reminder,False,0.0
PAY009798,CUST00081,2026-04-14,13479.39,netbanking,success,,no_action,False,0.0
PAY009799,CUST00443,2026-06-02,22051.82,upi,success,,no_action,False,0.0
PAY009800,CUST00687,2026-04-17,9311.91,netbanking,failed,insufficient_funds,reminder,True,9311.91
PAY009801,CUST00519,2026-05-13,1396.76,card,success,,no_action,False,0.0
PAY009802,CUST00726,2026-05-17,3537.94,upi,failed,timeout,payment_link,False,0.0
PAY009803,CUST00931,2026-05-03,5566.77,netbanking,success,,no_action,False,0.0
PAY009804,CUST00253,2026-05-23,5538.84,netbanking,success,,no_action,False,0.0
PAY009805,CUST00137,2026-04-08,16512.2,wallet,success,,no_action,False,0.0
PAY009806,CUST00668,2026-07-31,6217.79,netbanking,success,,no_action,False,0.0
PAY009807,CUST00470,2026-05-10,20048.59,upi,success,,no_action,False,0.0
PAY009808,CUST00349,2026-03-04,10047.86,netbanking,success,,no_action,False,0.0
PAY009809,CUST00746,2026-03-26,10824.01,card,success,,no_action,False,0.0
PAY009810,CUST00308,2026-06-27,22909.46,wallet,success,,no_action,False,0.0
PAY009811,CUST00457,2026-08-11,5309.27,netbanking,success,,no_action,False,0.0
PAY009812,CUST00033,2026-08-03,3923.79,netbanking,success,,no_action,False,0.0
PAY009813,CUST00560,2026-04-22,3622.67,wallet,success,,no_action,False,0.0
PAY009814,CUST00243,2026-02-28,13007.91,netbanking,success,,no_action,False,0.0
PAY009815,CUST00034,2026-05-26,5421.3,upi,success,,no_action,False,0.0
PAY009816,CUST00965,2026-08-13,4327.13,upi,success,,no_action,False,0.0
PAY009817,CUST00188,2026-06-30,3895.83,upi,success,,no_action,False,0.0
PAY009818,CUST00685,2026-05-28,13165.56,upi,success,,no_action,False,0.0
PAY009819,CUST00162,2026-03-29,4967.92,wallet,success,,no_action,False,0.0
PAY009820,CUST00227,2026-03-27,6664.1,card,success,,no_action,False,0.0
PAY009821,CUST00065,2026-05-30,13831.57,upi,success,,no_action,False,0.0
PAY009822,CUST00571,2026-05-12,19022.04,upi,success,,no_action,False,0.0
PAY009823,CUST00853,2026-06-15,6192.13,netbanking,success,,no_action,False,0.0
PAY009824,CUST00594,2026-07-17,2827.05,netbanking,success,,no_action,False,0.0
PAY009825,CUST00508,2026-08-20,9048.52,wallet,failed,card_declined,payment_link,True,9048.52
PAY009826,CUST00906,2026-08-23,12186.74,upi,success,,no_action,False,0.0
PAY009827,CUST00686,2026-04-11,11312.6,card,failed,expired_card,payment_link,True,11312.6
PAY009828,CUST00339,2026-06-29,11880.38,wallet,success,,no_action,False,0.0
PAY009829,CUST00219,2026-04-18,8558.28,upi,success,,no_action,False,0.0
PAY009830,CUST00877,2026-04-06,2605.16,card,success,,no_action,False,0.0
PAY009831,CUST00001,2026-08-14,2320.94,wallet,success,,no_action,False,0.0
PAY009832,CUST00740,2026-04-06,9207.76,wallet,success,,no_action,False,0.0
PAY009833,CUST00683,2026-06-07,17713.53,card,success,,no_action,False,0.0
PAY009834,CUST00674,2026-03-10,6582.04,wallet,success,,no_action,False,0.0
PAY009835,CUST00710,2026-06-04,2484.07,netbanking,success,,no_action,False,0.0
PAY009836,CUST00385,2026-07-15,2312.82,card,failed,timeout,reminder,True,2312.82
PAY009837,CUST00322,2026-05-07,13295.4,netbanking,success,,no_action,False,0.0
PAY009838,CUST00299,2026-07-22,9418.51,card,success,,no_action,False,0.0
PAY009839,CUST00243,2026-06-03,11247.58,card,success,,no_action,False,0.0
PAY009840,CUST00775,2026-03-05,29797.87,netbanking,success,,no_action,False,0.0
PAY009841,CUST00175,2026-06-06,5579.77,card,success,,no_action,False,0.0
PAY009842,CUST00734,2026-06-10,15437.59,card,success,,no_action,False,0.0
PAY009843,CUST00256,2026-04-10,2943.26,card,success,,no_action,False,0.0
PAY009844,CUST00149,2026-05-27,3740.78,card,success,,no_action,False,0.0
PAY009845,CUST00409,2026-04-28,6970.97,card,success,,no_action,False,0.0
PAY009846,CUST00819,2026-08-16,24446.09,wallet,success,,no_action,False,0.0
PAY009847,CUST00298,2026-04-17,11959.54,netbanking,success,,no_action,False,0.0
PAY009848,CUST00031,2026-05-11,14242.09,card,success,,no_action,False,0.0
PAY009849,CUST00802,2026-06-26,588.94,wallet,success,,no_action,False,0.0
PAY009850,CUST00943,2026-05-12,1180.92,netbanking,success,,no_action,False,0.0
PAY009851,CUST00921,2026-06-08,7441.44,netbanking,failed,authentication_failed,reminder,True,7441.44
PAY009852,CUST00251,2026-05-30,17453.75,upi,success,,no_action,False,0.0
PAY009853,CUST00228,2026-06-22,19471.57,upi,failed,card_declined,payment_link,True,19471.57
PAY009854,CUST00753,2026-07-05,255.87,netbanking,success,,no_action,False,0.0
PAY009855,CUST00834,2026-05-23,8848.86,wallet,failed,card_declined,reminder,False,0.0
PAY009856,CUST00024,2026-03-09,9561.5,wallet,failed,network_error,payment_link,True,9561.5
PAY009857,CUST00959,2026-05-29,5372.77,netbanking,success,,no_action,False,0.0
PAY009858,CUST00729,2026-03-10,17274.89,upi,success,,no_action,False,0.0
PAY009859,CUST00431,2026-04-20,5977.17,netbanking,success,,no_action,False,0.0
PAY009860,CUST00140,2026-03-25,20076.67,wallet,failed,expired_card,payment_link,True,20076.67
PAY009861,CUST00665,2026-05-03,11779.55,netbanking,success,,no_action,False,0.0
PAY009862,CUST00201,2026-07-07,5238.46,wallet,success,,no_action,False,0.0
PAY009863,CUST00865,2026-02-27,1971.4,wallet,success,,no_action,False,0.0
PAY009864,CUST00904,2026-08-20,19102.59,card,success,,no_action,False,0.0
PAY009865,CUST00160,2026-04-22,2786.79,card,success,,no_action,False,0.0
PAY009866,CUST00544,2026-08-18,5668.28,card,success,,no_action,False,0.0
PAY009867,CUST00596,2026-07-05,11239.15,card,success,,no_action,False,0.0
PAY009868,CUST00607,2026-03-25,3917.25,upi,success,,no_action,False,0.0
PAY009869,CUST00977,2026-05-22,3149.6,upi,success,,no_action,False,0.0
PAY009870,CUST00003,2026-03-16,1009.11,card,success,,no_action,False,0.0
PAY009871,CUST00477,2026-03-06,5414.12,card,success,,no_action,False,0.0
PAY009872,CUST00989,2026-08-20,11211.32,wallet,success,,no_action,False,0.0
PAY009873,CUST00863,2026-07-28,7367.47,wallet,success,,no_action,False,0.0
PAY009874,CUST00802,2026-08-20,863.89,card,success,,no_action,False,0.0
PAY009875,CUST00531,2026-06-09,11147.61,card,success,,no_action,False,0.0
PAY009876,CUST00894,2026-03-18,2308.45,wallet,success,,no_action,False,0.0
PAY009877,CUST00500,2026-08-02,499.28,upi,success,,no_action,False,0.0
PAY009878,CUST00787,2026-04-28,3425.06,wallet,failed,authentication_failed,reminder,True,3425.06
PAY009879,CUST00334,2026-06-15,15617.6,wallet,success,,no_action,False,0.0
PAY009880,CUST00820,2026-04-30,6956.78,upi,failed,expired_card,payment_link,True,6956.78
PAY009881,CUST00976,2026-07-08,9113.93,card,success,,no_action,False,0.0
PAY009882,CUST00900,2026-06-14,25624.22,upi,success,,no_action,False,0.0
PAY009883,CUST00642,2026-06-22,11752.84,upi,success,,no_action,False,0.0
PAY009884,CUST00174,2026-05-21,14091.67,wallet,success,,no_action,False,0.0
PAY009885,CUST00258,2026-04-16,20019.23,upi,success,,no_action,False,0.0
PAY009886,CUST00295,2026-05-22,13584.03,card,success,,no_action,False,0.0
PAY009887,CUST00025,2026-05-16,6397.49,card,success,,no_action,False,0.0
PAY009888,CUST00607,2026-07-05,5432.43,wallet,success,,no_action,False,0.0
PAY009889,CUST00452,2026-05-17,10131.81,netbanking,success,,no_action,False,0.0
PAY009890,CUST00312,2026-03-27,687.75,netbanking,success,,no_action,False,0.0
PAY009891,CUST00528,2026-07-18,2223.45,wallet,success,,no_action,False,0.0
PAY009892,CUST00676,2026-03-30,3516.29,upi,success,,no_action,False,0.0
PAY009893,CUST00916,2026-05-26,23540.42,wallet,failed,expired_card,reminder,False,0.0
PAY009894,CUST00060,2026-05-24,17600.68,upi,success,,no_action,False,0.0
PAY009895,CUST00068,2026-07-15,20787.59,wallet,success,,no_action,False,0.0
PAY009896,CUST00722,2026-06-13,7573.38,wallet,success,,no_action,False,0.0
PAY009897,CUST00635,2026-05-05,7534.03,upi,success,,no_action,False,0.0
PAY009898,CUST00301,2026-03-20,5420.52,wallet,failed,insufficient_funds,payment_link,True,5420.52
PAY009899,CUST00170,2026-03-20,2521.91,upi,success,,no_action,False,0.0
PAY009900,CUST00027,2026-06-23,6798.37,wallet,success,,no_action,False,0.0
PAY009901,CUST00847,2026-06-03,21313.2,wallet,success,,no_action,False,0.0
PAY009902,CUST00376,2026-06-13,9696.01,wallet,failed,timeout,reminder,False,0.0
PAY009903,CUST00838,2026-06-02,1946.35,upi,failed,card_declined,payment_link,True,1946.35
PAY009904,CUST00452,2026-05-16,11372.6,wallet,success,,no_action,False,0.0
PAY009905,CUST00868,2026-06-26,43955.77,netbanking,success,,no_action,False,0.0
PAY009906,CUST00924,2026-08-25,603.02,card,failed,insufficient_funds,payment_link,True,603.02
PAY009907,CUST00057,2026-04-29,15968.7,netbanking,success,,no_action,False,0.0
PAY009908,CUST00344,2026-08-20,1402.8,upi,success,,no_action,False,0.0
PAY009909,CUST00117,2026-03-11,24726.25,upi,success,,no_action,False,0.0
PAY009910,CUST00217,2026-05-09,2427.15,card,failed,network_error,reminder,True,2427.15
PAY009911,CUST00923,2026-07-06,11374.46,netbanking,success,,no_action,False,0.0
PAY009912,CUST00511,2026-07-07,17267.87,wallet,success,,no_action,False,0.0
PAY009913,CUST00312,2026-05-28,409.8,wallet,success,,no_action,False,0.0
PAY009914,CUST00477,2026-05-11,7136.71,wallet,success,,no_action,False,0.0
PAY009915,CUST00895,2026-08-10,3506.27,netbanking,success,,no_action,False,0.0
PAY009916,CUST00889,2026-04-12,9146.58,card,failed,authentication_failed,reminder,False,0.0
PAY009917,CUST00820,2026-07-13,4860.95,netbanking,success,,no_action,False,0.0
PAY009918,CUST00881,2026-06-07,10603.42,upi,failed,network_error,reminder,True,10603.42
PAY009919,CUST00402,2026-03-03,10826.53,netbanking,success,,no_action,False,0.0
PAY009920,CUST00235,2026-04-25,1081.26,upi,failed,expired_card,payment_link,True,1081.26
PAY009921,CUST00051,2026-05-06,668.06,netbanking,success,,no_action,False,0.0
PAY009922,CUST00774,2026-06-19,2915.75,upi,success,,no_action,False,0.0
PAY009923,CUST00417,2026-04-12,4661.46,upi,success,,no_action,False,0.0
PAY009924,CUST00860,2026-06-27,14434.6,netbanking,success,,no_action,False,0.0
PAY009925,CUST00448,2026-07-14,748.0,wallet,failed,insufficient_funds,payment_link,False,0.0
PAY009926,CUST00277,2026-05-14,19199.01,upi,failed,authentication_failed,payment_link,True,19199.01
PAY009927,CUST00792,2026-06-07,1748.2,wallet,success,,no_action,False,0.0
PAY009928,CUST00072,2026-07-01,6528.85,upi,failed,authentication_failed,payment_link,True,6528.85
PAY009929,CUST00386,2026-08-06,24404.76,upi,success,,no_action,False,0.0
PAY009930,CUST00329,2026-03-28,9509.11,wallet,failed,expired_card,payment_link,False,0.0
PAY009931,CUST00353,2026-08-09,3428.79,upi,failed,expired_card,payment_link,False,0.0
PAY009932,CUST00591,2026-03-14,3584.76,netbanking,success,,no_action,False,0.0
PAY009933,CUST00183,2026-05-21,38612.08,card,success,,no_action,False,0.0
PAY009934,CUST00591,2026-03-05,5815.89,card,success,,no_action,False,0.0
PAY009935,CUST00889,2026-06-09,11862.4,wallet,success,,no_action,False,0.0
PAY009936,CUST00734,2026-04-29,13051.53,netbanking,success,,no_action,False,0.0
PAY009937,CUST00818,2026-08-07,4907.64,card,success,,no_action,False,0.0
PAY009938,CUST00153,2026-08-05,9853.83,netbanking,success,,no_action,False,0.0
PAY009939,CUST00451,2026-06-06,5543.7,wallet,success,,no_action,False,0.0
PAY009940,CUST00167,2026-06-26,12059.19,card,success,,no_action,False,0.0
PAY009941,CUST00621,2026-03-23,16318.71,netbanking,failed,timeout,payment_link,False,0.0
PAY009942,CUST00036,2026-07-02,10628.09,card,success,,no_action,False,0.0
PAY009943,CUST00914,2026-03-20,4518.3,card,success,,no_action,False,0.0
PAY009944,CUST00925,2026-07-01,32582.33,wallet,failed,insufficient_funds,escalate,False,0.0
PAY009945,CUST00701,2026-08-20,14352.61,upi,success,,no_action,False,0.0
PAY009946,CUST00062,2026-03-18,3395.03,netbanking,success,,no_action,False,0.0
PAY009947,CUST00638,2026-06-07,3080.17,netbanking,success,,no_action,False,0.0
PAY009948,CUST00402,2026-05-07,11111.84,upi,success,,no_action,False,0.0
PAY009949,CUST00360,2026-06-16,1507.3,netbanking,failed,authentication_failed,reminder,False,0.0
PAY009950,CUST00798,2026-04-21,2476.47,wallet,success,,no_action,False,0.0
PAY009951,CUST00453,2026-08-18,7345.3,wallet,success,,no_action,False,0.0
PAY009952,CUST00906,2026-03-14,14837.88,wallet,success,,no_action,False,0.0
PAY009953,CUST00590,2026-06-28,1578.58,card,success,,no_action,False,0.0
PAY009954,CUST00002,2026-02-26,11686.38,wallet,success,,no_action,False,0.0
PAY009955,CUST00131,2026-05-07,13883.94,wallet,success,,no_action,False,0.0
PAY009956,CUST00314,2026-07-05,18057.04,netbanking,success,,no_action,False,0.0
PAY009957,CUST00869,2026-07-15,20602.47,card,success,,no_action,False,0.0
PAY009958,CUST00509,2026-05-10,1068.28,card,success,,no_action,False,0.0
PAY009959,CUST00434,2026-07-14,10144.52,netbanking,failed,insufficient_funds,payment_link,False,0.0
PAY009960,CUST00425,2026-07-06,12312.27,netbanking,success,,no_action,False,0.0
PAY009961,CUST00499,2026-02-27,8424.23,upi,success,,no_action,False,0.0
PAY009962,CUST00215,2026-07-17,12819.42,upi,success,,no_action,False,0.0
PAY009963,CUST00880,2026-04-19,16384.03,card,success,,no_action,False,0.0
PAY009964,CUST00482,2026-07-01,17555.32,netbanking,success,,no_action,False,0.0
PAY009965,CUST00545,2026-08-22,1971.98,netbanking,success,,no_action,False,0.0
PAY009966,CUST00919,2026-04-03,18495.74,wallet,failed,card_declined,escalate,True,18495.74
PAY009967,CUST00267,2026-07-05,4280.8,upi,success,,no_action,False,0.0
PAY009968,CUST00115,2026-04-11,14508.47,upi,success,,no_action,False,0.0
PAY009969,CUST00355,2026-04-08,16943.78,netbanking,success,,no_action,False,0.0
PAY009970,CUST00432,2026-04-28,1184.9,wallet,success,,no_action,False,0.0
PAY009971,CUST00709,2026-05-17,17633.73,card,success,,no_action,False,0.0
PAY009972,CUST00379,2026-05-10,2276.01,wallet,success,,no_action,False,0.0
PAY009973,CUST00789,2026-04-04,13854.61,wallet,success,,no_action,False,0.0
PAY009974,CUST00828,2026-06-15,10253.88,netbanking,success,,no_action,False,0.0
PAY009975,CUST00003,2026-03-15,1418.61,card,success,,no_action,False,0.0
PAY009976,CUST00063,2026-05-17,14743.45,card,success,,no_action,False,0.0
PAY009977,CUST00539,2026-08-06,22928.32,wallet,success,,no_action,False,0.0
PAY009978,CUST00471,2026-06-05,7818.78,upi,success,,no_action,False,0.0
PAY009979,CUST00628,2026-08-01,8929.09,upi,success,,no_action,False,0.0
PAY009980,CUST00785,2026-04-17,7774.7,upi,success,,no_action,False,0.0
PAY009981,CUST00742,2026-04-20,13501.2,wallet,success,,no_action,False,0.0
PAY009982,CUST00565,2026-07-11,2511.78,wallet,success,,no_action,False,0.0
PAY009983,CUST00154,2026-06-17,8059.39,wallet,success,,no_action,False,0.0
PAY009984,CUST00990,2026-04-03,11415.42,card,failed,network_error,payment_link,True,11415.42
PAY009985,CUST00256,2026-07-01,2034.8,upi,success,,no_action,False,0.0
PAY009986,CUST00239,2026-07-24,24866.64,netbanking,success,,no_action,False,0.0
PAY009987,CUST00619,2026-08-15,11024.16,netbanking,failed,authentication_failed,payment_link,True,11024.16
PAY009988,CUST00202,2026-08-02,3546.33,upi,failed,card_declined,reminder,True,3546.33
PAY009989,CUST00743,2026-04-06,10901.31,wallet,success,,no_action,False,0.0
PAY009990,CUST00419,2026-03-20,27735.22,wallet,success,,no_action,False,0.0
PAY009991,CUST00920,2026-07-13,27152.84,wallet,failed,network_error,payment_link,False,0.0
PAY009992,CUST00874,2026-08-24,8022.39,wallet,failed,timeout,retry,True,8022.39
PAY009993,CUST00617,2026-07-23,4266.9,card,failed,insufficient_funds,reminder,True,4266.9
PAY009994,CUST00449,2026-07-22,20405.44,netbanking,failed,authentication_failed,reminder,False,0.0
PAY009995,CUST00917,2026-06-30,11275.74,netbanking,success,,no_action,False,0.0
PAY009996,CUST00288,2026-04-02,20759.62,card,failed,card_declined,payment_link,False,0.0
PAY009997,CUST00398,2026-07-18,20070.55,upi,success,,no_action,False,0.0
PAY009998,CUST00710,2026-06-05,6314.52,wallet,success,,no_action,False,0.0
PAY009999,CUST00359,2026-03-18,5219.34,card,failed,network_error,payment_link,False,0.0
PAY010000,CUST00217,2026-03-03,3553.93,upi,success,,no_action,False,0.0
